/*
SQLyog Ultimate v10.00 Beta1
MySQL - 5.6.39 : Database - ritter
*********************************************************************
*/


/*!40101 SET NAMES utf8 */;

/*!40101 SET SQL_MODE=''*/;

/*!40014 SET @OLD_UNIQUE_CHECKS=@@UNIQUE_CHECKS, UNIQUE_CHECKS=0 */;
/*!40014 SET @OLD_FOREIGN_KEY_CHECKS=@@FOREIGN_KEY_CHECKS, FOREIGN_KEY_CHECKS=0 */;
/*!40101 SET @OLD_SQL_MODE=@@SQL_MODE, SQL_MODE='NO_AUTO_VALUE_ON_ZERO' */;
/*!40111 SET @OLD_SQL_NOTES=@@SQL_NOTES, SQL_NOTES=0 */;
CREATE DATABASE /*!32312 IF NOT EXISTS*/`ritter` /*!40100 DEFAULT CHARACTER SET latin1 */;

USE `ritter`;

/*Table structure for table `assign_client_to_builder` */

DROP TABLE IF EXISTS `assign_client_to_builder`;

CREATE TABLE `assign_client_to_builder` (
  `id` int(10) unsigned NOT NULL AUTO_INCREMENT,
  `client_id` int(11) DEFAULT NULL,
  `client_builder_id` int(11) DEFAULT NULL,
  `created_at` timestamp NULL DEFAULT NULL,
  `updated_at` timestamp NULL DEFAULT NULL,
  PRIMARY KEY (`id`)
) ENGINE=InnoDB AUTO_INCREMENT=55 DEFAULT CHARSET=utf8mb4 COLLATE=utf8mb4_unicode_ci;

/*Data for the table `assign_client_to_builder` */

insert  into `assign_client_to_builder`(`id`,`client_id`,`client_builder_id`,`created_at`,`updated_at`) values (2,1,1,NULL,NULL),(7,6,1,NULL,NULL),(10,9,1,NULL,NULL),(14,13,1,NULL,NULL),(15,14,1,NULL,NULL),(30,20,5,NULL,NULL),(31,19,1,NULL,NULL),(35,21,1,NULL,NULL),(37,23,1,'2018-04-06 05:52:56','2018-04-06 05:52:56'),(38,25,1,'2018-04-06 06:05:11','2018-04-06 06:05:11'),(44,37,1,'2018-04-06 06:22:55','2018-04-06 06:22:55'),(47,40,5,'2018-04-06 22:29:55','2018-04-06 22:29:55'),(49,41,1,'2018-04-17 11:36:18','2018-04-17 11:36:18'),(53,44,5,'2018-06-07 12:02:46','2018-06-07 12:02:46'),(54,45,6,'2018-06-07 12:05:08','2018-06-07 12:05:08');

/*Table structure for table `assign_job_to_builder` */

DROP TABLE IF EXISTS `assign_job_to_builder`;

CREATE TABLE `assign_job_to_builder` (
  `id` int(10) unsigned NOT NULL AUTO_INCREMENT,
  `job_id` int(11) DEFAULT NULL,
  `job_builder_id` int(11) DEFAULT NULL,
  `created_at` timestamp NULL DEFAULT NULL,
  `updated_at` timestamp NULL DEFAULT NULL,
  PRIMARY KEY (`id`)
) ENGINE=InnoDB AUTO_INCREMENT=140 DEFAULT CHARSET=utf8mb4 COLLATE=utf8mb4_unicode_ci;

/*Data for the table `assign_job_to_builder` */

insert  into `assign_job_to_builder`(`id`,`job_id`,`job_builder_id`,`created_at`,`updated_at`) values (9,53,5,'2018-04-04 12:02:18','2018-04-04 12:02:18'),(14,55,1,'2018-04-05 01:28:47','2018-04-05 01:28:47'),(15,45,1,'2018-04-05 01:29:52','2018-04-05 01:29:52'),(16,51,1,'2018-04-05 01:30:19','2018-04-05 01:30:19'),(18,62,1,'2018-04-05 06:05:45','2018-04-05 06:05:45'),(22,67,5,'2018-04-06 08:00:05','2018-04-06 08:00:05'),(23,68,1,'2018-04-06 12:52:10','2018-04-06 12:52:10'),(24,69,1,'2018-04-06 12:52:49','2018-04-06 12:52:49'),(28,73,1,'2018-04-10 09:27:06','2018-04-10 09:27:06'),(29,74,1,'2018-04-10 09:27:37','2018-04-10 09:27:37'),(36,78,5,'2018-04-10 12:10:17','2018-04-10 12:10:17'),(42,84,5,'2018-04-10 12:12:16','2018-04-10 12:12:16'),(50,92,1,'2018-04-10 14:35:26','2018-04-10 14:35:26'),(55,95,6,'2018-04-11 07:47:31','2018-04-11 07:47:31'),(58,98,1,'2018-04-11 07:48:11','2018-04-11 07:48:11'),(63,99,1,'2018-04-11 12:42:49','2018-04-11 12:42:49'),(64,100,1,'2018-04-11 13:06:51','2018-04-11 13:06:51'),(67,101,1,'2018-04-11 13:10:19','2018-04-11 13:10:19'),(70,104,1,'2018-04-11 13:39:27','2018-04-11 13:39:27'),(72,106,1,'2018-04-12 09:12:08','2018-04-12 09:12:08'),(74,108,1,'2018-04-12 09:17:13','2018-04-12 09:17:13'),(75,107,1,'2018-04-12 10:44:05','2018-04-12 10:44:05'),(76,109,1,'2018-04-12 11:03:31','2018-04-12 11:03:31'),(87,112,1,'2018-04-17 11:37:43','2018-04-17 11:37:43'),(90,113,1,'2018-04-18 09:20:32','2018-04-18 09:20:32'),(92,110,1,'2018-04-18 10:37:42','2018-04-18 10:37:42'),(103,116,1,'2018-05-15 19:36:04','2018-05-15 19:36:04'),(108,119,1,'2018-06-11 16:55:49','2018-06-11 16:55:49'),(109,120,1,'2018-06-11 17:17:23','2018-06-11 17:17:23'),(111,121,1,'2018-06-11 17:19:51','2018-06-11 17:19:51'),(112,122,1,'2018-06-12 02:55:27','2018-06-12 02:55:27'),(113,118,1,'2018-06-12 06:14:06','2018-06-12 06:14:06'),(116,123,1,'2018-06-12 17:10:39','2018-06-12 17:10:39'),(118,125,1,'2018-06-13 17:58:34','2018-06-13 17:58:34'),(120,126,1,'2018-06-13 18:02:26','2018-06-13 18:02:26'),(121,127,5,'2018-06-14 06:00:24','2018-06-14 06:00:24'),(124,130,5,'2018-06-14 14:26:08','2018-06-14 14:26:08'),(125,129,5,'2018-06-14 14:26:20','2018-06-14 14:26:20'),(126,128,6,'2018-06-14 14:26:32','2018-06-14 14:26:32'),(128,124,5,'2018-06-14 14:28:11','2018-06-14 14:28:11'),(129,131,5,'2018-06-14 14:30:01','2018-06-14 14:30:01'),(130,132,5,'2018-06-14 14:31:12','2018-06-14 14:31:12'),(131,133,5,'2018-06-14 14:38:02','2018-06-14 14:38:02'),(133,134,5,'2018-06-14 14:41:05','2018-06-14 14:41:05'),(137,136,6,'2018-06-18 11:27:34','2018-06-18 11:27:34'),(138,135,6,'2018-06-18 11:29:09','2018-06-18 11:29:09'),(139,117,5,'2018-06-18 11:31:07','2018-06-18 11:31:07');

/*Table structure for table `builder` */

DROP TABLE IF EXISTS `builder`;

CREATE TABLE `builder` (
  `id` int(10) unsigned NOT NULL AUTO_INCREMENT,
  `name` varchar(191) COLLATE utf8mb4_unicode_ci DEFAULT NULL,
  `address` longtext COLLATE utf8mb4_unicode_ci,
  `email` varchar(191) COLLATE utf8mb4_unicode_ci DEFAULT NULL,
  `phone` varchar(191) COLLATE utf8mb4_unicode_ci DEFAULT NULL,
  `status` varchar(191) COLLATE utf8mb4_unicode_ci DEFAULT 'active',
  `deleted_at` timestamp NULL DEFAULT NULL,
  `created_at` timestamp NULL DEFAULT NULL,
  `updated_at` timestamp NULL DEFAULT NULL,
  PRIMARY KEY (`id`)
) ENGINE=InnoDB AUTO_INCREMENT=12 DEFAULT CHARSET=utf8mb4 COLLATE=utf8mb4_unicode_ci;

/*Data for the table `builder` */

insert  into `builder`(`id`,`name`,`address`,`email`,`phone`,`status`,`deleted_at`,`created_at`,`updated_at`) values (1,'None','None','none@gmail.com','4567889823','active',NULL,'2018-04-03 09:46:40','2018-04-03 14:55:38'),(2,'ashvini1','srfrsdf\r\ndfsdf','rwe1@gmail.com','4567889823','active','2018-05-09 14:07:58','2018-04-03 09:48:51','2018-05-09 14:07:58'),(3,'builder 3','Green Tower, Street Name, New York City, USA','rewe@gmail.com','4567889823','active','2018-05-15 23:29:57','2018-04-03 09:49:07','2018-05-15 23:29:57'),(4,'builder 4','srfrsdf\r\ndfsdf','rwde@gmail.com','4567889823','active','2018-05-15 23:29:54','2018-04-03 09:49:18','2018-05-15 23:29:54'),(5,'Signature Building and Design','902 Park Ave, Winona Lake, 46590','signaturebuildinganddesign@yahoo.com','2603120003','active',NULL,'2018-04-03 14:58:16','2018-04-03 14:58:16'),(6,'Buhrt Builders','1102 S Huntington St, Syracuse, IN 46567','matt@buhrtbuilders.com','5744573431','active',NULL,'2018-04-03 15:03:14','2018-04-03 15:03:14'),(7,'fr','werw','wer@gmail.com','4567889823','active','2018-04-04 11:34:11','2018-04-04 11:33:40','2018-04-04 11:34:11'),(8,'test','Ahmedabad','a@gmail.com','9090909090','active','2018-05-08 17:44:36','2018-04-09 19:20:32','2018-05-08 17:44:36'),(9,'Bapu Builder','Thaltej,Ahmedabad','jitendra.citrusbug@gmail.com','0987654321','active','2018-05-08 17:44:34','2018-04-12 07:49:11','2018-05-08 17:44:34'),(10,'ytut','utyuytu','rwyuye@gmail.com','4567889823','active','2018-04-17 11:37:01','2018-04-17 11:36:53','2018-04-17 11:37:01'),(11,'Chetan','Usmanpura','chetan.citrusbug@gmail.com','7894561230','active','2018-05-09 13:45:05','2018-05-09 13:43:05','2018-05-09 13:45:05');

/*Table structure for table `category` */

DROP TABLE IF EXISTS `category`;

CREATE TABLE `category` (
  `id` int(10) unsigned NOT NULL AUTO_INCREMENT,
  `parent_id` int(11) DEFAULT NULL,
  `name` varchar(191) COLLATE utf8mb4_unicode_ci NOT NULL,
  `status` varchar(191) COLLATE utf8mb4_unicode_ci DEFAULT 'active',
  `deleted_at` timestamp NULL DEFAULT NULL,
  `created_by` date NOT NULL DEFAULT '2018-02-14',
  `created_at` timestamp NULL DEFAULT NULL,
  `updated_at` timestamp NULL DEFAULT NULL,
  PRIMARY KEY (`id`)
) ENGINE=InnoDB AUTO_INCREMENT=24 DEFAULT CHARSET=utf8mb4 COLLATE=utf8mb4_unicode_ci;

/*Data for the table `category` */

insert  into `category`(`id`,`parent_id`,`name`,`status`,`deleted_at`,`created_by`,`created_at`,`updated_at`) values (1,NULL,'cat1','active','2018-02-14 12:53:57','2018-01-30','2018-01-31 05:09:02','2018-02-14 12:53:57'),(2,NULL,'iok','inactive','2018-02-15 06:50:06','2018-01-30','2018-01-31 05:09:10','2018-02-15 06:50:06'),(3,NULL,'cact3','active','2018-05-08 17:49:20','2018-01-30','2018-01-31 05:09:18','2018-05-08 17:49:20'),(4,NULL,'hetal','active','2018-05-08 17:49:18','2018-01-30','2018-02-07 06:35:38','2018-05-08 17:49:18'),(5,NULL,'hetal1','inactive','2018-02-14 06:45:19','2018-01-30','2018-02-07 06:36:05','2018-02-14 06:45:19'),(6,NULL,'casdyadws','active','2018-05-08 17:49:15','2018-02-14','2018-02-15 06:46:31','2018-05-08 17:49:15'),(7,NULL,'Foods','active','2018-05-08 17:49:13','2018-02-14','2018-02-23 09:15:00','2018-05-08 17:49:13'),(8,NULL,'Paint','active','2018-05-08 17:49:11','2018-02-14','2018-02-23 09:15:41','2018-05-08 17:49:11'),(9,NULL,'It category','active','2018-02-23 09:16:21','2018-02-14','2018-02-23 09:15:58','2018-02-23 09:16:21'),(10,NULL,'It Categories','active','2018-05-08 17:49:08','2018-02-14','2018-02-23 09:16:37','2018-05-08 17:49:08'),(11,NULL,'Milk','inactive','2018-05-08 17:49:06','2018-02-14','2018-02-23 09:17:02','2018-05-08 17:49:06'),(12,NULL,'Spicy','inactive','2018-05-08 17:49:03','2018-02-14','2018-02-23 09:17:16','2018-05-08 17:49:03'),(13,NULL,'Pizza','active','2018-05-08 17:49:01','2018-02-14','2018-03-01 12:27:09','2018-05-08 17:49:01'),(14,NULL,'pLUMBING dRAIN LINES','active','2018-04-18 13:07:04','2018-02-14','2018-03-27 14:41:27','2018-04-18 13:07:04'),(15,NULL,'Plumbing','active','2018-05-08 17:49:22','2018-02-14','2018-04-06 22:50:34','2018-05-08 17:49:22'),(16,NULL,'Gifts','active','2018-05-08 17:48:58','2018-02-14','2018-04-18 13:06:39','2018-05-08 17:48:58'),(17,NULL,'pipes','active','2018-05-15 23:29:32','2018-02-14','2018-05-15 19:37:50','2018-05-15 23:29:32'),(18,NULL,'Electrical','active',NULL,'2018-02-14','2018-06-07 12:15:51','2018-06-07 12:15:51'),(19,NULL,'Plumber','active',NULL,'2018-02-14','2018-06-07 12:16:01','2018-06-07 12:16:01'),(20,NULL,'Constructions','active',NULL,'2018-02-14','2018-06-07 12:16:26','2018-06-18 06:09:44'),(21,NULL,'Plumbinning','active',NULL,'2018-02-14','2018-06-07 12:16:53','2018-06-07 12:16:53'),(22,NULL,'Heating','active',NULL,'2018-02-14','2018-06-18 11:01:48','2018-06-18 11:01:48'),(23,NULL,'Cooling','active',NULL,'2018-02-14','2018-06-18 11:02:01','2018-06-18 11:02:01');

/*Table structure for table `cities` */

DROP TABLE IF EXISTS `cities`;

CREATE TABLE `cities` (
  `id` int(10) unsigned NOT NULL AUTO_INCREMENT,
  `name` varchar(191) COLLATE utf8mb4_unicode_ci NOT NULL,
  `state_id` int(11) NOT NULL,
  `created_at` timestamp NULL DEFAULT NULL,
  `updated_at` timestamp NULL DEFAULT NULL,
  PRIMARY KEY (`id`)
) ENGINE=InnoDB AUTO_INCREMENT=1346 DEFAULT CHARSET=utf8mb4 COLLATE=utf8mb4_unicode_ci;

/*Data for the table `cities` */

insert  into `cities`(`id`,`name`,`state_id`,`created_at`,`updated_at`) values (1,'Afonso Cláudio',8,'2018-01-30 09:34:41',NULL),(2,'Água Doce do Norte',8,'2018-01-30 09:34:41',NULL),(3,'Águia Branca',8,'2018-01-30 09:34:41',NULL),(4,'Alegre',8,'2018-01-30 09:34:41',NULL),(5,'Alfredo Chaves',8,'2018-01-30 09:34:41',NULL),(6,'Alto Rio Novo',8,'2018-01-30 09:34:41',NULL),(7,'Anchieta',8,'2018-01-30 09:34:41',NULL),(8,'Apiacá',8,'2018-01-30 09:34:41',NULL),(9,'Aracruz',8,'2018-01-30 09:34:41',NULL),(10,'Atilio Vivacqua',8,'2018-01-30 09:34:41',NULL),(11,'Baixo Guandu',8,'2018-01-30 09:34:41',NULL),(12,'Barra de São Francisco',8,'2018-01-30 09:34:41',NULL),(13,'Boa Esperança',8,'2018-01-30 09:34:41',NULL),(14,'Bom Jesus do Norte',8,'2018-01-30 09:34:41',NULL),(15,'Brejetuba',8,'2018-01-30 09:34:41',NULL),(16,'Cachoeiro de Itapemirim',8,'2018-01-30 09:34:41',NULL),(17,'Cariacica',8,'2018-01-30 09:34:41',NULL),(18,'Castelo',8,'2018-01-30 09:34:41',NULL),(19,'Colatina',8,'2018-01-30 09:34:41',NULL),(20,'Conceição da Barra',8,'2018-01-30 09:34:41',NULL),(21,'Conceição do Castelo',8,'2018-01-30 09:34:41',NULL),(22,'Divino de São Lourenço',8,'2018-01-30 09:34:41',NULL),(23,'Domingos Martins',8,'2018-01-30 09:34:41',NULL),(24,'Dores do Rio Preto',8,'2018-01-30 09:34:41',NULL),(25,'Ecoporanga',8,'2018-01-30 09:34:41',NULL),(26,'Fundão',8,'2018-01-30 09:34:41',NULL),(27,'Governador Lindenberg',8,'2018-01-30 09:34:41',NULL),(28,'Guaçuí',8,'2018-01-30 09:34:41',NULL),(29,'Guarapari',8,'2018-01-30 09:34:41',NULL),(30,'Ibatiba',8,'2018-01-30 09:34:41',NULL),(31,'Ibiraçu',8,'2018-01-30 09:34:41',NULL),(32,'Ibitirama',8,'2018-01-30 09:34:41',NULL),(33,'Iconha',8,'2018-01-30 09:34:41',NULL),(34,'Irupi',8,'2018-01-30 09:34:41',NULL),(35,'Itaguaçu',8,'2018-01-30 09:34:41',NULL),(36,'Itapemirim',8,'2018-01-30 09:34:41',NULL),(37,'Itarana',8,'2018-01-30 09:34:41',NULL),(38,'Iúna',8,'2018-01-30 09:34:41',NULL),(39,'Jaguaré',8,'2018-01-30 09:34:41',NULL),(40,'Jerônimo Monteiro',8,'2018-01-30 09:34:41',NULL),(41,'João Neiva',8,'2018-01-30 09:34:41',NULL),(42,'Laranja da Terra',8,'2018-01-30 09:34:41',NULL),(43,'Linhares',8,'2018-01-30 09:34:41',NULL),(44,'Mantenópolis',8,'2018-01-30 09:34:41',NULL),(45,'Marataízes',8,'2018-01-30 09:34:41',NULL),(46,'Marechal Floriano',8,'2018-01-30 09:34:41',NULL),(47,'Marilândia',8,'2018-01-30 09:34:41',NULL),(48,'Mimoso do Sul',8,'2018-01-30 09:34:41',NULL),(49,'Montanha',8,'2018-01-30 09:34:41',NULL),(50,'Mucurici',8,'2018-01-30 09:34:41',NULL),(51,'Muniz Freire',8,'2018-01-30 09:34:41',NULL),(52,'Muqui',8,'2018-01-30 09:34:41',NULL),(53,'Nova Venécia',8,'2018-01-30 09:34:41',NULL),(54,'Pancas',8,'2018-01-30 09:34:41',NULL),(55,'Pedro Canário',8,'2018-01-30 09:34:41',NULL),(56,'Pinheiros',8,'2018-01-30 09:34:41',NULL),(57,'Piúma',8,'2018-01-30 09:34:41',NULL),(58,'Ponto Belo',8,'2018-01-30 09:34:41',NULL),(59,'Presidente Kennedy',8,'2018-01-30 09:34:41',NULL),(60,'Rio Bananal',8,'2018-01-30 09:34:41',NULL),(61,'Rio Novo do Sul',8,'2018-01-30 09:34:41',NULL),(62,'Santa Leopoldina',8,'2018-01-30 09:34:41',NULL),(63,'Santa Maria de Jetibá',8,'2018-01-30 09:34:41',NULL),(64,'Santa Teresa',8,'2018-01-30 09:34:41',NULL),(65,'São Domingos do Norte',8,'2018-01-30 09:34:41',NULL),(66,'São Gabriel da Palha',8,'2018-01-30 09:34:41',NULL),(67,'São José do Calçado',8,'2018-01-30 09:34:41',NULL),(68,'São Mateus',8,'2018-01-30 09:34:41',NULL),(69,'São Roque do Canaã',8,'2018-01-30 09:34:41',NULL),(70,'Serra',8,'2018-01-30 09:34:41',NULL),(71,'Sooretama',8,'2018-01-30 09:34:41',NULL),(72,'Vargem Alta',8,'2018-01-30 09:34:41',NULL),(73,'Venda Nova do Imigrante',8,'2018-01-30 09:34:41',NULL),(74,'Viana',8,'2018-01-30 09:34:41',NULL),(75,'Vila Pavão',8,'2018-01-30 09:34:41',NULL),(76,'Vila Valério',8,'2018-01-30 09:34:41',NULL),(77,'Vila Velha',8,'2018-01-30 09:34:41',NULL),(78,'Vitória',8,'2018-01-30 09:34:41',NULL),(79,'Acrelândia',1,'2018-01-30 09:34:41',NULL),(80,'Assis Brasil',1,'2018-01-30 09:34:41',NULL),(81,'Brasiléia',1,'2018-01-30 09:34:41',NULL),(82,'Bujari',1,'2018-01-30 09:34:41',NULL),(83,'Capixaba',1,'2018-01-30 09:34:41',NULL),(84,'Cruzeiro do Sul',1,'2018-01-30 09:34:41',NULL),(85,'Epitaciolândia',1,'2018-01-30 09:34:41',NULL),(86,'Feijó',1,'2018-01-30 09:34:41',NULL),(87,'Jordão',1,'2018-01-30 09:34:41',NULL),(88,'Mâncio Lima',1,'2018-01-30 09:34:41',NULL),(89,'Manoel Urbano',1,'2018-01-30 09:34:41',NULL),(90,'Marechal Thaumaturgo',1,'2018-01-30 09:34:41',NULL),(91,'Plácido de Castro',1,'2018-01-30 09:34:41',NULL),(92,'Porto Acre',1,'2018-01-30 09:34:41',NULL),(93,'Porto Walter',1,'2018-01-30 09:34:41',NULL),(94,'Rio Branco',1,'2018-01-30 09:34:41',NULL),(95,'Rodrigues Alves',1,'2018-01-30 09:34:41',NULL),(96,'Santa Rosa do Purus',1,'2018-01-30 09:34:41',NULL),(97,'Sena Madureira',1,'2018-01-30 09:34:41',NULL),(98,'Senador Guiomard',1,'2018-01-30 09:34:41',NULL),(99,'Tarauacá',1,'2018-01-30 09:34:41',NULL),(100,'Xapuri',1,'2018-01-30 09:34:41',NULL),(101,'Água Branca',2,'2018-01-30 09:34:41',NULL),(102,'Anadia',2,'2018-01-30 09:34:41',NULL),(103,'Arapiraca',2,'2018-01-30 09:34:41',NULL),(104,'Atalaia',2,'2018-01-30 09:34:41',NULL),(105,'Barra de Santo Antônio',2,'2018-01-30 09:34:41',NULL),(106,'Barra de São Miguel',2,'2018-01-30 09:34:41',NULL),(107,'Batalha',2,'2018-01-30 09:34:41',NULL),(108,'Belém',2,'2018-01-30 09:34:41',NULL),(109,'Belo Monte',2,'2018-01-30 09:34:41',NULL),(110,'Boca da Mata',2,'2018-01-30 09:34:41',NULL),(111,'Branquinha',2,'2018-01-30 09:34:41',NULL),(112,'Cacimbinhas',2,'2018-01-30 09:34:41',NULL),(113,'Cajueiro',2,'2018-01-30 09:34:41',NULL),(114,'Campestre',2,'2018-01-30 09:34:41',NULL),(115,'Campo Alegre',2,'2018-01-30 09:34:41',NULL),(116,'Campo Grande',2,'2018-01-30 09:34:41',NULL),(117,'Canapi',2,'2018-01-30 09:34:41',NULL),(118,'Capela',2,'2018-01-30 09:34:41',NULL),(119,'Carneiros',2,'2018-01-30 09:34:41',NULL),(120,'Chã Preta',2,'2018-01-30 09:34:41',NULL),(121,'Coité do Nóia',2,'2018-01-30 09:34:41',NULL),(122,'Colônia Leopoldina',2,'2018-01-30 09:34:41',NULL),(123,'Coqueiro Seco',2,'2018-01-30 09:34:41',NULL),(124,'Coruripe',2,'2018-01-30 09:34:41',NULL),(125,'Craíbas',2,'2018-01-30 09:34:41',NULL),(126,'Delmiro Gouveia',2,'2018-01-30 09:34:41',NULL),(127,'Dois Riachos',2,'2018-01-30 09:34:41',NULL),(128,'Estrela de Alagoas',2,'2018-01-30 09:34:41',NULL),(129,'Feira Grande',2,'2018-01-30 09:34:41',NULL),(130,'Feliz Deserto',2,'2018-01-30 09:34:41',NULL),(131,'Flexeiras',2,'2018-01-30 09:34:41',NULL),(132,'Girau do Ponciano',2,'2018-01-30 09:34:41',NULL),(133,'Ibateguara',2,'2018-01-30 09:34:41',NULL),(134,'Igaci',2,'2018-01-30 09:34:41',NULL),(135,'Igreja Nova',2,'2018-01-30 09:34:41',NULL),(136,'Inhapi',2,'2018-01-30 09:34:41',NULL),(137,'Jacaré dos Homens',2,'2018-01-30 09:34:41',NULL),(138,'Jacuípe',2,'2018-01-30 09:34:41',NULL),(139,'Japaratinga',2,'2018-01-30 09:34:41',NULL),(140,'Jaramataia',2,'2018-01-30 09:34:41',NULL),(141,'Jequiá da Praia',2,'2018-01-30 09:34:41',NULL),(142,'Joaquim Gomes',2,'2018-01-30 09:34:41',NULL),(143,'Jundiá',2,'2018-01-30 09:34:41',NULL),(144,'Junqueiro',2,'2018-01-30 09:34:41',NULL),(145,'Lagoa da Canoa',2,'2018-01-30 09:34:41',NULL),(146,'Limoeiro de Anadia',2,'2018-01-30 09:34:41',NULL),(147,'Maceió',2,'2018-01-30 09:34:41',NULL),(148,'Major Isidoro',2,'2018-01-30 09:34:41',NULL),(149,'Mar Vermelho',2,'2018-01-30 09:34:41',NULL),(150,'Maragogi',2,'2018-01-30 09:34:41',NULL),(151,'Maravilha',2,'2018-01-30 09:34:41',NULL),(152,'Marechal Deodoro',2,'2018-01-30 09:34:41',NULL),(153,'Maribondo',2,'2018-01-30 09:34:41',NULL),(154,'Mata Grande',2,'2018-01-30 09:34:41',NULL),(155,'Matriz de Camaragibe',2,'2018-01-30 09:34:41',NULL),(156,'Messias',2,'2018-01-30 09:34:41',NULL),(157,'Minador do Negrão',2,'2018-01-30 09:34:41',NULL),(158,'Monteirópolis',2,'2018-01-30 09:34:41',NULL),(159,'Murici',2,'2018-01-30 09:34:41',NULL),(160,'Novo Lino',2,'2018-01-30 09:34:41',NULL),(161,'Olho d`Água das Flores',2,'2018-01-30 09:34:41',NULL),(162,'Olho d`Água do Casado',2,'2018-01-30 09:34:41',NULL),(163,'Olho d`Água Grande',2,'2018-01-30 09:34:41',NULL),(164,'Olivença',2,'2018-01-30 09:34:41',NULL),(165,'Ouro Branco',2,'2018-01-30 09:34:41',NULL),(166,'Palestina',2,'2018-01-30 09:34:41',NULL),(167,'Palmeira dos Índios',2,'2018-01-30 09:34:41',NULL),(168,'Pão de Açúcar',2,'2018-01-30 09:34:41',NULL),(169,'Pariconha',2,'2018-01-30 09:34:41',NULL),(170,'Paripueira',2,'2018-01-30 09:34:41',NULL),(171,'Passo de Camaragibe',2,'2018-01-30 09:34:41',NULL),(172,'Paulo Jacinto',2,'2018-01-30 09:34:41',NULL),(173,'Penedo',2,'2018-01-30 09:34:41',NULL),(174,'Piaçabuçu',2,'2018-01-30 09:34:41',NULL),(175,'Pilar',2,'2018-01-30 09:34:41',NULL),(176,'Pindoba',2,'2018-01-30 09:34:41',NULL),(177,'Piranhas',2,'2018-01-30 09:34:41',NULL),(178,'Poço das Trincheiras',2,'2018-01-30 09:34:41',NULL),(179,'Porto Calvo',2,'2018-01-30 09:34:41',NULL),(180,'Porto de Pedras',2,'2018-01-30 09:34:41',NULL),(181,'Porto Real do Colégio',2,'2018-01-30 09:34:41',NULL),(182,'Quebrangulo',2,'2018-01-30 09:34:41',NULL),(183,'Rio Largo',2,'2018-01-30 09:34:41',NULL),(184,'Roteiro',2,'2018-01-30 09:34:41',NULL),(185,'Santa Luzia do Norte',2,'2018-01-30 09:34:41',NULL),(186,'Santana do Ipanema',2,'2018-01-30 09:34:41',NULL),(187,'Santana do Mundaú',2,'2018-01-30 09:34:41',NULL),(188,'São Brás',2,'2018-01-30 09:34:41',NULL),(189,'São José da Laje',2,'2018-01-30 09:34:41',NULL),(190,'São José da Tapera',2,'2018-01-30 09:34:41',NULL),(191,'São Luís do Quitunde',2,'2018-01-30 09:34:41',NULL),(192,'São Miguel dos Campos',2,'2018-01-30 09:34:41',NULL),(193,'São Miguel dos Milagres',2,'2018-01-30 09:34:41',NULL),(194,'São Sebastião',2,'2018-01-30 09:34:41',NULL),(195,'Satuba',2,'2018-01-30 09:34:41',NULL),(196,'Senador Rui Palmeira',2,'2018-01-30 09:34:41',NULL),(197,'Tanque d`Arca',2,'2018-01-30 09:34:41',NULL),(198,'Taquarana',2,'2018-01-30 09:34:41',NULL),(199,'Teotônio Vilela',2,'2018-01-30 09:34:41',NULL),(200,'Traipu',2,'2018-01-30 09:34:41',NULL),(201,'União dos Palmares',2,'2018-01-30 09:34:41',NULL),(202,'Viçosa',2,'2018-01-30 09:34:41',NULL),(203,'Amapá',4,'2018-01-30 09:34:41',NULL),(204,'Calçoene',4,'2018-01-30 09:34:41',NULL),(205,'Cutias',4,'2018-01-30 09:34:41',NULL),(206,'Ferreira Gomes',4,'2018-01-30 09:34:41',NULL),(207,'Itaubal',4,'2018-01-30 09:34:41',NULL),(208,'Laranjal do Jari',4,'2018-01-30 09:34:41',NULL),(209,'Macapá',4,'2018-01-30 09:34:41',NULL),(210,'Mazagão',4,'2018-01-30 09:34:41',NULL),(211,'Oiapoque',4,'2018-01-30 09:34:41',NULL),(212,'Pedra Branca do Amaparí',4,'2018-01-30 09:34:41',NULL),(213,'Porto Grande',4,'2018-01-30 09:34:41',NULL),(214,'Pracuúba',4,'2018-01-30 09:34:41',NULL),(215,'Santana',4,'2018-01-30 09:34:41',NULL),(216,'Serra do Navio',4,'2018-01-30 09:34:41',NULL),(217,'Tartarugalzinho',4,'2018-01-30 09:34:41',NULL),(218,'Vitória do Jari',4,'2018-01-30 09:34:41',NULL),(219,'Alvarães',3,'2018-01-30 09:34:41',NULL),(220,'Amaturá',3,'2018-01-30 09:34:41',NULL),(221,'Anamã',3,'2018-01-30 09:34:41',NULL),(222,'Anori',3,'2018-01-30 09:34:41',NULL),(223,'Apuí',3,'2018-01-30 09:34:41',NULL),(224,'Atalaia do Norte',3,'2018-01-30 09:34:41',NULL),(225,'Autazes',3,'2018-01-30 09:34:41',NULL),(226,'Barcelos',3,'2018-01-30 09:34:41',NULL),(227,'Barreirinha',3,'2018-01-30 09:34:41',NULL),(228,'Benjamin Constant',3,'2018-01-30 09:34:41',NULL),(229,'Beruri',3,'2018-01-30 09:34:41',NULL),(230,'Boa Vista do Ramos',3,'2018-01-30 09:34:41',NULL),(231,'Boca do Acre',3,'2018-01-30 09:34:41',NULL),(232,'Borba',3,'2018-01-30 09:34:41',NULL),(233,'Caapiranga',3,'2018-01-30 09:34:41',NULL),(234,'Canutama',3,'2018-01-30 09:34:41',NULL),(235,'Carauari',3,'2018-01-30 09:34:41',NULL),(236,'Careiro',3,'2018-01-30 09:34:41',NULL),(237,'Careiro da Várzea',3,'2018-01-30 09:34:41',NULL),(238,'Coari',3,'2018-01-30 09:34:41',NULL),(239,'Codajás',3,'2018-01-30 09:34:41',NULL),(240,'Eirunepé',3,'2018-01-30 09:34:41',NULL),(241,'Envira',3,'2018-01-30 09:34:41',NULL),(242,'Fonte Boa',3,'2018-01-30 09:34:41',NULL),(243,'Guajará',3,'2018-01-30 09:34:41',NULL),(244,'Humaitá',3,'2018-01-30 09:34:41',NULL),(245,'Ipixuna',3,'2018-01-30 09:34:41',NULL),(246,'Iranduba',3,'2018-01-30 09:34:41',NULL),(247,'Itacoatiara',3,'2018-01-30 09:34:41',NULL),(248,'Itamarati',3,'2018-01-30 09:34:41',NULL),(249,'Itapiranga',3,'2018-01-30 09:34:41',NULL),(250,'Japurá',3,'2018-01-30 09:34:41',NULL),(251,'Juruá',3,'2018-01-30 09:34:41',NULL),(252,'Jutaí',3,'2018-01-30 09:34:41',NULL),(253,'Lábrea',3,'2018-01-30 09:34:41',NULL),(254,'Manacapuru',3,'2018-01-30 09:34:41',NULL),(255,'Manaquiri',3,'2018-01-30 09:34:41',NULL),(256,'Manaus',3,'2018-01-30 09:34:41',NULL),(257,'Manicoré',3,'2018-01-30 09:34:41',NULL),(258,'Maraã',3,'2018-01-30 09:34:41',NULL),(259,'Maués',3,'2018-01-30 09:34:41',NULL),(260,'Nhamundá',3,'2018-01-30 09:34:41',NULL),(261,'Nova Olinda do Norte',3,'2018-01-30 09:34:41',NULL),(262,'Novo Airão',3,'2018-01-30 09:34:41',NULL),(263,'Novo Aripuanã',3,'2018-01-30 09:34:41',NULL),(264,'Parintins',3,'2018-01-30 09:34:41',NULL),(265,'Pauini',3,'2018-01-30 09:34:41',NULL),(266,'Presidente Figueiredo',3,'2018-01-30 09:34:41',NULL),(267,'Rio Preto da Eva',3,'2018-01-30 09:34:41',NULL),(268,'Santa Isabel do Rio Negro',3,'2018-01-30 09:34:41',NULL),(269,'Santo Antônio do Içá',3,'2018-01-30 09:34:41',NULL),(270,'São Gabriel da Cachoeira',3,'2018-01-30 09:34:41',NULL),(271,'São Paulo de Olivença',3,'2018-01-30 09:34:41',NULL),(272,'São Sebastião do Uatumã',3,'2018-01-30 09:34:41',NULL),(273,'Silves',3,'2018-01-30 09:34:41',NULL),(274,'Tabatinga',3,'2018-01-30 09:34:41',NULL),(275,'Tapauá',3,'2018-01-30 09:34:41',NULL),(276,'Tefé',3,'2018-01-30 09:34:41',NULL),(277,'Tonantins',3,'2018-01-30 09:34:41',NULL),(278,'Uarini',3,'2018-01-30 09:34:41',NULL),(279,'Urucará',3,'2018-01-30 09:34:41',NULL),(280,'Urucurituba',3,'2018-01-30 09:34:41',NULL),(281,'Abaíra',5,'2018-01-30 09:34:41',NULL),(282,'Abaré',5,'2018-01-30 09:34:41',NULL),(283,'Acajutiba',5,'2018-01-30 09:34:41',NULL),(284,'Adustina',5,'2018-01-30 09:34:41',NULL),(285,'Água Fria',5,'2018-01-30 09:34:41',NULL),(286,'Aiquara',5,'2018-01-30 09:34:41',NULL),(287,'Alagoinhas',5,'2018-01-30 09:34:41',NULL),(288,'Alcobaça',5,'2018-01-30 09:34:41',NULL),(289,'Almadina',5,'2018-01-30 09:34:41',NULL),(290,'Amargosa',5,'2018-01-30 09:34:41',NULL),(291,'Amélia Rodrigues',5,'2018-01-30 09:34:41',NULL),(292,'América Dourada',5,'2018-01-30 09:34:41',NULL),(293,'Anagé',5,'2018-01-30 09:34:41',NULL),(294,'Andaraí',5,'2018-01-30 09:34:41',NULL),(295,'Andorinha',5,'2018-01-30 09:34:41',NULL),(296,'Angical',5,'2018-01-30 09:34:41',NULL),(297,'Anguera',5,'2018-01-30 09:34:41',NULL),(298,'Antas',5,'2018-01-30 09:34:41',NULL),(299,'Antônio Cardoso',5,'2018-01-30 09:34:41',NULL),(300,'Antônio Gonçalves',5,'2018-01-30 09:34:41',NULL),(301,'Aporá',5,'2018-01-30 09:34:41',NULL),(302,'Apuarema',5,'2018-01-30 09:34:41',NULL),(303,'Araças',5,'2018-01-30 09:34:41',NULL),(304,'Aracatu',5,'2018-01-30 09:34:41',NULL),(305,'Araci',5,'2018-01-30 09:34:41',NULL),(306,'Aramari',5,'2018-01-30 09:34:41',NULL),(307,'Arataca',5,'2018-01-30 09:34:41',NULL),(308,'Aratuípe',5,'2018-01-30 09:34:41',NULL),(309,'Aurelino Leal',5,'2018-01-30 09:34:41',NULL),(310,'Baianópolis',5,'2018-01-30 09:34:41',NULL),(311,'Baixa Grande',5,'2018-01-30 09:34:41',NULL),(312,'Banzaê',5,'2018-01-30 09:34:41',NULL),(313,'Barra',5,'2018-01-30 09:34:41',NULL),(314,'Barra da Estiva',5,'2018-01-30 09:34:41',NULL),(315,'Barra do Choça',5,'2018-01-30 09:34:41',NULL),(316,'Barra do Mendes',5,'2018-01-30 09:34:41',NULL),(317,'Barra do Rocha',5,'2018-01-30 09:34:41',NULL),(318,'Barreiras',5,'2018-01-30 09:34:41',NULL),(319,'Barro Alto',5,'2018-01-30 09:34:41',NULL),(320,'Barro Preto (antigo Gov. Lomanto Jr.)',5,'2018-01-30 09:34:41',NULL),(321,'Barrocas',5,'2018-01-30 09:34:41',NULL),(322,'Belmonte',5,'2018-01-30 09:34:41',NULL),(323,'Belo Campo',5,'2018-01-30 09:34:41',NULL),(324,'Biritinga',5,'2018-01-30 09:34:41',NULL),(325,'Boa Nova',5,'2018-01-30 09:34:41',NULL),(326,'Boa Vista do Tupim',5,'2018-01-30 09:34:41',NULL),(327,'Bom Jesus da Lapa',5,'2018-01-30 09:34:41',NULL),(328,'Bom Jesus da Serra',5,'2018-01-30 09:34:41',NULL),(329,'Boninal',5,'2018-01-30 09:34:41',NULL),(330,'Bonito',5,'2018-01-30 09:34:41',NULL),(331,'Boquira',5,'2018-01-30 09:34:41',NULL),(332,'Botuporã',5,'2018-01-30 09:34:41',NULL),(333,'Brejões',5,'2018-01-30 09:34:41',NULL),(334,'Brejolândia',5,'2018-01-30 09:34:41',NULL),(335,'Brotas de Macaúbas',5,'2018-01-30 09:34:41',NULL),(336,'Brumado',5,'2018-01-30 09:34:41',NULL),(337,'Buerarema',5,'2018-01-30 09:34:41',NULL),(338,'Buritirama',5,'2018-01-30 09:34:41',NULL),(339,'Caatiba',5,'2018-01-30 09:34:41',NULL),(340,'Cabaceiras do Paraguaçu',5,'2018-01-30 09:34:41',NULL),(341,'Cachoeira',5,'2018-01-30 09:34:41',NULL),(342,'Caculé',5,'2018-01-30 09:34:41',NULL),(343,'Caém',5,'2018-01-30 09:34:41',NULL),(344,'Caetanos',5,'2018-01-30 09:34:41',NULL),(345,'Caetité',5,'2018-01-30 09:34:41',NULL),(346,'Cafarnaum',5,'2018-01-30 09:34:41',NULL),(347,'Cairu',5,'2018-01-30 09:34:41',NULL),(348,'Caldeirão Grande',5,'2018-01-30 09:34:41',NULL),(349,'Camacan',5,'2018-01-30 09:34:41',NULL),(350,'Camaçari',5,'2018-01-30 09:34:41',NULL),(351,'Camamu',5,'2018-01-30 09:34:41',NULL),(352,'Campo Alegre de Lourdes',5,'2018-01-30 09:34:41',NULL),(353,'Campo Formoso',5,'2018-01-30 09:34:41',NULL),(354,'Canápolis',5,'2018-01-30 09:34:41',NULL),(355,'Canarana',5,'2018-01-30 09:34:41',NULL),(356,'Canavieiras',5,'2018-01-30 09:34:41',NULL),(357,'Candeal',5,'2018-01-30 09:34:41',NULL),(358,'Candeias',5,'2018-01-30 09:34:41',NULL),(359,'Candiba',5,'2018-01-30 09:34:41',NULL),(360,'Cândido Sales',5,'2018-01-30 09:34:41',NULL),(361,'Cansanção',5,'2018-01-30 09:34:41',NULL),(362,'Canudos',5,'2018-01-30 09:34:41',NULL),(363,'Capela do Alto Alegre',5,'2018-01-30 09:34:41',NULL),(364,'Capim Grosso',5,'2018-01-30 09:34:41',NULL),(365,'Caraíbas',5,'2018-01-30 09:34:41',NULL),(366,'Caravelas',5,'2018-01-30 09:34:41',NULL),(367,'Cardeal da Silva',5,'2018-01-30 09:34:41',NULL),(368,'Carinhanha',5,'2018-01-30 09:34:41',NULL),(369,'Casa Nova',5,'2018-01-30 09:34:41',NULL),(370,'Castro Alves',5,'2018-01-30 09:34:41',NULL),(371,'Catolândia',5,'2018-01-30 09:34:41',NULL),(372,'Catu',5,'2018-01-30 09:34:41',NULL),(373,'Caturama',5,'2018-01-30 09:34:41',NULL),(374,'Central',5,'2018-01-30 09:34:41',NULL),(375,'Chorrochó',5,'2018-01-30 09:34:41',NULL),(376,'Cícero Dantas',5,'2018-01-30 09:34:41',NULL),(377,'Cipó',5,'2018-01-30 09:34:41',NULL),(378,'Coaraci',5,'2018-01-30 09:34:41',NULL),(379,'Cocos',5,'2018-01-30 09:34:41',NULL),(380,'Conceição da Feira',5,'2018-01-30 09:34:41',NULL),(381,'Conceição do Almeida',5,'2018-01-30 09:34:41',NULL),(382,'Conceição do Coité',5,'2018-01-30 09:34:41',NULL),(383,'Conceição do Jacuípe',5,'2018-01-30 09:34:41',NULL),(384,'Conde',5,'2018-01-30 09:34:41',NULL),(385,'Condeúba',5,'2018-01-30 09:34:41',NULL),(386,'Contendas do Sincorá',5,'2018-01-30 09:34:41',NULL),(387,'Coração de Maria',5,'2018-01-30 09:34:41',NULL),(388,'Cordeiros',5,'2018-01-30 09:34:41',NULL),(389,'Coribe',5,'2018-01-30 09:34:41',NULL),(390,'Coronel João Sá',5,'2018-01-30 09:34:41',NULL),(391,'Correntina',5,'2018-01-30 09:34:41',NULL),(392,'Cotegipe',5,'2018-01-30 09:34:41',NULL),(393,'Cravolândia',5,'2018-01-30 09:34:41',NULL),(394,'Crisópolis',5,'2018-01-30 09:34:41',NULL),(395,'Cristópolis',5,'2018-01-30 09:34:41',NULL),(396,'Cruz das Almas',5,'2018-01-30 09:34:41',NULL),(397,'Curaçá',5,'2018-01-30 09:34:41',NULL),(398,'Dário Meira',5,'2018-01-30 09:34:41',NULL),(399,'Dias d`Ávila',5,'2018-01-30 09:34:41',NULL),(400,'Dom Basílio',5,'2018-01-30 09:34:41',NULL),(401,'Dom Macedo Costa',5,'2018-01-30 09:34:41',NULL),(402,'Elísio Medrado',5,'2018-01-30 09:34:41',NULL),(403,'Encruzilhada',5,'2018-01-30 09:34:41',NULL),(404,'Entre Rios',5,'2018-01-30 09:34:41',NULL),(405,'Érico Cardoso',5,'2018-01-30 09:34:41',NULL),(406,'Esplanada',5,'2018-01-30 09:34:41',NULL),(407,'Euclides da Cunha',5,'2018-01-30 09:34:41',NULL),(408,'Eunápolis',5,'2018-01-30 09:34:41',NULL),(409,'Fátima',5,'2018-01-30 09:34:41',NULL),(410,'Feira da Mata',5,'2018-01-30 09:34:41',NULL),(411,'Feira de Santana',5,'2018-01-30 09:34:41',NULL),(412,'Filadélfia',5,'2018-01-30 09:34:41',NULL),(413,'Firmino Alves',5,'2018-01-30 09:34:41',NULL),(414,'Floresta Azul',5,'2018-01-30 09:34:41',NULL),(415,'Formosa do Rio Preto',5,'2018-01-30 09:34:41',NULL),(416,'Gandu',5,'2018-01-30 09:34:41',NULL),(417,'Gavião',5,'2018-01-30 09:34:41',NULL),(418,'Gentio do Ouro',5,'2018-01-30 09:34:41',NULL),(419,'Glória',5,'2018-01-30 09:34:41',NULL),(420,'Gongogi',5,'2018-01-30 09:34:41',NULL),(421,'Governador Mangabeira',5,'2018-01-30 09:34:41',NULL),(422,'Guajeru',5,'2018-01-30 09:34:41',NULL),(423,'Guanambi',5,'2018-01-30 09:34:41',NULL),(424,'Guaratinga',5,'2018-01-30 09:34:41',NULL),(425,'Heliópolis',5,'2018-01-30 09:34:41',NULL),(426,'Iaçu',5,'2018-01-30 09:34:41',NULL),(427,'Ibiassucê',5,'2018-01-30 09:34:41',NULL),(428,'Ibicaraí',5,'2018-01-30 09:34:41',NULL),(429,'Ibicoara',5,'2018-01-30 09:34:41',NULL),(430,'Ibicuí',5,'2018-01-30 09:34:41',NULL),(431,'Ibipeba',5,'2018-01-30 09:34:41',NULL),(432,'Ibipitanga',5,'2018-01-30 09:34:41',NULL),(433,'Ibiquera',5,'2018-01-30 09:34:41',NULL),(434,'Ibirapitanga',5,'2018-01-30 09:34:41',NULL),(435,'Ibirapuã',5,'2018-01-30 09:34:41',NULL),(436,'Ibirataia',5,'2018-01-30 09:34:41',NULL),(437,'Ibitiara',5,'2018-01-30 09:34:41',NULL),(438,'Ibititá',5,'2018-01-30 09:34:41',NULL),(439,'Ibotirama',5,'2018-01-30 09:34:41',NULL),(440,'Ichu',5,'2018-01-30 09:34:41',NULL),(441,'Igaporã',5,'2018-01-30 09:34:41',NULL),(442,'Igrapiúna',5,'2018-01-30 09:34:41',NULL),(443,'Iguaí',5,'2018-01-30 09:34:41',NULL),(444,'Ilhéus',5,'2018-01-30 09:34:41',NULL),(445,'Inhambupe',5,'2018-01-30 09:34:41',NULL),(446,'Ipecaetá',5,'2018-01-30 09:34:41',NULL),(447,'Ipiaú',5,'2018-01-30 09:34:41',NULL),(448,'Ipirá',5,'2018-01-30 09:34:41',NULL),(449,'Ipupiara',5,'2018-01-30 09:34:41',NULL),(450,'Irajuba',5,'2018-01-30 09:34:41',NULL),(451,'Iramaia',5,'2018-01-30 09:34:41',NULL),(452,'Iraquara',5,'2018-01-30 09:34:41',NULL),(453,'Irará',5,'2018-01-30 09:34:41',NULL),(454,'Irecê',5,'2018-01-30 09:34:41',NULL),(455,'Itabela',5,'2018-01-30 09:34:41',NULL),(456,'Itaberaba',5,'2018-01-30 09:34:41',NULL),(457,'Itabuna',5,'2018-01-30 09:34:41',NULL),(458,'Itacaré',5,'2018-01-30 09:34:41',NULL),(459,'Itaeté',5,'2018-01-30 09:34:41',NULL),(460,'Itagi',5,'2018-01-30 09:34:41',NULL),(461,'Itagibá',5,'2018-01-30 09:34:41',NULL),(462,'Itagimirim',5,'2018-01-30 09:34:41',NULL),(463,'Itaguaçu da Bahia',5,'2018-01-30 09:34:41',NULL),(464,'Itaju do Colônia',5,'2018-01-30 09:34:41',NULL),(465,'Itajuípe',5,'2018-01-30 09:34:41',NULL),(466,'Itamaraju',5,'2018-01-30 09:34:41',NULL),(467,'Itamari',5,'2018-01-30 09:34:41',NULL),(468,'Itambé',5,'2018-01-30 09:34:41',NULL),(469,'Itanagra',5,'2018-01-30 09:34:41',NULL),(470,'Itanhém',5,'2018-01-30 09:34:41',NULL),(471,'Itaparica',5,'2018-01-30 09:34:41',NULL),(472,'Itapé',5,'2018-01-30 09:34:41',NULL),(473,'Itapebi',5,'2018-01-30 09:34:41',NULL),(474,'Itapetinga',5,'2018-01-30 09:34:41',NULL),(475,'Itapicuru',5,'2018-01-30 09:34:41',NULL),(476,'Itapitanga',5,'2018-01-30 09:34:41',NULL),(477,'Itaquara',5,'2018-01-30 09:34:41',NULL),(478,'Itarantim',5,'2018-01-30 09:34:41',NULL),(479,'Itatim',5,'2018-01-30 09:34:41',NULL),(480,'Itiruçu',5,'2018-01-30 09:34:41',NULL),(481,'Itiúba',5,'2018-01-30 09:34:41',NULL),(482,'Itororó',5,'2018-01-30 09:34:41',NULL),(483,'Ituaçu',5,'2018-01-30 09:34:41',NULL),(484,'Ituberá',5,'2018-01-30 09:34:41',NULL),(485,'Iuiú',5,'2018-01-30 09:34:41',NULL),(486,'Jaborandi',5,'2018-01-30 09:34:41',NULL),(487,'Jacaraci',5,'2018-01-30 09:34:41',NULL),(488,'Jacobina',5,'2018-01-30 09:34:41',NULL),(489,'Jaguaquara',5,'2018-01-30 09:34:41',NULL),(490,'Jaguarari',5,'2018-01-30 09:34:41',NULL),(491,'Jaguaripe',5,'2018-01-30 09:34:41',NULL),(492,'Jandaíra',5,'2018-01-30 09:34:41',NULL),(493,'Jequié',5,'2018-01-30 09:34:41',NULL),(494,'Jeremoabo',5,'2018-01-30 09:34:41',NULL),(495,'Jiquiriçá',5,'2018-01-30 09:34:41',NULL),(496,'Jitaúna',5,'2018-01-30 09:34:41',NULL),(497,'João Dourado',5,'2018-01-30 09:34:41',NULL),(498,'Juazeiro',5,'2018-01-30 09:34:41',NULL),(499,'Jucuruçu',5,'2018-01-30 09:34:41',NULL),(500,'Jussara',5,'2018-01-30 09:34:41',NULL),(501,'Jussari',5,'2018-01-30 09:34:41',NULL),(502,'Jussiape',5,'2018-01-30 09:34:41',NULL),(503,'Lafaiete Coutinho',5,'2018-01-30 09:34:41',NULL),(504,'Lagoa Real',5,'2018-01-30 09:34:41',NULL),(505,'Laje',5,'2018-01-30 09:34:41',NULL),(506,'Lajedão',5,'2018-01-30 09:34:41',NULL),(507,'Lajedinho',5,'2018-01-30 09:34:41',NULL),(508,'Lajedo do Tabocal',5,'2018-01-30 09:34:41',NULL),(509,'Lamarão',5,'2018-01-30 09:34:41',NULL),(510,'Lapão',5,'2018-01-30 09:34:41',NULL),(511,'Lauro de Freitas',5,'2018-01-30 09:34:41',NULL),(512,'Lençóis',5,'2018-01-30 09:34:41',NULL),(513,'Licínio de Almeida',5,'2018-01-30 09:34:41',NULL),(514,'Livramento de Nossa Senhora',5,'2018-01-30 09:34:41',NULL),(515,'Luís Eduardo Magalhães',5,'2018-01-30 09:34:41',NULL),(516,'Macajuba',5,'2018-01-30 09:34:41',NULL),(517,'Macarani',5,'2018-01-30 09:34:41',NULL),(518,'Macaúbas',5,'2018-01-30 09:34:41',NULL),(519,'Macururé',5,'2018-01-30 09:34:41',NULL),(520,'Madre de Deus',5,'2018-01-30 09:34:41',NULL),(521,'Maetinga',5,'2018-01-30 09:34:41',NULL),(522,'Maiquinique',5,'2018-01-30 09:34:41',NULL),(523,'Mairi',5,'2018-01-30 09:34:41',NULL),(524,'Malhada',5,'2018-01-30 09:34:41',NULL),(525,'Malhada de Pedras',5,'2018-01-30 09:34:41',NULL),(526,'Manoel Vitorino',5,'2018-01-30 09:34:41',NULL),(527,'Mansidão',5,'2018-01-30 09:34:41',NULL),(528,'Maracás',5,'2018-01-30 09:34:41',NULL),(529,'Maragogipe',5,'2018-01-30 09:34:41',NULL),(530,'Maraú',5,'2018-01-30 09:34:41',NULL),(531,'Marcionílio Souza',5,'2018-01-30 09:34:41',NULL),(532,'Mascote',5,'2018-01-30 09:34:41',NULL),(533,'Mata de São João',5,'2018-01-30 09:34:41',NULL),(534,'Matina',5,'2018-01-30 09:34:41',NULL),(535,'Medeiros Neto',5,'2018-01-30 09:34:41',NULL),(536,'Miguel Calmon',5,'2018-01-30 09:34:41',NULL),(537,'Milagres',5,'2018-01-30 09:34:41',NULL),(538,'Mirangaba',5,'2018-01-30 09:34:41',NULL),(539,'Mirante',5,'2018-01-30 09:34:41',NULL),(540,'Monte Santo',5,'2018-01-30 09:34:41',NULL),(541,'Morpará',5,'2018-01-30 09:34:41',NULL),(542,'Morro do Chapéu',5,'2018-01-30 09:34:41',NULL),(543,'Mortugaba',5,'2018-01-30 09:34:41',NULL),(544,'Mucugê',5,'2018-01-30 09:34:41',NULL),(545,'Mucuri',5,'2018-01-30 09:34:41',NULL),(546,'Mulungu do Morro',5,'2018-01-30 09:34:41',NULL),(547,'Mundo Novo',5,'2018-01-30 09:34:41',NULL),(548,'Muniz Ferreira',5,'2018-01-30 09:34:41',NULL),(549,'Muquém de São Francisco',5,'2018-01-30 09:34:41',NULL),(550,'Muritiba',5,'2018-01-30 09:34:41',NULL),(551,'Mutuípe',5,'2018-01-30 09:34:41',NULL),(552,'Nazaré',5,'2018-01-30 09:34:41',NULL),(553,'Nilo Peçanha',5,'2018-01-30 09:34:41',NULL),(554,'Nordestina',5,'2018-01-30 09:34:41',NULL),(555,'Nova Canaã',5,'2018-01-30 09:34:41',NULL),(556,'Nova Fátima',5,'2018-01-30 09:34:41',NULL),(557,'Nova Ibiá',5,'2018-01-30 09:34:41',NULL),(558,'Nova Itarana',5,'2018-01-30 09:34:41',NULL),(559,'Nova Redenção',5,'2018-01-30 09:34:41',NULL),(560,'Nova Soure',5,'2018-01-30 09:34:41',NULL),(561,'Nova Viçosa',5,'2018-01-30 09:34:41',NULL),(562,'Novo Horizonte',5,'2018-01-30 09:34:41',NULL),(563,'Novo Triunfo',5,'2018-01-30 09:34:41',NULL),(564,'Olindina',5,'2018-01-30 09:34:41',NULL),(565,'Oliveira dos Brejinhos',5,'2018-01-30 09:34:41',NULL),(566,'Ouriçangas',5,'2018-01-30 09:34:41',NULL),(567,'Ourolândia',5,'2018-01-30 09:34:41',NULL),(568,'Palmas de Monte Alto',5,'2018-01-30 09:34:41',NULL),(569,'Palmeiras',5,'2018-01-30 09:34:41',NULL),(570,'Paramirim',5,'2018-01-30 09:34:41',NULL),(571,'Paratinga',5,'2018-01-30 09:34:41',NULL),(572,'Paripiranga',5,'2018-01-30 09:34:41',NULL),(573,'Pau Brasil',5,'2018-01-30 09:34:41',NULL),(574,'Paulo Afonso',5,'2018-01-30 09:34:41',NULL),(575,'Pé de Serra',5,'2018-01-30 09:34:41',NULL),(576,'Pedrão',5,'2018-01-30 09:34:41',NULL),(577,'Pedro Alexandre',5,'2018-01-30 09:34:41',NULL),(578,'Piatã',5,'2018-01-30 09:34:41',NULL),(579,'Pilão Arcado',5,'2018-01-30 09:34:41',NULL),(580,'Pindaí',5,'2018-01-30 09:34:41',NULL),(581,'Pindobaçu',5,'2018-01-30 09:34:41',NULL),(582,'Pintadas',5,'2018-01-30 09:34:41',NULL),(583,'Piraí do Norte',5,'2018-01-30 09:34:41',NULL),(584,'Piripá',5,'2018-01-30 09:34:41',NULL),(585,'Piritiba',5,'2018-01-30 09:34:41',NULL),(586,'Planaltino',5,'2018-01-30 09:34:41',NULL),(587,'Planalto',5,'2018-01-30 09:34:41',NULL),(588,'Poções',5,'2018-01-30 09:34:41',NULL),(589,'Pojuca',5,'2018-01-30 09:34:41',NULL),(590,'Ponto Novo',5,'2018-01-30 09:34:41',NULL),(591,'Porto Seguro',5,'2018-01-30 09:34:41',NULL),(592,'Potiraguá',5,'2018-01-30 09:34:41',NULL),(593,'Prado',5,'2018-01-30 09:34:41',NULL),(594,'Presidente Dutra',5,'2018-01-30 09:34:41',NULL),(595,'Presidente Jânio Quadros',5,'2018-01-30 09:34:41',NULL),(596,'Presidente Tancredo Neves',5,'2018-01-30 09:34:41',NULL),(597,'Queimadas',5,'2018-01-30 09:34:41',NULL),(598,'Quijingue',5,'2018-01-30 09:34:41',NULL),(599,'Quixabeira',5,'2018-01-30 09:34:41',NULL),(600,'Rafael Jambeiro',5,'2018-01-30 09:34:41',NULL),(601,'Remanso',5,'2018-01-30 09:34:41',NULL),(602,'Retirolândia',5,'2018-01-30 09:34:41',NULL),(603,'Riachão das Neves',5,'2018-01-30 09:34:41',NULL),(604,'Riachão do Jacuípe',5,'2018-01-30 09:34:41',NULL),(605,'Riacho de Santana',5,'2018-01-30 09:34:41',NULL),(606,'Ribeira do Amparo',5,'2018-01-30 09:34:41',NULL),(607,'Ribeira do Pombal',5,'2018-01-30 09:34:41',NULL),(608,'Ribeirão do Largo',5,'2018-01-30 09:34:41',NULL),(609,'Rio de Contas',5,'2018-01-30 09:34:41',NULL),(610,'Rio do Antônio',5,'2018-01-30 09:34:41',NULL),(611,'Rio do Pires',5,'2018-01-30 09:34:41',NULL),(612,'Rio Real',5,'2018-01-30 09:34:41',NULL),(613,'Rodelas',5,'2018-01-30 09:34:41',NULL),(614,'Ruy Barbosa',5,'2018-01-30 09:34:41',NULL),(615,'Salinas da Margarida',5,'2018-01-30 09:34:41',NULL),(616,'Salvador',5,'2018-01-30 09:34:41',NULL),(617,'Santa Bárbara',5,'2018-01-30 09:34:41',NULL),(618,'Santa Brígida',5,'2018-01-30 09:34:41',NULL),(619,'Santa Cruz Cabrália',5,'2018-01-30 09:34:41',NULL),(620,'Santa Cruz da Vitória',5,'2018-01-30 09:34:41',NULL),(621,'Santa Inês',5,'2018-01-30 09:34:41',NULL),(622,'Santa Luzia',5,'2018-01-30 09:34:41',NULL),(623,'Santa Maria da Vitória',5,'2018-01-30 09:34:41',NULL),(624,'Santa Rita de Cássia',5,'2018-01-30 09:34:41',NULL),(625,'Santa Teresinha',5,'2018-01-30 09:34:41',NULL),(626,'Santaluz',5,'2018-01-30 09:34:41',NULL),(627,'Santana',5,'2018-01-30 09:34:41',NULL),(628,'Santanópolis',5,'2018-01-30 09:34:41',NULL),(629,'Santo Amaro',5,'2018-01-30 09:34:41',NULL),(630,'Santo Antônio de Jesus',5,'2018-01-30 09:34:41',NULL),(631,'Santo Estêvão',5,'2018-01-30 09:34:41',NULL),(632,'São Desidério',5,'2018-01-30 09:34:41',NULL),(633,'São Domingos',5,'2018-01-30 09:34:41',NULL),(634,'São Felipe',5,'2018-01-30 09:34:41',NULL),(635,'São Félix',5,'2018-01-30 09:34:41',NULL),(636,'São Félix do Coribe',5,'2018-01-30 09:34:41',NULL),(637,'São Francisco do Conde',5,'2018-01-30 09:34:41',NULL),(638,'São Gabriel',5,'2018-01-30 09:34:41',NULL),(639,'São Gonçalo dos Campos',5,'2018-01-30 09:34:41',NULL),(640,'São José da Vitória',5,'2018-01-30 09:34:41',NULL),(641,'São José do Jacuípe',5,'2018-01-30 09:34:41',NULL),(642,'São Miguel das Matas',5,'2018-01-30 09:34:41',NULL),(643,'São Sebastião do Passé',5,'2018-01-30 09:34:41',NULL),(644,'Sapeaçu',5,'2018-01-30 09:34:41',NULL),(645,'Sátiro Dias',5,'2018-01-30 09:34:41',NULL),(646,'Saubara',5,'2018-01-30 09:34:41',NULL),(647,'Saúde',5,'2018-01-30 09:34:41',NULL),(648,'Seabra',5,'2018-01-30 09:34:41',NULL),(649,'Sebastião Laranjeiras',5,'2018-01-30 09:34:41',NULL),(650,'Senhor do Bonfim',5,'2018-01-30 09:34:41',NULL),(651,'Sento Sé',5,'2018-01-30 09:34:41',NULL),(652,'Serra do Ramalho',5,'2018-01-30 09:34:41',NULL),(653,'Serra Dourada',5,'2018-01-30 09:34:41',NULL),(654,'Serra Preta',5,'2018-01-30 09:34:41',NULL),(655,'Serrinha',5,'2018-01-30 09:34:41',NULL),(656,'Serrolândia',5,'2018-01-30 09:34:41',NULL),(657,'Simões Filho',5,'2018-01-30 09:34:41',NULL),(658,'Sítio do Mato',5,'2018-01-30 09:34:41',NULL),(659,'Sítio do Quinto',5,'2018-01-30 09:34:41',NULL),(660,'Sobradinho',5,'2018-01-30 09:34:41',NULL),(661,'Souto Soares',5,'2018-01-30 09:34:41',NULL),(662,'Tabocas do Brejo Velho',5,'2018-01-30 09:34:41',NULL),(663,'Tanhaçu',5,'2018-01-30 09:34:41',NULL),(664,'Tanque Novo',5,'2018-01-30 09:34:41',NULL),(665,'Tanquinho',5,'2018-01-30 09:34:41',NULL),(666,'Taperoá',5,'2018-01-30 09:34:41',NULL),(667,'Tapiramutá',5,'2018-01-30 09:34:41',NULL),(668,'Teixeira de Freitas',5,'2018-01-30 09:34:41',NULL),(669,'Teodoro Sampaio',5,'2018-01-30 09:34:41',NULL),(670,'Teofilândia',5,'2018-01-30 09:34:41',NULL),(671,'Teolândia',5,'2018-01-30 09:34:41',NULL),(672,'Terra Nova',5,'2018-01-30 09:34:41',NULL),(673,'Tremedal',5,'2018-01-30 09:34:41',NULL),(674,'Tucano',5,'2018-01-30 09:34:41',NULL),(675,'Uauá',5,'2018-01-30 09:34:41',NULL),(676,'Ubaíra',5,'2018-01-30 09:34:41',NULL),(677,'Ubaitaba',5,'2018-01-30 09:34:41',NULL),(678,'Ubatã',5,'2018-01-30 09:34:41',NULL),(679,'Uibaí',5,'2018-01-30 09:34:41',NULL),(680,'Umburanas',5,'2018-01-30 09:34:41',NULL),(681,'Una',5,'2018-01-30 09:34:41',NULL),(682,'Urandi',5,'2018-01-30 09:34:41',NULL),(683,'Uruçuca',5,'2018-01-30 09:34:41',NULL),(684,'Utinga',5,'2018-01-30 09:34:41',NULL),(685,'Valença',5,'2018-01-30 09:34:41',NULL),(686,'Valente',5,'2018-01-30 09:34:41',NULL),(687,'Várzea da Roça',5,'2018-01-30 09:34:41',NULL),(688,'Várzea do Poço',5,'2018-01-30 09:34:41',NULL),(689,'Várzea Nova',5,'2018-01-30 09:34:41',NULL),(690,'Varzedo',5,'2018-01-30 09:34:41',NULL),(691,'Vera Cruz',5,'2018-01-30 09:34:41',NULL),(692,'Vereda',5,'2018-01-30 09:34:41',NULL),(693,'Vitória da Conquista',5,'2018-01-30 09:34:41',NULL),(694,'Wagner',5,'2018-01-30 09:34:41',NULL),(695,'Wanderley',5,'2018-01-30 09:34:41',NULL),(696,'Wenceslau Guimarães',5,'2018-01-30 09:34:41',NULL),(697,'Xique-Xique',5,'2018-01-30 09:34:41',NULL),(698,'Abaiara',6,'2018-01-30 09:34:41',NULL),(699,'Acarape',6,'2018-01-30 09:34:41',NULL),(700,'Acaraú',6,'2018-01-30 09:34:41',NULL),(701,'Acopiara',6,'2018-01-30 09:34:41',NULL),(702,'Aiuaba',6,'2018-01-30 09:34:41',NULL),(703,'Alcântaras',6,'2018-01-30 09:34:41',NULL),(704,'Altaneira',6,'2018-01-30 09:34:41',NULL),(705,'Alto Santo',6,'2018-01-30 09:34:41',NULL),(706,'Amontada',6,'2018-01-30 09:34:41',NULL),(707,'Antonina do Norte',6,'2018-01-30 09:34:41',NULL),(708,'Apuiarés',6,'2018-01-30 09:34:41',NULL),(709,'Aquiraz',6,'2018-01-30 09:34:41',NULL),(710,'Aracati',6,'2018-01-30 09:34:41',NULL),(711,'Aracoiaba',6,'2018-01-30 09:34:41',NULL),(712,'Ararendá',6,'2018-01-30 09:34:41',NULL),(713,'Araripe',6,'2018-01-30 09:34:41',NULL),(714,'Aratuba',6,'2018-01-30 09:34:41',NULL),(715,'Arneiroz',6,'2018-01-30 09:34:41',NULL),(716,'Assaré',6,'2018-01-30 09:34:41',NULL),(717,'Aurora',6,'2018-01-30 09:34:41',NULL),(718,'Baixio',6,'2018-01-30 09:34:41',NULL),(719,'Banabuiú',6,'2018-01-30 09:34:41',NULL),(720,'Barbalha',6,'2018-01-30 09:34:41',NULL),(721,'Barreira',6,'2018-01-30 09:34:41',NULL),(722,'Barro',6,'2018-01-30 09:34:41',NULL),(723,'Barroquinha',6,'2018-01-30 09:34:41',NULL),(724,'Baturité',6,'2018-01-30 09:34:41',NULL),(725,'Beberibe',6,'2018-01-30 09:34:41',NULL),(726,'Bela Cruz',6,'2018-01-30 09:34:41',NULL),(727,'Boa Viagem',6,'2018-01-30 09:34:41',NULL),(728,'Brejo Santo',6,'2018-01-30 09:34:41',NULL),(729,'Camocim',6,'2018-01-30 09:34:41',NULL),(730,'Campos Sales',6,'2018-01-30 09:34:41',NULL),(731,'Canindé',6,'2018-01-30 09:34:41',NULL),(732,'Capistrano',6,'2018-01-30 09:34:41',NULL),(733,'Caridade',6,'2018-01-30 09:34:41',NULL),(734,'Cariré',6,'2018-01-30 09:34:41',NULL),(735,'Caririaçu',6,'2018-01-30 09:34:41',NULL),(736,'Cariús',6,'2018-01-30 09:34:41',NULL),(737,'Carnaubal',6,'2018-01-30 09:34:41',NULL),(738,'Cascavel',6,'2018-01-30 09:34:41',NULL),(739,'Catarina',6,'2018-01-30 09:34:41',NULL),(740,'Catunda',6,'2018-01-30 09:34:41',NULL),(741,'Caucaia',6,'2018-01-30 09:34:41',NULL),(742,'Cedro',6,'2018-01-30 09:34:41',NULL),(743,'Chaval',6,'2018-01-30 09:34:41',NULL),(744,'Choró',6,'2018-01-30 09:34:41',NULL),(745,'Chorozinho',6,'2018-01-30 09:34:41',NULL),(746,'Coreaú',6,'2018-01-30 09:34:41',NULL),(747,'Crateús',6,'2018-01-30 09:34:41',NULL),(748,'Crato',6,'2018-01-30 09:34:41',NULL),(749,'Croatá',6,'2018-01-30 09:34:41',NULL),(750,'Cruz',6,'2018-01-30 09:34:41',NULL),(751,'Deputado Irapuan Pinheiro',6,'2018-01-30 09:34:41',NULL),(752,'Ererê',6,'2018-01-30 09:34:41',NULL),(753,'Eusébio',6,'2018-01-30 09:34:41',NULL),(754,'Farias Brito',6,'2018-01-30 09:34:41',NULL),(755,'Forquilha',6,'2018-01-30 09:34:41',NULL),(756,'Fortaleza',6,'2018-01-30 09:34:41',NULL),(757,'Fortim',6,'2018-01-30 09:34:41',NULL),(758,'Frecheirinha',6,'2018-01-30 09:34:41',NULL),(759,'General Sampaio',6,'2018-01-30 09:34:41',NULL),(760,'Graça',6,'2018-01-30 09:34:41',NULL),(761,'Granja',6,'2018-01-30 09:34:41',NULL),(762,'Granjeiro',6,'2018-01-30 09:34:41',NULL),(763,'Groaíras',6,'2018-01-30 09:34:41',NULL),(764,'Guaiúba',6,'2018-01-30 09:34:41',NULL),(765,'Guaraciaba do Norte',6,'2018-01-30 09:34:41',NULL),(766,'Guaramiranga',6,'2018-01-30 09:34:41',NULL),(767,'Hidrolândia',6,'2018-01-30 09:34:41',NULL),(768,'Horizonte',6,'2018-01-30 09:34:41',NULL),(769,'Ibaretama',6,'2018-01-30 09:34:41',NULL),(770,'Ibiapina',6,'2018-01-30 09:34:41',NULL),(771,'Ibicuitinga',6,'2018-01-30 09:34:41',NULL),(772,'Icapuí',6,'2018-01-30 09:34:41',NULL),(773,'Icó',6,'2018-01-30 09:34:41',NULL),(774,'Iguatu',6,'2018-01-30 09:34:41',NULL),(775,'Independência',6,'2018-01-30 09:34:41',NULL),(776,'Ipaporanga',6,'2018-01-30 09:34:41',NULL),(777,'Ipaumirim',6,'2018-01-30 09:34:41',NULL),(778,'Ipu',6,'2018-01-30 09:34:41',NULL),(779,'Ipueiras',6,'2018-01-30 09:34:41',NULL),(780,'Iracema',6,'2018-01-30 09:34:41',NULL),(781,'Irauçuba',6,'2018-01-30 09:34:41',NULL),(782,'Itaiçaba',6,'2018-01-30 09:34:41',NULL),(783,'Itaitinga',6,'2018-01-30 09:34:41',NULL),(784,'Itapagé',6,'2018-01-30 09:34:41',NULL),(785,'Itapipoca',6,'2018-01-30 09:34:41',NULL),(786,'Itapiúna',6,'2018-01-30 09:34:41',NULL),(787,'Itarema',6,'2018-01-30 09:34:41',NULL),(788,'Itatira',6,'2018-01-30 09:34:41',NULL),(789,'Jaguaretama',6,'2018-01-30 09:34:41',NULL),(790,'Jaguaribara',6,'2018-01-30 09:34:41',NULL),(791,'Jaguaribe',6,'2018-01-30 09:34:41',NULL),(792,'Jaguaruana',6,'2018-01-30 09:34:41',NULL),(793,'Jardim',6,'2018-01-30 09:34:41',NULL),(794,'Jati',6,'2018-01-30 09:34:41',NULL),(795,'Jijoca de Jericoacoara',6,'2018-01-30 09:34:41',NULL),(796,'Juazeiro do Norte',6,'2018-01-30 09:34:41',NULL),(797,'Jucás',6,'2018-01-30 09:34:41',NULL),(798,'Lavras da Mangabeira',6,'2018-01-30 09:34:41',NULL),(799,'Limoeiro do Norte',6,'2018-01-30 09:34:41',NULL),(800,'Madalena',6,'2018-01-30 09:34:41',NULL),(801,'Maracanaú',6,'2018-01-30 09:34:41',NULL),(802,'Maranguape',6,'2018-01-30 09:34:41',NULL),(803,'Marco',6,'2018-01-30 09:34:41',NULL),(804,'Martinópole',6,'2018-01-30 09:34:41',NULL),(805,'Massapê',6,'2018-01-30 09:34:41',NULL),(806,'Mauriti',6,'2018-01-30 09:34:41',NULL),(807,'Meruoca',6,'2018-01-30 09:34:41',NULL),(808,'Milagres',6,'2018-01-30 09:34:41',NULL),(809,'Milhã',6,'2018-01-30 09:34:41',NULL),(810,'Miraíma',6,'2018-01-30 09:34:41',NULL),(811,'Missão Velha',6,'2018-01-30 09:34:41',NULL),(812,'Mombaça',6,'2018-01-30 09:34:41',NULL),(813,'Monsenhor Tabosa',6,'2018-01-30 09:34:41',NULL),(814,'Morada Nova',6,'2018-01-30 09:34:41',NULL),(815,'Moraújo',6,'2018-01-30 09:34:41',NULL),(816,'Morrinhos',6,'2018-01-30 09:34:41',NULL),(817,'Mucambo',6,'2018-01-30 09:34:41',NULL),(818,'Mulungu',6,'2018-01-30 09:34:41',NULL),(819,'Nova Olinda',6,'2018-01-30 09:34:41',NULL),(820,'Nova Russas',6,'2018-01-30 09:34:41',NULL),(821,'Novo Oriente',6,'2018-01-30 09:34:41',NULL),(822,'Ocara',6,'2018-01-30 09:34:41',NULL),(823,'Orós',6,'2018-01-30 09:34:41',NULL),(824,'Pacajus',6,'2018-01-30 09:34:41',NULL),(825,'Pacatuba',6,'2018-01-30 09:34:41',NULL),(826,'Pacoti',6,'2018-01-30 09:34:41',NULL),(827,'Pacujá',6,'2018-01-30 09:34:41',NULL),(828,'Palhano',6,'2018-01-30 09:34:41',NULL),(829,'Palmácia',6,'2018-01-30 09:34:41',NULL),(830,'Paracuru',6,'2018-01-30 09:34:41',NULL),(831,'Paraipaba',6,'2018-01-30 09:34:41',NULL),(832,'Parambu',6,'2018-01-30 09:34:41',NULL),(833,'Paramoti',6,'2018-01-30 09:34:41',NULL),(834,'Pedra Branca',6,'2018-01-30 09:34:41',NULL),(835,'Penaforte',6,'2018-01-30 09:34:41',NULL),(836,'Pentecoste',6,'2018-01-30 09:34:41',NULL),(837,'Pereiro',6,'2018-01-30 09:34:41',NULL),(838,'Pindoretama',6,'2018-01-30 09:34:41',NULL),(839,'Piquet Carneiro',6,'2018-01-30 09:34:41',NULL),(840,'Pires Ferreira',6,'2018-01-30 09:34:41',NULL),(841,'Poranga',6,'2018-01-30 09:34:41',NULL),(842,'Porteiras',6,'2018-01-30 09:34:41',NULL),(843,'Potengi',6,'2018-01-30 09:34:41',NULL),(844,'Potiretama',6,'2018-01-30 09:34:41',NULL),(845,'Quiterianópolis',6,'2018-01-30 09:34:41',NULL),(846,'Quixadá',6,'2018-01-30 09:34:41',NULL),(847,'Quixelô',6,'2018-01-30 09:34:41',NULL),(848,'Quixeramobim',6,'2018-01-30 09:34:41',NULL),(849,'Quixeré',6,'2018-01-30 09:34:41',NULL),(850,'Redenção',6,'2018-01-30 09:34:41',NULL),(851,'Reriutaba',6,'2018-01-30 09:34:41',NULL),(852,'Russas',6,'2018-01-30 09:34:41',NULL),(853,'Saboeiro',6,'2018-01-30 09:34:41',NULL),(854,'Salitre',6,'2018-01-30 09:34:41',NULL),(855,'Santa Quitéria',6,'2018-01-30 09:34:41',NULL),(856,'Santana do Acaraú',6,'2018-01-30 09:34:41',NULL),(857,'Santana do Cariri',6,'2018-01-30 09:34:41',NULL),(858,'São Benedito',6,'2018-01-30 09:34:41',NULL),(859,'São Gonçalo do Amarante',6,'2018-01-30 09:34:41',NULL),(860,'São João do Jaguaribe',6,'2018-01-30 09:34:41',NULL),(861,'São Luís do Curu',6,'2018-01-30 09:34:41',NULL),(862,'Senador Pompeu',6,'2018-01-30 09:34:41',NULL),(863,'Senador Sá',6,'2018-01-30 09:34:41',NULL),(864,'Sobral',6,'2018-01-30 09:34:41',NULL),(865,'Solonópole',6,'2018-01-30 09:34:41',NULL),(866,'Tabuleiro do Norte',6,'2018-01-30 09:34:41',NULL),(867,'Tamboril',6,'2018-01-30 09:34:41',NULL),(868,'Tarrafas',6,'2018-01-30 09:34:41',NULL),(869,'Tauá',6,'2018-01-30 09:34:41',NULL),(870,'Tejuçuoca',6,'2018-01-30 09:34:41',NULL),(871,'Tianguá',6,'2018-01-30 09:34:41',NULL),(872,'Trairi',6,'2018-01-30 09:34:41',NULL),(873,'Tururu',6,'2018-01-30 09:34:41',NULL),(874,'Ubajara',6,'2018-01-30 09:34:41',NULL),(875,'Umari',6,'2018-01-30 09:34:41',NULL),(876,'Umirim',6,'2018-01-30 09:34:41',NULL),(877,'Uruburetama',6,'2018-01-30 09:34:41',NULL),(878,'Uruoca',6,'2018-01-30 09:34:41',NULL),(879,'Varjota',6,'2018-01-30 09:34:41',NULL),(880,'Várzea Alegre',6,'2018-01-30 09:34:41',NULL),(881,'Viçosa do Ceará',6,'2018-01-30 09:34:41',NULL),(882,'Brasília',7,'2018-01-30 09:34:41',NULL),(883,'Abadia de Goiás',9,'2018-01-30 09:34:41',NULL),(884,'Abadiânia',9,'2018-01-30 09:34:41',NULL),(885,'Acreúna',9,'2018-01-30 09:34:41',NULL),(886,'Adelândia',9,'2018-01-30 09:34:41',NULL),(887,'Água Fria de Goiás',9,'2018-01-30 09:34:41',NULL),(888,'Água Limpa',9,'2018-01-30 09:34:41',NULL),(889,'Águas Lindas de Goiás',9,'2018-01-30 09:34:41',NULL),(890,'Alexânia',9,'2018-01-30 09:34:41',NULL),(891,'Aloândia',9,'2018-01-30 09:34:41',NULL),(892,'Alto Horizonte',9,'2018-01-30 09:34:41',NULL),(893,'Alto Paraíso de Goiás',9,'2018-01-30 09:34:41',NULL),(894,'Alvorada do Norte',9,'2018-01-30 09:34:41',NULL),(895,'Amaralina',9,'2018-01-30 09:34:41',NULL),(896,'Americano do Brasil',9,'2018-01-30 09:34:41',NULL),(897,'Amorinópolis',9,'2018-01-30 09:34:41',NULL),(898,'Anápolis',9,'2018-01-30 09:34:41',NULL),(899,'Anhanguera',9,'2018-01-30 09:34:41',NULL),(900,'Anicuns',9,'2018-01-30 09:34:41',NULL),(901,'Aparecida de Goiânia',9,'2018-01-30 09:34:41',NULL),(902,'Aparecida do Rio Doce',9,'2018-01-30 09:34:41',NULL),(903,'Aporé',9,'2018-01-30 09:34:41',NULL),(904,'Araçu',9,'2018-01-30 09:34:41',NULL),(905,'Aragarças',9,'2018-01-30 09:34:41',NULL),(906,'Aragoiânia',9,'2018-01-30 09:34:41',NULL),(907,'Araguapaz',9,'2018-01-30 09:34:41',NULL),(908,'Arenópolis',9,'2018-01-30 09:34:41',NULL),(909,'Aruanã',9,'2018-01-30 09:34:41',NULL),(910,'Aurilândia',9,'2018-01-30 09:34:41',NULL),(911,'Avelinópolis',9,'2018-01-30 09:34:41',NULL),(912,'Baliza',9,'2018-01-30 09:34:41',NULL),(913,'Barro Alto',9,'2018-01-30 09:34:41',NULL),(914,'Bela Vista de Goiás',9,'2018-01-30 09:34:41',NULL),(915,'Bom Jardim de Goiás',9,'2018-01-30 09:34:41',NULL),(916,'Bom Jesus de Goiás',9,'2018-01-30 09:34:41',NULL),(917,'Bonfinópolis',9,'2018-01-30 09:34:41',NULL),(918,'Bonópolis',9,'2018-01-30 09:34:41',NULL),(919,'Brazabrantes',9,'2018-01-30 09:34:41',NULL),(920,'Britânia',9,'2018-01-30 09:34:41',NULL),(921,'Buriti Alegre',9,'2018-01-30 09:34:41',NULL),(922,'Buriti de Goiás',9,'2018-01-30 09:34:41',NULL),(923,'Buritinópolis',9,'2018-01-30 09:34:41',NULL),(924,'Cabeceiras',9,'2018-01-30 09:34:41',NULL),(925,'Cachoeira Alta',9,'2018-01-30 09:34:41',NULL),(926,'Cachoeira de Goiás',9,'2018-01-30 09:34:41',NULL),(927,'Cachoeira Dourada',9,'2018-01-30 09:34:41',NULL),(928,'Caçu',9,'2018-01-30 09:34:41',NULL),(929,'Caiapônia',9,'2018-01-30 09:34:41',NULL),(930,'Caldas Novas',9,'2018-01-30 09:34:41',NULL),(931,'Caldazinha',9,'2018-01-30 09:34:41',NULL),(932,'Campestre de Goiás',9,'2018-01-30 09:34:41',NULL),(933,'Campinaçu',9,'2018-01-30 09:34:41',NULL),(934,'Campinorte',9,'2018-01-30 09:34:41',NULL),(935,'Campo Alegre de Goiás',9,'2018-01-30 09:34:41',NULL),(936,'Campo Limpo de Goiás',9,'2018-01-30 09:34:41',NULL),(937,'Campos Belos',9,'2018-01-30 09:34:41',NULL),(938,'Campos Verdes',9,'2018-01-30 09:34:41',NULL),(939,'Carmo do Rio Verde',9,'2018-01-30 09:34:41',NULL),(940,'Castelândia',9,'2018-01-30 09:34:41',NULL),(941,'Catalão',9,'2018-01-30 09:34:41',NULL),(942,'Caturaí',9,'2018-01-30 09:34:41',NULL),(943,'Cavalcante',9,'2018-01-30 09:34:41',NULL),(944,'Ceres',9,'2018-01-30 09:34:41',NULL),(945,'Cezarina',9,'2018-01-30 09:34:41',NULL),(946,'Chapadão do Céu',9,'2018-01-30 09:34:41',NULL),(947,'Cidade Ocidental',9,'2018-01-30 09:34:41',NULL),(948,'Cocalzinho de Goiás',9,'2018-01-30 09:34:41',NULL),(949,'Colinas do Sul',9,'2018-01-30 09:34:41',NULL),(950,'Córrego do Ouro',9,'2018-01-30 09:34:41',NULL),(951,'Corumbá de Goiás',9,'2018-01-30 09:34:41',NULL),(952,'Corumbaíba',9,'2018-01-30 09:34:41',NULL),(953,'Cristalina',9,'2018-01-30 09:34:41',NULL),(954,'Cristianópolis',9,'2018-01-30 09:34:41',NULL),(955,'Crixás',9,'2018-01-30 09:34:41',NULL),(956,'Cromínia',9,'2018-01-30 09:34:41',NULL),(957,'Cumari',9,'2018-01-30 09:34:41',NULL),(958,'Damianópolis',9,'2018-01-30 09:34:41',NULL),(959,'Damolândia',9,'2018-01-30 09:34:41',NULL),(960,'Davinópolis',9,'2018-01-30 09:34:41',NULL),(961,'Diorama',9,'2018-01-30 09:34:41',NULL),(962,'Divinópolis de Goiás',9,'2018-01-30 09:34:41',NULL),(963,'Doverlândia',9,'2018-01-30 09:34:41',NULL),(964,'Edealina',9,'2018-01-30 09:34:41',NULL),(965,'Edéia',9,'2018-01-30 09:34:41',NULL),(966,'Estrela do Norte',9,'2018-01-30 09:34:41',NULL),(967,'Faina',9,'2018-01-30 09:34:41',NULL),(968,'Fazenda Nova',9,'2018-01-30 09:34:41',NULL),(969,'Firminópolis',9,'2018-01-30 09:34:41',NULL),(970,'Flores de Goiás',9,'2018-01-30 09:34:41',NULL),(971,'Formosa',9,'2018-01-30 09:34:41',NULL),(972,'Formoso',9,'2018-01-30 09:34:41',NULL),(973,'Gameleira de Goiás',9,'2018-01-30 09:34:41',NULL),(974,'Goianápolis',9,'2018-01-30 09:34:41',NULL),(975,'Goiandira',9,'2018-01-30 09:34:41',NULL),(976,'Goianésia',9,'2018-01-30 09:34:41',NULL),(977,'Goiânia',9,'2018-01-30 09:34:41',NULL),(978,'Goianira',9,'2018-01-30 09:34:41',NULL),(979,'Goiás',9,'2018-01-30 09:34:41',NULL),(980,'Goiatuba',9,'2018-01-30 09:34:41',NULL),(981,'Gouvelândia',9,'2018-01-30 09:34:41',NULL),(982,'Guapó',9,'2018-01-30 09:34:41',NULL),(983,'Guaraíta',9,'2018-01-30 09:34:41',NULL),(984,'Guarani de Goiás',9,'2018-01-30 09:34:41',NULL),(985,'Guarinos',9,'2018-01-30 09:34:41',NULL),(986,'Heitoraí',9,'2018-01-30 09:34:41',NULL),(987,'Hidrolândia',9,'2018-01-30 09:34:41',NULL),(988,'Hidrolina',9,'2018-01-30 09:34:41',NULL),(989,'Iaciara',9,'2018-01-30 09:34:41',NULL),(990,'Inaciolândia',9,'2018-01-30 09:34:41',NULL),(991,'Indiara',9,'2018-01-30 09:34:41',NULL),(992,'Inhumas',9,'2018-01-30 09:34:41',NULL),(993,'Ipameri',9,'2018-01-30 09:34:41',NULL),(994,'Ipiranga de Goiás',9,'2018-01-30 09:34:41',NULL),(995,'Iporá',9,'2018-01-30 09:34:41',NULL),(996,'Israelândia',9,'2018-01-30 09:34:41',NULL),(997,'Itaberaí',9,'2018-01-30 09:34:41',NULL),(998,'Itaguari',9,'2018-01-30 09:34:41',NULL),(999,'Itaguaru',9,'2018-01-30 09:34:41',NULL),(1000,'Itajá',9,'2018-01-30 09:34:41',NULL),(1001,'Itapaci',9,'2018-01-30 09:34:41',NULL),(1002,'Itapirapuã',9,'2018-01-30 09:34:41',NULL),(1003,'Itapuranga',9,'2018-01-30 09:34:41',NULL),(1004,'Itarumã',9,'2018-01-30 09:34:41',NULL),(1005,'Itauçu',9,'2018-01-30 09:34:41',NULL),(1006,'Itumbiara',9,'2018-01-30 09:34:41',NULL),(1007,'Ivolândia',9,'2018-01-30 09:34:41',NULL),(1008,'Jandaia',9,'2018-01-30 09:34:41',NULL),(1009,'Jaraguá',9,'2018-01-30 09:34:41',NULL),(1010,'Jataí',9,'2018-01-30 09:34:41',NULL),(1011,'Jaupaci',9,'2018-01-30 09:34:41',NULL),(1012,'Jesúpolis',9,'2018-01-30 09:34:41',NULL),(1013,'Joviânia',9,'2018-01-30 09:34:41',NULL),(1014,'Jussara',9,'2018-01-30 09:34:41',NULL),(1015,'Lagoa Santa',9,'2018-01-30 09:34:41',NULL),(1016,'Leopoldo de Bulhões',9,'2018-01-30 09:34:41',NULL),(1017,'Luziânia',9,'2018-01-30 09:34:41',NULL),(1018,'Mairipotaba',9,'2018-01-30 09:34:41',NULL),(1019,'Mambaí',9,'2018-01-30 09:34:41',NULL),(1020,'Mara Rosa',9,'2018-01-30 09:34:41',NULL),(1021,'Marzagão',9,'2018-01-30 09:34:41',NULL),(1022,'Matrinchã',9,'2018-01-30 09:34:41',NULL),(1023,'Maurilândia',9,'2018-01-30 09:34:41',NULL),(1024,'Mimoso de Goiás',9,'2018-01-30 09:34:41',NULL),(1025,'Minaçu',9,'2018-01-30 09:34:41',NULL),(1026,'Mineiros',9,'2018-01-30 09:34:41',NULL),(1027,'Moiporá',9,'2018-01-30 09:34:41',NULL),(1028,'Monte Alegre de Goiás',9,'2018-01-30 09:34:41',NULL),(1029,'Montes Claros de Goiás',9,'2018-01-30 09:34:41',NULL),(1030,'Montividiu',9,'2018-01-30 09:34:41',NULL),(1031,'Montividiu do Norte',9,'2018-01-30 09:34:41',NULL),(1032,'Morrinhos',9,'2018-01-30 09:34:41',NULL),(1033,'Morro Agudo de Goiás',9,'2018-01-30 09:34:41',NULL),(1034,'Mossâmedes',9,'2018-01-30 09:34:41',NULL),(1035,'Mozarlândia',9,'2018-01-30 09:34:41',NULL),(1036,'Mundo Novo',9,'2018-01-30 09:34:41',NULL),(1037,'Mutunópolis',9,'2018-01-30 09:34:41',NULL),(1038,'Nazário',9,'2018-01-30 09:34:41',NULL),(1039,'Nerópolis',9,'2018-01-30 09:34:41',NULL),(1040,'Niquelândia',9,'2018-01-30 09:34:41',NULL),(1041,'Nova América',9,'2018-01-30 09:34:41',NULL),(1042,'Nova Aurora',9,'2018-01-30 09:34:41',NULL),(1043,'Nova Crixás',9,'2018-01-30 09:34:41',NULL),(1044,'Nova Glória',9,'2018-01-30 09:34:41',NULL),(1045,'Nova Iguaçu de Goiás',9,'2018-01-30 09:34:41',NULL),(1046,'Nova Roma',9,'2018-01-30 09:34:41',NULL),(1047,'Nova Veneza',9,'2018-01-30 09:34:41',NULL),(1048,'Novo Brasil',9,'2018-01-30 09:34:41',NULL),(1049,'Novo Gama',9,'2018-01-30 09:34:41',NULL),(1050,'Novo Planalto',9,'2018-01-30 09:34:41',NULL),(1051,'Orizona',9,'2018-01-30 09:34:41',NULL),(1052,'Ouro Verde de Goiás',9,'2018-01-30 09:34:41',NULL),(1053,'Ouvidor',9,'2018-01-30 09:34:41',NULL),(1054,'Padre Bernardo',9,'2018-01-30 09:34:41',NULL),(1055,'Palestina de Goiás',9,'2018-01-30 09:34:41',NULL),(1056,'Palmeiras de Goiás',9,'2018-01-30 09:34:41',NULL),(1057,'Palmelo',9,'2018-01-30 09:34:41',NULL),(1058,'Palminópolis',9,'2018-01-30 09:34:41',NULL),(1059,'Panamá',9,'2018-01-30 09:34:41',NULL),(1060,'Paranaiguara',9,'2018-01-30 09:34:41',NULL),(1061,'Paraúna',9,'2018-01-30 09:34:41',NULL),(1062,'Perolândia',9,'2018-01-30 09:34:41',NULL),(1063,'Petrolina de Goiás',9,'2018-01-30 09:34:41',NULL),(1064,'Pilar de Goiás',9,'2018-01-30 09:34:41',NULL),(1065,'Piracanjuba',9,'2018-01-30 09:34:41',NULL),(1066,'Piranhas',9,'2018-01-30 09:34:41',NULL),(1067,'Pirenópolis',9,'2018-01-30 09:34:41',NULL),(1068,'Pires do Rio',9,'2018-01-30 09:34:41',NULL),(1069,'Planaltina',9,'2018-01-30 09:34:41',NULL),(1070,'Pontalina',9,'2018-01-30 09:34:41',NULL),(1071,'Porangatu',9,'2018-01-30 09:34:41',NULL),(1072,'Porteirão',9,'2018-01-30 09:34:41',NULL),(1073,'Portelândia',9,'2018-01-30 09:34:41',NULL),(1074,'Posse',9,'2018-01-30 09:34:41',NULL),(1075,'Professor Jamil',9,'2018-01-30 09:34:41',NULL),(1076,'Quirinópolis',9,'2018-01-30 09:34:41',NULL),(1077,'Rialma',9,'2018-01-30 09:34:41',NULL),(1078,'Rianápolis',9,'2018-01-30 09:34:41',NULL),(1079,'Rio Quente',9,'2018-01-30 09:34:41',NULL),(1080,'Rio Verde',9,'2018-01-30 09:34:41',NULL),(1081,'Rubiataba',9,'2018-01-30 09:34:41',NULL),(1082,'Sanclerlândia',9,'2018-01-30 09:34:41',NULL),(1083,'Santa Bárbara de Goiás',9,'2018-01-30 09:34:41',NULL),(1084,'Santa Cruz de Goiás',9,'2018-01-30 09:34:41',NULL),(1085,'Santa Fé de Goiás',9,'2018-01-30 09:34:41',NULL),(1086,'Santa Helena de Goiás',9,'2018-01-30 09:34:41',NULL),(1087,'Santa Isabel',9,'2018-01-30 09:34:41',NULL),(1088,'Santa Rita do Araguaia',9,'2018-01-30 09:34:41',NULL),(1089,'Santa Rita do Novo Destino',9,'2018-01-30 09:34:41',NULL),(1090,'Santa Rosa de Goiás',9,'2018-01-30 09:34:41',NULL),(1091,'Santa Tereza de Goiás',9,'2018-01-30 09:34:41',NULL),(1092,'Santa Terezinha de Goiás',9,'2018-01-30 09:34:41',NULL),(1093,'Santo Antônio da Barra',9,'2018-01-30 09:34:41',NULL),(1094,'Santo Antônio de Goiás',9,'2018-01-30 09:34:41',NULL),(1095,'Santo Antônio do Descoberto',9,'2018-01-30 09:34:41',NULL),(1096,'São Domingos',9,'2018-01-30 09:34:41',NULL),(1097,'São Francisco de Goiás',9,'2018-01-30 09:34:41',NULL),(1098,'São João d`Aliança',9,'2018-01-30 09:34:41',NULL),(1099,'São João da Paraúna',9,'2018-01-30 09:34:41',NULL),(1100,'São Luís de Montes Belos',9,'2018-01-30 09:34:41',NULL),(1101,'São Luíz do Norte',9,'2018-01-30 09:34:41',NULL),(1102,'São Miguel do Araguaia',9,'2018-01-30 09:34:41',NULL),(1103,'São Miguel do Passa Quatro',9,'2018-01-30 09:34:41',NULL),(1104,'São Patrício',9,'2018-01-30 09:34:41',NULL),(1105,'São Simão',9,'2018-01-30 09:34:41',NULL),(1106,'Senador Canedo',9,'2018-01-30 09:34:41',NULL),(1107,'Serranópolis',9,'2018-01-30 09:34:41',NULL),(1108,'Silvânia',9,'2018-01-30 09:34:41',NULL),(1109,'Simolândia',9,'2018-01-30 09:34:41',NULL),(1110,'Sítio d`Abadia',9,'2018-01-30 09:34:41',NULL),(1111,'Taquaral de Goiás',9,'2018-01-30 09:34:41',NULL),(1112,'Teresina de Goiás',9,'2018-01-30 09:34:41',NULL),(1113,'Terezópolis de Goiás',9,'2018-01-30 09:34:41',NULL),(1114,'Três Ranchos',9,'2018-01-30 09:34:41',NULL),(1115,'Trindade',9,'2018-01-30 09:34:41',NULL),(1116,'Trombas',9,'2018-01-30 09:34:41',NULL),(1117,'Turvânia',9,'2018-01-30 09:34:41',NULL),(1118,'Turvelândia',9,'2018-01-30 09:34:41',NULL),(1119,'Uirapuru',9,'2018-01-30 09:34:41',NULL),(1120,'Uruaçu',9,'2018-01-30 09:34:41',NULL),(1121,'Uruana',9,'2018-01-30 09:34:41',NULL),(1122,'Urutaí',9,'2018-01-30 09:34:41',NULL),(1123,'Valparaíso de Goiás',9,'2018-01-30 09:34:41',NULL),(1124,'Varjão',9,'2018-01-30 09:34:41',NULL),(1125,'Vianópolis',9,'2018-01-30 09:34:41',NULL),(1126,'Vicentinópolis',9,'2018-01-30 09:34:41',NULL),(1127,'Vila Boa',9,'2018-01-30 09:34:41',NULL),(1128,'Vila Propício',9,'2018-01-30 09:34:41',NULL),(1129,'Açailândia',10,'2018-01-30 09:34:41',NULL),(1130,'Afonso Cunha',10,'2018-01-30 09:34:41',NULL),(1131,'Água Doce do Maranhão',10,'2018-01-30 09:34:41',NULL),(1132,'Alcântara',10,'2018-01-30 09:34:41',NULL),(1133,'Aldeias Altas',10,'2018-01-30 09:34:41',NULL),(1134,'Altamira do Maranhão',10,'2018-01-30 09:34:41',NULL),(1135,'Alto Alegre do Maranhão',10,'2018-01-30 09:34:41',NULL),(1136,'Alto Alegre do Pindaré',10,'2018-01-30 09:34:41',NULL),(1137,'Alto Parnaíba',10,'2018-01-30 09:34:41',NULL),(1138,'Amapá do Maranhão',10,'2018-01-30 09:34:41',NULL),(1139,'Amarante do Maranhão',10,'2018-01-30 09:34:41',NULL),(1140,'Anajatuba',10,'2018-01-30 09:34:41',NULL),(1141,'Anapurus',10,'2018-01-30 09:34:41',NULL),(1142,'Apicum-Açu',10,'2018-01-30 09:34:41',NULL),(1143,'Araguanã',10,'2018-01-30 09:34:41',NULL),(1144,'Araioses',10,'2018-01-30 09:34:41',NULL),(1145,'Arame',10,'2018-01-30 09:34:41',NULL),(1146,'Arari',10,'2018-01-30 09:34:41',NULL),(1147,'Axixá',10,'2018-01-30 09:34:41',NULL),(1148,'Bacabal',10,'2018-01-30 09:34:41',NULL),(1149,'Bacabeira',10,'2018-01-30 09:34:41',NULL),(1150,'Bacuri',10,'2018-01-30 09:34:41',NULL),(1151,'Bacurituba',10,'2018-01-30 09:34:41',NULL),(1152,'Balsas',10,'2018-01-30 09:34:41',NULL),(1153,'Barão de Grajaú',10,'2018-01-30 09:34:41',NULL),(1154,'Barra do Corda',10,'2018-01-30 09:34:41',NULL),(1155,'Barreirinhas',10,'2018-01-30 09:34:41',NULL),(1156,'Bela Vista do Maranhão',10,'2018-01-30 09:34:41',NULL),(1157,'Belágua',10,'2018-01-30 09:34:41',NULL),(1158,'Benedito Leite',10,'2018-01-30 09:34:41',NULL),(1159,'Bequimão',10,'2018-01-30 09:34:41',NULL),(1160,'Bernardo do Mearim',10,'2018-01-30 09:34:41',NULL),(1161,'Boa Vista do Gurupi',10,'2018-01-30 09:34:41',NULL),(1162,'Bom Jardim',10,'2018-01-30 09:34:41',NULL),(1163,'Bom Jesus das Selvas',10,'2018-01-30 09:34:41',NULL),(1164,'Bom Lugar',10,'2018-01-30 09:34:41',NULL),(1165,'Brejo',10,'2018-01-30 09:34:41',NULL),(1166,'Brejo de Areia',10,'2018-01-30 09:34:41',NULL),(1167,'Buriti',10,'2018-01-30 09:34:41',NULL),(1168,'Buriti Bravo',10,'2018-01-30 09:34:41',NULL),(1169,'Buriticupu',10,'2018-01-30 09:34:41',NULL),(1170,'Buritirana',10,'2018-01-30 09:34:41',NULL),(1171,'Cachoeira Grande',10,'2018-01-30 09:34:41',NULL),(1172,'Cajapió',10,'2018-01-30 09:34:41',NULL),(1173,'Cajari',10,'2018-01-30 09:34:41',NULL),(1174,'Campestre do Maranhão',10,'2018-01-30 09:34:41',NULL),(1175,'Cândido Mendes',10,'2018-01-30 09:34:41',NULL),(1176,'Cantanhede',10,'2018-01-30 09:34:41',NULL),(1177,'Capinzal do Norte',10,'2018-01-30 09:34:41',NULL),(1178,'Carolina',10,'2018-01-30 09:34:41',NULL),(1179,'Carutapera',10,'2018-01-30 09:34:41',NULL),(1180,'Caxias',10,'2018-01-30 09:34:41',NULL),(1181,'Cedral',10,'2018-01-30 09:34:41',NULL),(1182,'Central do Maranhão',10,'2018-01-30 09:34:41',NULL),(1183,'Centro do Guilherme',10,'2018-01-30 09:34:41',NULL),(1184,'Centro Novo do Maranhão',10,'2018-01-30 09:34:41',NULL),(1185,'Chapadinha',10,'2018-01-30 09:34:41',NULL),(1186,'Cidelândia',10,'2018-01-30 09:34:41',NULL),(1187,'Codó',10,'2018-01-30 09:34:41',NULL),(1188,'Coelho Neto',10,'2018-01-30 09:34:41',NULL),(1189,'Colinas',10,'2018-01-30 09:34:41',NULL),(1190,'Conceição do Lago-Açu',10,'2018-01-30 09:34:41',NULL),(1191,'Coroatá',10,'2018-01-30 09:34:41',NULL),(1192,'Cururupu',10,'2018-01-30 09:34:41',NULL),(1193,'Davinópolis',10,'2018-01-30 09:34:41',NULL),(1194,'Dom Pedro',10,'2018-01-30 09:34:41',NULL),(1195,'Duque Bacelar',10,'2018-01-30 09:34:41',NULL),(1196,'Esperantinópolis',10,'2018-01-30 09:34:41',NULL),(1197,'Estreito',10,'2018-01-30 09:34:41',NULL),(1198,'Feira Nova do Maranhão',10,'2018-01-30 09:34:41',NULL),(1199,'Fernando Falcão',10,'2018-01-30 09:34:41',NULL),(1200,'Formosa da Serra Negra',10,'2018-01-30 09:34:41',NULL),(1201,'Fortaleza dos Nogueiras',10,'2018-01-30 09:34:41',NULL),(1202,'Fortuna',10,'2018-01-30 09:34:41',NULL),(1203,'Godofredo Viana',10,'2018-01-30 09:34:41',NULL),(1204,'Gonçalves Dias',10,'2018-01-30 09:34:41',NULL),(1205,'Governador Archer',10,'2018-01-30 09:34:41',NULL),(1206,'Governador Edison Lobão',10,'2018-01-30 09:34:41',NULL),(1207,'Governador Eugênio Barros',10,'2018-01-30 09:34:41',NULL),(1208,'Governador Luiz Rocha',10,'2018-01-30 09:34:41',NULL),(1209,'Governador Newton Bello',10,'2018-01-30 09:34:41',NULL),(1210,'Governador Nunes Freire',10,'2018-01-30 09:34:41',NULL),(1211,'Graça Aranha',10,'2018-01-30 09:34:41',NULL),(1212,'Grajaú',10,'2018-01-30 09:34:41',NULL),(1213,'Guimarães',10,'2018-01-30 09:34:41',NULL),(1214,'Humberto de Campos',10,'2018-01-30 09:34:41',NULL),(1215,'Icatu',10,'2018-01-30 09:34:41',NULL),(1216,'Igarapé do Meio',10,'2018-01-30 09:34:41',NULL),(1217,'Igarapé Grande',10,'2018-01-30 09:34:41',NULL),(1218,'Imperatriz',10,'2018-01-30 09:34:41',NULL),(1219,'Itaipava do Grajaú',10,'2018-01-30 09:34:41',NULL),(1220,'Itapecuru Mirim',10,'2018-01-30 09:34:41',NULL),(1221,'Itinga do Maranhão',10,'2018-01-30 09:34:41',NULL),(1222,'Jatobá',10,'2018-01-30 09:34:41',NULL),(1223,'Jenipapo dos Vieiras',10,'2018-01-30 09:34:41',NULL),(1224,'João Lisboa',10,'2018-01-30 09:34:41',NULL),(1225,'Joselândia',10,'2018-01-30 09:34:41',NULL),(1226,'Junco do Maranhão',10,'2018-01-30 09:34:41',NULL),(1227,'Lago da Pedra',10,'2018-01-30 09:34:41',NULL),(1228,'Lago do Junco',10,'2018-01-30 09:34:41',NULL),(1229,'Lago dos Rodrigues',10,'2018-01-30 09:34:41',NULL),(1230,'Lago Verde',10,'2018-01-30 09:34:41',NULL),(1231,'Lagoa do Mato',10,'2018-01-30 09:34:41',NULL),(1232,'Lagoa Grande do Maranhão',10,'2018-01-30 09:34:41',NULL),(1233,'Lajeado Novo',10,'2018-01-30 09:34:41',NULL),(1234,'Lima Campos',10,'2018-01-30 09:34:41',NULL),(1235,'Loreto',10,'2018-01-30 09:34:41',NULL),(1236,'Luís Domingues',10,'2018-01-30 09:34:41',NULL),(1237,'Magalhães de Almeida',10,'2018-01-30 09:34:41',NULL),(1238,'Maracaçumé',10,'2018-01-30 09:34:41',NULL),(1239,'Marajá do Sena',10,'2018-01-30 09:34:41',NULL),(1240,'Maranhãozinho',10,'2018-01-30 09:34:41',NULL),(1241,'Mata Roma',10,'2018-01-30 09:34:41',NULL),(1242,'Matinha',10,'2018-01-30 09:34:41',NULL),(1243,'Matões',10,'2018-01-30 09:34:41',NULL),(1244,'Matões do Norte',10,'2018-01-30 09:34:41',NULL),(1245,'Milagres do Maranhão',10,'2018-01-30 09:34:41',NULL),(1246,'Mirador',10,'2018-01-30 09:34:41',NULL),(1247,'Miranda do Norte',10,'2018-01-30 09:34:41',NULL),(1248,'Mirinzal',10,'2018-01-30 09:34:41',NULL),(1249,'Monção',10,'2018-01-30 09:34:41',NULL),(1250,'Montes Altos',10,'2018-01-30 09:34:41',NULL),(1251,'Morros',10,'2018-01-30 09:34:41',NULL),(1252,'Nina Rodrigues',10,'2018-01-30 09:34:41',NULL),(1253,'Nova Colinas',10,'2018-01-30 09:34:41',NULL),(1254,'Nova Iorque',10,'2018-01-30 09:34:41',NULL),(1255,'Nova Olinda do Maranhão',10,'2018-01-30 09:34:41',NULL),(1256,'Olho d`Água das Cunhãs',10,'2018-01-30 09:34:41',NULL),(1257,'Olinda Nova do Maranhão',10,'2018-01-30 09:34:41',NULL),(1258,'Paço do Lumiar',10,'2018-01-30 09:34:41',NULL),(1259,'Palmeirândia',10,'2018-01-30 09:34:41',NULL),(1260,'Paraibano',10,'2018-01-30 09:34:41',NULL),(1261,'Parnarama',10,'2018-01-30 09:34:41',NULL),(1262,'Passagem Franca',10,'2018-01-30 09:34:41',NULL),(1263,'Pastos Bons',10,'2018-01-30 09:34:41',NULL),(1264,'Paulino Neves',10,'2018-01-30 09:34:41',NULL),(1265,'Paulo Ramos',10,'2018-01-30 09:34:41',NULL),(1266,'Pedreiras',10,'2018-01-30 09:34:41',NULL),(1267,'Pedro do Rosário',10,'2018-01-30 09:34:41',NULL),(1268,'Penalva',10,'2018-01-30 09:34:41',NULL),(1269,'Peri Mirim',10,'2018-01-30 09:34:41',NULL),(1270,'Peritoró',10,'2018-01-30 09:34:41',NULL),(1271,'Pindaré-Mirim',10,'2018-01-30 09:34:41',NULL),(1272,'Pinheiro',10,'2018-01-30 09:34:41',NULL),(1273,'Pio XII',10,'2018-01-30 09:34:41',NULL),(1274,'Pirapemas',10,'2018-01-30 09:34:41',NULL),(1275,'Poção de Pedras',10,'2018-01-30 09:34:41',NULL),(1276,'Porto Franco',10,'2018-01-30 09:34:41',NULL),(1277,'Porto Rico do Maranhão',10,'2018-01-30 09:34:41',NULL),(1278,'Presidente Dutra',10,'2018-01-30 09:34:41',NULL),(1279,'Presidente Juscelino',10,'2018-01-30 09:34:41',NULL),(1280,'Presidente Médici',10,'2018-01-30 09:34:41',NULL),(1281,'Presidente Sarney',10,'2018-01-30 09:34:41',NULL),(1282,'Presidente Vargas',10,'2018-01-30 09:34:41',NULL),(1283,'Primeira Cruz',10,'2018-01-30 09:34:41',NULL),(1284,'Raposa',10,'2018-01-30 09:34:41',NULL),(1285,'Riachão',10,'2018-01-30 09:34:41',NULL),(1286,'Ribamar Fiquene',10,'2018-01-30 09:34:41',NULL),(1287,'Rosário',10,'2018-01-30 09:34:41',NULL),(1288,'Sambaíba',10,'2018-01-30 09:34:41',NULL),(1289,'Santa Filomena do Maranhão',10,'2018-01-30 09:34:41',NULL),(1290,'Santa Helena',10,'2018-01-30 09:34:41',NULL),(1291,'Santa Inês',10,'2018-01-30 09:34:41',NULL),(1292,'Santa Luzia',10,'2018-01-30 09:34:41',NULL),(1293,'Santa Luzia do Paruá',10,'2018-01-30 09:34:41',NULL),(1294,'Santa Quitéria do Maranhão',10,'2018-01-30 09:34:41',NULL),(1295,'Santa Rita',10,'2018-01-30 09:34:41',NULL),(1296,'Santana do Maranhão',10,'2018-01-30 09:34:41',NULL),(1297,'Santo Amaro do Maranhão',10,'2018-01-30 09:34:41',NULL),(1298,'Santo Antônio dos Lopes',10,'2018-01-30 09:34:41',NULL),(1299,'São Benedito do Rio Preto',10,'2018-01-30 09:34:41',NULL),(1300,'São Bento',10,'2018-01-30 09:34:41',NULL),(1301,'São Bernardo',10,'2018-01-30 09:34:41',NULL),(1302,'São Domingos do Azeitão',10,'2018-01-30 09:34:41',NULL),(1303,'São Domingos do Maranhão',10,'2018-01-30 09:34:41',NULL),(1304,'São Félix de Balsas',10,'2018-01-30 09:34:41',NULL),(1305,'São Francisco do Brejão',10,'2018-01-30 09:34:41',NULL),(1306,'São Francisco do Maranhão',10,'2018-01-30 09:34:41',NULL),(1307,'São João Batista',10,'2018-01-30 09:34:41',NULL),(1308,'São João do Carú',10,'2018-01-30 09:34:41',NULL),(1309,'São João do Paraíso',10,'2018-01-30 09:34:41',NULL),(1310,'São João do Soter',10,'2018-01-30 09:34:41',NULL),(1311,'São João dos Patos',10,'2018-01-30 09:34:41',NULL),(1312,'São José de Ribamar',10,'2018-01-30 09:34:41',NULL),(1313,'São José dos Basílios',10,'2018-01-30 09:34:41',NULL),(1314,'São Luís',10,'2018-01-30 09:34:41',NULL),(1315,'São Luís Gonzaga do Maranhão',10,'2018-01-30 09:34:41',NULL),(1316,'São Mateus do Maranhão',10,'2018-01-30 09:34:41',NULL),(1317,'São Pedro da Água Branca',10,'2018-01-30 09:34:41',NULL),(1318,'São Pedro dos Crentes',10,'2018-01-30 09:34:41',NULL),(1319,'São Raimundo das Mangabeiras',10,'2018-01-30 09:34:41',NULL),(1320,'São Raimundo do Doca Bezerra',10,'2018-01-30 09:34:41',NULL),(1321,'São Roberto',10,'2018-01-30 09:34:41',NULL),(1322,'São Vicente Ferrer',10,'2018-01-30 09:34:41',NULL),(1323,'Satubinha',10,'2018-01-30 09:34:41',NULL),(1324,'Senador Alexandre Costa',10,'2018-01-30 09:34:41',NULL),(1325,'Senador La Rocque',10,'2018-01-30 09:34:41',NULL),(1326,'Serrano do Maranhão',10,'2018-01-30 09:34:41',NULL),(1327,'Sítio Novo',10,'2018-01-30 09:34:41',NULL),(1328,'Sucupira do Norte',10,'2018-01-30 09:34:41',NULL),(1329,'Sucupira do Riachão',10,'2018-01-30 09:34:41',NULL),(1330,'Tasso Fragoso',10,'2018-01-30 09:34:41',NULL),(1331,'Timbiras',10,'2018-01-30 09:34:41',NULL),(1332,'Timon',10,'2018-01-30 09:34:41',NULL),(1333,'Trizidela do Vale',10,'2018-01-30 09:34:41',NULL),(1334,'Tufilândia',10,'2018-01-30 09:34:41',NULL),(1335,'Tuntum',10,'2018-01-30 09:34:41',NULL),(1336,'Turiaçu',10,'2018-01-30 09:34:41',NULL),(1337,'Turilândia',10,'2018-01-30 09:34:41',NULL),(1338,'Tutóia',10,'2018-01-30 09:34:41',NULL),(1339,'Urbano Santos',10,'2018-01-30 09:34:41',NULL),(1340,'Vargem Grande',10,'2018-01-30 09:34:41',NULL),(1341,'Viana',10,'2018-01-30 09:34:41',NULL),(1342,'Vila Nova dos Martírios',10,'2018-01-30 09:34:41',NULL),(1343,'Vitória do Mearim',10,'2018-01-30 09:34:41',NULL),(1344,'Vitorino Freire',10,'2018-01-30 09:34:41',NULL),(1345,'Zé Doca',10,'2018-01-30 09:34:41',NULL);

/*Table structure for table `clients` */

DROP TABLE IF EXISTS `clients`;

CREATE TABLE `clients` (
  `id` int(10) unsigned NOT NULL AUTO_INCREMENT,
  `name` varchar(191) COLLATE utf8mb4_unicode_ci NOT NULL,
  `street1` varchar(191) COLLATE utf8mb4_unicode_ci NOT NULL,
  `street2` varchar(191) COLLATE utf8mb4_unicode_ci DEFAULT NULL,
  `country` varchar(191) COLLATE utf8mb4_unicode_ci NOT NULL,
  `province` varchar(191) COLLATE utf8mb4_unicode_ci NOT NULL,
  `city` varchar(191) COLLATE utf8mb4_unicode_ci NOT NULL,
  `email` varchar(191) COLLATE utf8mb4_unicode_ci NOT NULL,
  `phone` varchar(191) COLLATE utf8mb4_unicode_ci NOT NULL,
  `status` varchar(191) COLLATE utf8mb4_unicode_ci DEFAULT 'active',
  `deleted_at` timestamp NULL DEFAULT NULL,
  `created_by` int(11) NOT NULL DEFAULT '0',
  `updated_by` int(11) NOT NULL DEFAULT '0',
  `created_at` timestamp NULL DEFAULT NULL,
  `updated_at` timestamp NULL DEFAULT NULL,
  `job_number` varchar(191) COLLATE utf8mb4_unicode_ci DEFAULT NULL,
  `zipcode` varchar(191) COLLATE utf8mb4_unicode_ci DEFAULT NULL,
  `bill_city` varchar(191) COLLATE utf8mb4_unicode_ci DEFAULT NULL,
  `bill_state` varchar(191) COLLATE utf8mb4_unicode_ci DEFAULT NULL,
  `bill_zipcode` varchar(191) COLLATE utf8mb4_unicode_ci DEFAULT NULL,
  PRIMARY KEY (`id`),
  UNIQUE KEY `clients_email_unique` (`email`)
) ENGINE=InnoDB AUTO_INCREMENT=46 DEFAULT CHARSET=utf8mb4 COLLATE=utf8mb4_unicode_ci;

/*Data for the table `clients` */

insert  into `clients`(`id`,`name`,`street1`,`street2`,`country`,`province`,`city`,`email`,`phone`,`status`,`deleted_at`,`created_by`,`updated_by`,`created_at`,`updated_at`,`job_number`,`zipcode`,`bill_city`,`bill_state`,`bill_zipcode`) values (1,'dfgd','sdf','dfsd','1','2','101','dffss@gmail.com','9878458569','active','2018-05-08 17:50:18',1,0,'2018-02-14 06:41:03','2018-05-08 17:50:18','e-103','1234',NULL,NULL,NULL),(2,'adas','dasd','sds','1','2','101','sddsd@mail.com','9878458569','active','2018-02-23 07:23:06',2,0,'2018-02-14 07:23:03','2018-02-23 07:23:06','e-104','1234',NULL,NULL,NULL),(3,'dasd','sds','sdas','1','3','219','hetal.d@gmail.com','9878458569','active','2018-05-08 17:50:15',3,0,'2018-02-14 07:24:47','2018-05-08 17:50:15','d-345','1234',NULL,NULL,NULL),(4,'test','asdsads','dsfsdfsd','1','1','79','wikitdv@gmail.com','1234567890','active','2018-02-15 05:59:29',4,0,'2018-02-15 05:57:52','2018-02-15 05:59:29','y-53','1234',NULL,NULL,NULL),(5,'Vraj patel Client','Jaipur','Rj','1','9','883','vrajptlqa@gmail.com','1122334456','active','2018-05-08 17:44:53',5,0,'2018-02-23 07:20:03','2018-05-08 17:44:53','u-453','1234',NULL,NULL,NULL),(6,'Test QA Client','TEST Address1','TEST Address2','1','8','1','test@yahoo.com','1122334456','active','2018-05-08 17:50:13',6,0,'2018-02-23 07:44:22','2018-05-08 17:50:13','6-343','1234',NULL,NULL,NULL),(7,'Jitendra','test','TEST','1','9','883','jitendrazalaclient@gmail.com','11223344556','active','2018-05-08 17:50:11',7,0,'2018-02-26 12:09:20','2018-05-08 17:50:11','j-563','1234',NULL,NULL,NULL),(8,'Test client','test','test','1','7','882','testclient@gmail.com','11223344556','active','2018-04-05 05:51:05',8,0,'2018-02-26 12:14:11','2018-04-05 05:51:05','u-44','1234',NULL,NULL,NULL),(9,'Marmik','test address 1','test address 2','1','1','79','marmik@gmail.com','0123456789','active','2018-05-08 17:50:09',9,0,'2018-02-27 10:34:21','2018-05-08 17:50:09','h-45','1234',NULL,NULL,NULL),(10,'Jitendra','address1','address2','1','6','709','jitendra@gmail.com','22334455667','active','2018-04-05 05:11:56',10,0,'2018-02-27 10:35:45','2018-04-05 05:11:56','i-454','1234',NULL,NULL,NULL),(11,'Varun','address','address','1','9','893','varun@gmail.com','33445566778','active','2018-05-08 17:50:06',11,0,'2018-02-27 10:39:32','2018-05-08 17:50:06','h-45','1234',NULL,NULL,NULL),(12,'Darshan','address','address','1','9','899','darshan@gmail.com','00998877665','active','2018-05-08 17:50:04',12,0,'2018-02-27 10:42:03','2018-05-08 17:50:04','h454','1234',NULL,NULL,NULL),(13,'Khushbu Pandya','Address 1','Address 2','1','2','101','khushbu@gmail.com','9879890783','active','2018-05-08 17:50:00',13,0,'2018-02-27 13:08:59','2018-05-08 17:50:00','g4453','1234',NULL,NULL,NULL),(14,'sds','sadas','sadasd','1','2','101','ddev@gmail.com','9878458569','inactive','2018-04-05 05:26:23',14,0,'2018-03-06 05:21:00','2018-04-05 05:26:23','j-34','1234',NULL,NULL,NULL),(15,'Mohandas Gandhi','Mohandas Gandhi','Mohandas Gandhi','1','2','110','mohan@gmail.com','9879890783','active','2018-05-08 17:49:58',15,0,'2018-03-28 13:40:04','2018-05-08 17:49:58','k-453','1234',NULL,NULL,NULL),(16,'wewqe','srfrsdf\r\ndfsdf','srfrsdf\r\ndfsdf','1','3','Acrelândia','rwe@gmail.com','4567889823','active','2018-05-08 17:49:56',16,0,'2018-04-03 09:47:05','2018-05-08 17:49:56','e-234','42343-423',NULL,NULL,NULL),(17,'Dan and Lynn Boyle','11183 North East Wawasee Drive','asdf','1','16','Syarcuse','asdf@asdf.com','12341234','active','2018-05-08 17:44:48',17,0,'2018-04-03 15:11:29','2018-05-08 17:44:48','180603','46567',NULL,NULL,NULL),(18,'wewqe','srfrsdf\r\ndfsdf','eWE','1','2','Acrelândia','rwrw@gmail.com','4567889823','active','2018-04-04 11:34:11',18,0,'2018-04-04 11:32:18','2018-04-04 11:34:11','j-rwrw','42343-423','New York','13','10003'),(19,'test','Naroda','Sattadahr','1','16','Ahmedabd','testchanges@gmail.com','4545','active','2018-05-08 17:49:54',19,0,'2018-04-04 13:58:31','2018-05-08 17:49:54','j-00998877','111111','Aahmedabd','19','333333'),(20,'sadsad','sdsadasd','sdsd','1','19','sds','sadsad@gmail.com','3232443443','active','2018-04-04 14:30:23',20,0,'2018-04-04 14:29:29','2018-04-04 14:30:23','dsadsad','sdsd','sdsads','16','dssd'),(21,'Maitris','Melbourne','sydney','1','12','Aaus','Maitri.p@gmail.com','1212','active','2018-05-08 17:49:52',21,0,'2018-04-05 05:50:55','2018-05-08 17:49:52','ST -12345678','111111','canberra','12','assad'),(37,'Json','3340 Brown Avenue','557 Park Ave','1','41','Anderson','Json@gmail.com','864-964-4508','active','2018-04-18 12:44:07',0,0,'2018-04-06 06:22:55','2018-04-18 12:44:07','J-123','29621','Tyrone','41','296213'),(40,'Jason Smith','12121 smith street','1212121 skdjfkjasdlkjfkldjs','1','16','Syracuse','smith@smith.com','5744576656','active','2018-05-08 17:49:49',40,0,'2018-04-06 22:29:55','2018-05-08 17:49:49','180067','46567','Syracuse','16','46567'),(41,'65464','erfwer\r\nrwer\r\nwerwerw','546456','1','1','Acrelândia','rwe@565gmail.com','4567889823','inactive','2018-04-17 11:36:22',41,0,'2018-04-17 11:36:02','2018-04-17 11:36:22','weqwl','10003','tryrtyr','2','42343-423'),(42,'Software Testers','Bopal','Ambli','1','10','Ahmedabad','vraj_ptl@yahoo.com','9987654321','active','2018-05-08 17:44:34',42,0,'2018-04-18 12:43:00','2018-05-08 17:44:34','J-123456','111111','Ahmedabad','13','111111'),(43,'ZXZXCzXC','zxcvzxcvzxcv','adsfgadgf','1','16','asdf','asdf@asf.com','1234123412','active','2018-05-15 23:28:55',43,0,'2018-05-15 17:20:57','2018-05-15 23:28:55','cczXC','123444','adgsdfg','16','12345'),(44,'Vrajesh','Cal,ifornia','New york','1','5','America','vraj.citrusbug@gmail.com','0987654321','active',NULL,44,0,'2018-06-07 12:02:46','2018-06-07 12:02:46','J-12345','111111','Barão de Melgaço','12','11111-1'),(45,'Mehul','New york','California','1','16','Shamburg','mehul@gmail.com','1234567890','active',NULL,45,0,'2018-06-07 12:05:08','2018-06-07 12:05:08','M-12345','111111','Usa','7','11111');

/*Table structure for table `countries` */

DROP TABLE IF EXISTS `countries`;

CREATE TABLE `countries` (
  `id` int(10) unsigned NOT NULL AUTO_INCREMENT,
  `sortname` varchar(191) COLLATE utf8mb4_unicode_ci NOT NULL,
  `name` varchar(191) COLLATE utf8mb4_unicode_ci NOT NULL,
  `created_at` timestamp NULL DEFAULT NULL,
  `updated_at` timestamp NULL DEFAULT NULL,
  PRIMARY KEY (`id`)
) ENGINE=InnoDB AUTO_INCREMENT=4 DEFAULT CHARSET=utf8mb4 COLLATE=utf8mb4_unicode_ci;

/*Data for the table `countries` */

insert  into `countries`(`id`,`sortname`,`name`,`created_at`,`updated_at`) values (1,'US','USA','0000-00-00 00:00:00',NULL),(2,'CA','Canada','2018-04-03 16:48:36',NULL),(3,'MX','Maxico','2018-04-03 17:07:38',NULL);

/*Table structure for table `documents` */

DROP TABLE IF EXISTS `documents`;

CREATE TABLE `documents` (
  `id` int(10) unsigned NOT NULL AUTO_INCREMENT,
  `title` varchar(191) COLLATE utf8mb4_unicode_ci NOT NULL,
  `description` varchar(191) COLLATE utf8mb4_unicode_ci NOT NULL,
  `document_url` varchar(191) COLLATE utf8mb4_unicode_ci NOT NULL,
  `status` varchar(191) COLLATE utf8mb4_unicode_ci DEFAULT 'active',
  `deleted_at` timestamp NULL DEFAULT NULL,
  `created_by` date NOT NULL DEFAULT '2018-02-14',
  `created_at` timestamp NULL DEFAULT NULL,
  `updated_at` timestamp NULL DEFAULT NULL,
  `user_type` varchar(191) COLLATE utf8mb4_unicode_ci DEFAULT NULL,
  PRIMARY KEY (`id`)
) ENGINE=InnoDB AUTO_INCREMENT=45 DEFAULT CHARSET=utf8mb4 COLLATE=utf8mb4_unicode_ci;

/*Data for the table `documents` */

insert  into `documents`(`id`,`title`,`description`,`document_url`,`status`,`deleted_at`,`created_by`,`created_at`,`updated_at`,`user_type`) values (1,'sefrs','fsdfsd','15185906685a83daccb6a43.jpg','active','2018-02-14 06:44:32','2018-02-14','2018-02-14 06:44:28','2018-02-14 06:44:32','admin'),(2,'GDFG','FGDFG','15185913765a83dd90ce569.jpg','active','2018-02-23 09:36:44','2018-02-14','2018-02-14 06:56:16','2018-02-23 09:36:44','admin'),(3,'TGUYTU','UTUT','15185913855a83dd997b807.jpg','inactive','2018-02-15 11:33:21','2018-02-14','2018-02-14 06:56:25','2018-02-15 11:33:21','admin'),(4,'docsd1','adasdasd','15186764785a8529fe6075c.csv','active','2018-02-15 06:40:34','2018-02-14','2018-02-15 06:34:38','2018-02-15 06:40:34','admin'),(5,'test titleq','test descrioptionwq','15191939475a8d0f5b2c74f.docx','active',NULL,'2018-02-14','2018-02-21 06:19:07','2018-02-21 06:19:07','employee'),(6,'dasdsa','dasdas','15191947975a8d12add4a86.png','inactive','2018-05-08 17:48:00','2018-02-14','2018-02-21 06:33:17','2018-05-08 17:48:00','admin'),(7,'test titleq','test descrioptionwq','15191949535a8d1349bf64c.png','active',NULL,'2018-02-14','2018-02-21 06:35:53','2018-02-21 06:35:53','employee'),(8,'Painting Documentation','Paint Documentation','15193785735a8fe08d75fcc.png','active','2018-05-08 17:47:56','2018-02-14','2018-02-23 09:36:13','2018-05-08 17:47:56','admin'),(9,'Carpainters','Carpainters Description','15193786425a8fe0d23fd19.xlsx','inactive','2018-05-08 17:47:58','2018-02-14','2018-02-23 09:37:22','2018-05-08 17:47:58','admin'),(10,'test Add document postmen','test postmen description','15194493195a90f4e72919e.PNG','active',NULL,'2018-02-14','2018-02-24 05:15:19','2018-02-24 05:15:19','employee'),(11,'test Add document postmen','test postmen description','15196252915a93a44b52f47.png','active',NULL,'2018-02-14','2018-02-26 06:08:11','2018-02-26 06:08:11','employee'),(12,'test Add document postmen','test postmen description','15196258515a93a67bd4f39.png','active',NULL,'2018-02-14','2018-02-26 06:17:31','2018-02-26 06:17:31','employee'),(13,'test Add document postmen 12','test postmen description 12','15196270395a93ab1f6652d.png','active',NULL,'2018-02-14','2018-02-26 06:37:19','2018-02-26 06:37:19','employee'),(14,'test Add document postmen 12','test postmen description 12','15196500205a9404e42e49b.png','active',NULL,'2018-02-14','2018-02-26 13:00:20','2018-02-26 13:00:20','employee'),(15,'Khushbu Document 1','Khushbu Document 1','15197371105a9559167157e.pdf','inactive','2018-05-08 17:47:51','2018-02-14','2018-02-27 13:11:50','2018-05-08 17:47:51','admin'),(16,'pdf','test it man','15200286445a99cbe444781.png','active','2018-05-08 17:47:49','2018-02-14','2018-03-02 22:10:44','2018-05-08 17:47:49','admin'),(17,'Govind_Test_Pdf','hey Please check this Pdf','15201457965a9b9584b2549.pdf','inactive','2018-05-08 17:47:47','2018-02-14','2018-03-04 06:43:16','2018-05-08 17:47:47','admin'),(18,'pdf test','hahahah','15204515005aa03fac0b4d6.pdf','active',NULL,'2018-02-14','2018-03-07 19:38:20','2018-03-07 19:38:20','employee'),(19,'new pdf','test','15204525635aa043d39784a.pdf','active',NULL,'2018-02-14','2018-03-07 19:56:03','2018-03-07 19:56:03','employee'),(20,'testing pdf file ios','testing pdf file ios file desc','15214496135aaf7a8d84500.pdf','active','2018-05-08 17:47:44','2018-02-14','2018-03-19 08:53:33','2018-05-08 17:47:44','admin'),(21,'words','sdsad','15214500755aaf7c5bb629d.xlsx','active','2018-05-08 17:47:43','2018-02-14','2018-03-19 09:01:15','2018-05-08 17:47:43','admin'),(22,'test IMAGE','TEST','15220477305ab89af23fea1.jpg','active','2018-05-08 17:47:40','2018-02-14','2018-03-26 07:02:10','2018-05-08 17:47:40','admin'),(23,'TEST PDF','It\'s desc','15220477775ab89b2126e31.pdf','active','2018-05-08 17:47:38','2018-02-14','2018-03-26 07:02:57','2018-05-08 17:47:38','admin'),(24,'test excel','test excel','15220478155ab89b47d376c.xlsx','active','2018-05-08 17:47:36','2018-02-14','2018-03-26 07:03:35','2018-05-08 17:47:36','admin'),(25,'test video','bj','15220482695ab89d0da29a8.pdf','active',NULL,'2018-02-14','2018-03-26 07:11:09','2018-03-26 07:11:09','employee'),(26,'test document from iOS','CFC','15220483185ab89d3e8acfe.pdf','active',NULL,'2018-02-14','2018-03-26 07:11:58','2018-03-26 07:11:58','employee'),(27,'asfd','ASDasdADS','15221608025aba54a28c895.jpg','active','2018-05-08 17:47:34','2018-02-14','2018-03-27 14:26:42','2018-05-08 17:47:34','admin'),(28,'hhhh','ghhjjj','15227544455ac3638d84da7.pdf','active',NULL,'2018-02-14','2018-04-03 11:20:45','2018-04-03 11:20:45','employee'),(29,'test titleq','test descrioptionwq','15227546275ac36443ec45a.txt','active',NULL,'2018-02-14','2018-04-03 11:23:47','2018-04-03 11:23:47','employee'),(30,'fed','ffff','15229096215ac5c1b5e6e5b.pdf','active',NULL,'2018-02-14','2018-04-05 06:27:01','2018-04-05 06:27:01','employee'),(31,'eletrical schematics','asdf','15229437625ac64712a5a3b.pdf','active','2018-05-08 17:47:29','2018-02-14','2018-04-05 15:56:02','2018-05-08 17:47:29','admin'),(32,'adsf','adsf','15229437885ac6472c17261.pdf','active','2018-05-08 17:47:27','2018-02-14','2018-04-05 15:56:28','2018-05-08 17:47:27','admin'),(33,'Pic 1','Pic','15230546515ac7f83b5754d.jpg','active','2018-05-08 17:47:25','2018-02-14','2018-04-06 22:44:11','2018-05-08 17:47:25','admin'),(34,'test titleq','test descrioptionwq','15236146345ad083aa521c1.doc','active',NULL,'2018-02-14','2018-04-13 10:17:14','2018-04-13 10:17:14','employee'),(35,'test titleq','test descrioptionwq','15236987445ad1cc38739a0.jpg','active',NULL,'2018-02-14','2018-04-14 09:39:04','2018-04-14 09:39:04','employee'),(36,'images','test','15238722055ad471cd68d4d.pdf','active',NULL,'2018-02-14','2018-04-16 09:50:05','2018-04-16 09:50:05','employee'),(37,'dfsdfsddsfds','fdsf','15239651105ad5dcb6df199.jpg','active','2018-04-17 11:38:37','2018-02-14','2018-04-17 11:38:30','2018-04-17 11:38:37','admin'),(38,'test titleq','test descrioptionwq','15239718025ad5f6da278fa.jpg','active',NULL,'2018-02-14','2018-04-17 13:30:02','2018-04-17 13:30:02','employee'),(39,'test titleq','test descrioptionwq','15240523895ad731a5c796a.jpg','active',NULL,'2018-02-14','2018-04-18 11:53:09','2018-04-18 11:53:09','employee'),(40,'File Upload deocumentations','There are two basic types of sorting methods mostly used in react native to sort ListView and FlatList array data into Ascending and Descending order, Using these methods developer can sort i','15240564215ad74165a6ffe.csv','active','2018-05-08 17:47:23','2018-02-14','2018-04-18 13:00:21','2018-05-08 17:47:23','admin'),(41,'wew','q','15241237595ad8486f60a44.jpg','active','2018-05-08 17:47:21','2018-02-14','2018-04-19 07:42:39','2018-05-08 17:47:21','admin'),(42,'blue print','blue prtin','15264128115afb360b5e107.jpg','active','2018-05-15 23:29:16','2018-02-14','2018-05-15 19:33:31','2018-05-15 23:29:16','admin'),(43,'My Document 1','It\'s document related electrical','15283735345b19211e766c8.pdf','active',NULL,'2018-02-14','2018-06-07 12:12:14','2018-06-07 12:12:14','admin'),(44,'My Document 2','It\'s construction related document','15283735895b192155b4f44.pdf','active',NULL,'2018-02-14','2018-06-07 12:13:09','2018-06-07 12:13:09','admin');

/*Table structure for table `employeejob` */

DROP TABLE IF EXISTS `employeejob`;

CREATE TABLE `employeejob` (
  `id` int(10) unsigned NOT NULL AUTO_INCREMENT,
  `jobtask_id` int(11) DEFAULT NULL,
  `employee_id` int(11) DEFAULT NULL,
  `job_id` int(11) DEFAULT NULL,
  `status` varchar(191) COLLATE utf8mb4_unicode_ci DEFAULT 'active',
  `created_at` timestamp NULL DEFAULT NULL,
  `updated_at` timestamp NULL DEFAULT NULL,
  PRIMARY KEY (`id`)
) ENGINE=InnoDB AUTO_INCREMENT=226 DEFAULT CHARSET=utf8mb4 COLLATE=utf8mb4_unicode_ci;

/*Data for the table `employeejob` */

insert  into `employeejob`(`id`,`jobtask_id`,`employee_id`,`job_id`,`status`,`created_at`,`updated_at`) values (48,40,2,1,'active','2018-02-09 11:03:09','2018-02-09 11:03:09'),(53,41,2,10,'active','2018-02-12 05:38:48','2018-02-12 05:38:48'),(54,41,11,10,'active','2018-02-12 05:38:49','2018-02-12 05:38:49'),(55,41,13,10,'active','2018-02-12 05:38:49','2018-02-12 05:38:49'),(60,44,13,15,'active','2018-02-12 09:36:11','2018-02-12 09:36:11'),(66,45,18,15,'active','2018-02-12 10:22:08','2018-02-12 10:22:08'),(73,42,13,15,'active','2018-02-12 11:30:01','2018-02-12 11:30:01'),(74,42,18,15,'active','2018-02-12 11:30:01','2018-02-12 11:30:01'),(76,48,2,16,'active','2018-02-14 06:07:26','2018-02-14 06:07:26'),(77,49,2,16,'active','2018-02-14 06:09:59','2018-02-14 06:09:59'),(78,50,2,16,'active','2018-02-14 06:11:26','2018-02-14 06:11:26'),(79,51,18,2,'active','2018-02-14 06:52:14','2018-02-14 06:52:14'),(80,1,18,2,'active','2018-02-14 06:54:05','2018-02-14 06:54:05'),(81,2,18,2,'active','2018-02-15 07:25:16','2018-02-15 07:25:16'),(82,3,2,4,'active','2018-02-15 11:33:47','2018-02-15 11:33:47'),(83,4,18,5,'active','2018-02-21 06:08:37','2018-02-21 06:08:37'),(84,5,18,5,'active','2018-02-21 06:09:18','2018-02-21 06:09:18'),(86,6,2,7,'active','2018-02-23 07:49:06','2018-02-23 07:49:06'),(88,7,2,7,'active','2018-02-23 07:50:17','2018-02-23 07:50:17'),(89,8,2,7,'active','2018-02-23 07:50:54','2018-02-23 07:50:54'),(90,9,0,9,'active','2018-02-23 09:55:28','2018-02-23 09:55:28'),(93,10,35,9,'active','2018-02-23 10:09:02','2018-02-23 10:09:02'),(94,11,35,9,'active','2018-02-23 10:16:43','2018-02-23 10:16:43'),(95,12,41,13,'active','2018-02-25 10:58:23','2018-02-25 10:58:23'),(96,13,41,14,'active','2018-02-25 11:02:33','2018-02-25 11:02:33'),(97,14,41,14,'active','2018-02-25 11:02:59','2018-02-25 11:02:59'),(98,15,2,15,'active','2018-02-26 05:48:01','2018-02-26 05:48:01'),(99,16,46,17,'active','2018-02-26 12:57:05','2018-02-26 12:57:05'),(100,17,51,21,'active','2018-02-27 11:14:25','2018-02-27 11:14:25'),(101,17,53,21,'active','2018-02-27 11:14:25','2018-02-27 11:14:25'),(102,18,52,21,'active','2018-02-27 11:15:35','2018-02-27 11:15:35'),(103,18,53,21,'active','2018-02-27 11:15:35','2018-02-27 11:15:35'),(105,19,52,19,'active','2018-02-27 12:53:13','2018-02-27 12:53:13'),(106,20,52,19,'active','2018-02-27 12:53:50','2018-02-27 12:53:50'),(107,21,54,22,'active','2018-02-27 13:10:17','2018-02-27 13:10:17'),(108,22,54,22,'active','2018-02-27 13:10:33','2018-02-27 13:10:33'),(109,23,54,22,'active','2018-02-27 13:10:46','2018-02-27 13:10:46'),(110,24,54,22,'active','2018-02-27 14:04:00','2018-02-27 14:04:00'),(111,25,54,22,'active','2018-02-28 09:14:47','2018-02-28 09:14:47'),(112,26,54,22,'active','2018-02-28 13:52:26','2018-02-28 13:52:26'),(114,27,54,23,'active','2018-03-01 12:38:47','2018-03-01 12:38:47'),(115,28,2,24,'active','2018-03-14 05:01:57','2018-03-14 05:01:57'),(116,29,54,26,'active','2018-03-16 11:20:45','2018-03-16 11:20:45'),(117,30,58,26,'active','2018-03-16 11:21:27','2018-03-16 11:21:27'),(118,31,2,42,'active','2018-03-19 07:05:11','2018-03-19 07:05:11'),(120,32,13,42,'active','2018-03-19 07:09:11','2018-03-19 07:09:11'),(121,33,62,42,'active','2018-03-19 07:16:12','2018-03-19 07:16:12'),(122,34,62,43,'active','2018-03-19 07:21:55','2018-03-19 07:21:55'),(124,35,62,43,'active','2018-03-19 07:23:51','2018-03-19 07:23:51'),(125,36,62,43,'active','2018-03-19 07:24:47','2018-03-19 07:24:47'),(126,37,62,43,'active','2018-03-19 07:29:47','2018-03-19 07:29:47'),(127,38,62,43,'active','2018-03-19 08:55:22','2018-03-19 08:55:22'),(130,39,62,43,'active','2018-03-20 05:19:29','2018-03-20 05:19:29'),(131,40,54,22,'active','2018-03-20 05:42:17','2018-03-20 05:42:17'),(132,41,54,22,'active','2018-03-20 05:47:06','2018-03-20 05:47:06'),(133,42,41,44,'active','2018-03-20 06:15:56','2018-03-20 06:15:56'),(135,44,54,23,'active','2018-03-20 07:14:28','2018-03-20 07:14:28'),(136,45,41,44,'active','2018-03-20 12:34:51','2018-03-20 12:34:51'),(138,46,42,44,'active','2018-03-20 12:40:27','2018-03-20 12:40:27'),(140,47,41,44,'active','2018-03-20 12:41:16','2018-03-20 12:41:16'),(141,48,63,44,'active','2018-03-22 10:46:51','2018-03-22 10:46:51'),(142,49,64,44,'active','2018-03-22 10:48:01','2018-03-22 10:48:01'),(143,50,64,44,'active','2018-03-22 10:51:27','2018-03-22 10:51:27'),(144,51,64,44,'active','2018-03-22 12:08:56','2018-03-22 12:08:56'),(145,52,69,44,'active','2018-03-26 06:41:51','2018-03-26 06:41:51'),(147,43,69,44,'active','2018-03-26 06:48:17','2018-03-26 06:48:17'),(148,53,73,45,'active','2018-03-28 13:42:31','2018-03-28 13:42:31'),(149,54,73,45,'active','2018-03-28 13:42:48','2018-03-28 13:42:48'),(150,55,70,46,'active','2018-03-28 13:55:31','2018-03-28 13:55:31'),(151,56,70,24,'active','2018-03-28 13:56:40','2018-03-28 13:56:40'),(152,57,18,24,'active','2018-03-28 13:56:46','2018-03-28 13:56:46'),(154,58,28,49,'active','2018-03-29 18:28:13','2018-03-29 18:28:13'),(155,59,28,49,'active','2018-03-29 18:28:40','2018-03-29 18:28:40'),(156,60,75,50,'active','2018-03-29 18:33:44','2018-03-29 18:33:44'),(157,61,77,51,'active','2018-04-02 05:42:46','2018-04-02 05:42:46'),(158,62,77,51,'active','2018-04-02 05:48:05','2018-04-02 05:48:05'),(159,63,25,53,'active','2018-04-03 10:24:31','2018-04-03 10:24:31'),(160,64,25,53,'active','2018-04-03 10:24:44','2018-04-03 10:24:44'),(161,65,18,53,'active','2018-04-03 14:29:53','2018-04-03 14:29:53'),(162,53,2,53,'active','2018-04-03 14:29:55','2018-04-03 14:29:55'),(163,67,18,53,'active','2018-04-03 14:29:57','2018-04-03 14:29:57'),(164,68,18,53,'active','2018-04-03 14:30:00','2018-04-03 14:30:00'),(165,69,2,62,'active','2018-04-05 06:21:49','2018-04-05 06:21:49'),(166,70,98,45,'active','2018-04-05 15:31:30','2018-04-05 15:31:30'),(167,71,98,67,'active','2018-04-05 15:53:00','2018-04-05 15:53:00'),(168,72,98,67,'active','2018-04-05 15:53:20','2018-04-05 15:53:20'),(169,73,98,67,'active','2018-04-05 15:53:44','2018-04-05 15:53:44'),(170,74,2,67,'active','2018-04-06 08:00:30','2018-04-06 08:00:30'),(171,75,2,69,'active','2018-04-06 12:54:04','2018-04-06 12:54:04'),(172,76,2,69,'active','2018-04-06 12:54:22','2018-04-06 12:54:22'),(173,77,2,68,'active','2018-04-06 12:56:21','2018-04-06 12:56:21'),(174,78,103,70,'active','2018-04-09 18:32:42','2018-04-09 18:32:42'),(175,79,107,93,'active','2018-04-10 16:08:54','2018-04-10 16:08:54'),(177,80,107,86,'active','2018-04-11 11:12:44','2018-04-11 11:12:44'),(179,81,107,86,'active','2018-04-11 11:12:54','2018-04-11 11:12:54'),(180,82,107,84,'active','2018-04-11 11:26:40','2018-04-11 11:26:40'),(181,83,109,101,'active','2018-04-11 13:08:47','2018-04-11 13:08:47'),(182,84,90,101,'active','2018-04-11 13:10:34','2018-04-11 13:10:34'),(183,84,91,101,'active','2018-04-11 13:10:34','2018-04-11 13:10:34'),(184,85,90,101,'active','2018-04-11 13:10:42','2018-04-11 13:10:42'),(185,85,91,101,'active','2018-04-11 13:10:42','2018-04-11 13:10:42'),(186,85,92,101,'active','2018-04-11 13:10:42','2018-04-11 13:10:42'),(187,86,110,111,'active','2018-04-12 12:00:25','2018-04-12 12:00:25'),(190,87,110,111,'active','2018-04-12 12:02:18','2018-04-12 12:02:18'),(191,88,2,111,'active','2018-04-12 12:23:13','2018-04-12 12:23:13'),(193,90,110,111,'active','2018-04-12 12:25:38','2018-04-12 12:25:38'),(194,89,2,111,'active','2018-04-12 12:25:49','2018-04-12 12:25:49'),(195,91,110,111,'active','2018-04-12 12:28:58','2018-04-12 12:28:58'),(196,92,2,111,'active','2018-04-13 16:37:09','2018-04-13 16:37:09'),(197,93,103,111,'active','2018-04-16 10:24:20','2018-04-16 10:24:20'),(198,93,105,111,'active','2018-04-16 10:24:20','2018-04-16 10:24:20'),(199,94,105,111,'active','2018-04-16 10:30:24','2018-04-16 10:30:24'),(200,95,2,112,'active','2018-04-17 11:37:57','2018-04-17 11:37:57'),(202,96,138,114,'active','2018-04-18 13:13:25','2018-04-18 13:13:25'),(203,97,138,114,'active','2018-04-18 13:13:56','2018-04-18 13:13:56'),(204,98,138,114,'active','2018-04-18 13:23:21','2018-04-18 13:23:21'),(205,99,129,113,'active','2018-04-19 07:39:39','2018-04-19 07:39:39'),(206,100,141,114,'active','2018-04-26 13:36:22','2018-04-26 13:36:22'),(207,101,141,114,'active','2018-04-26 13:36:50','2018-04-26 13:36:50'),(208,102,98,45,'active','2018-05-04 15:23:55','2018-05-04 15:23:55'),(209,103,98,45,'active','2018-05-04 15:24:30','2018-05-04 15:24:30'),(210,104,98,45,'active','2018-05-04 15:24:46','2018-05-04 15:24:46'),(211,105,151,115,'active','2018-05-15 17:23:07','2018-05-15 17:23:07'),(212,106,151,115,'active','2018-05-15 19:28:10','2018-05-15 19:28:10'),(213,107,162,118,'active','2018-06-07 12:08:05','2018-06-07 12:08:05'),(214,108,158,118,'active','2018-06-07 12:08:35','2018-06-07 12:08:35'),(215,109,158,118,'active','2018-06-07 12:08:35','2018-06-07 12:08:35'),(216,110,166,119,'active','2018-06-11 16:56:32','2018-06-11 16:56:32'),(217,111,166,120,'active','2018-06-11 17:17:54','2018-06-11 17:17:54'),(218,112,167,136,'active','2018-06-18 11:34:48','2018-06-18 11:34:48'),(219,113,167,136,'active','2018-06-18 11:42:45','2018-06-18 11:42:45'),(220,114,167,136,'active','2018-06-18 11:44:32','2018-06-18 11:44:32'),(221,115,167,135,'active','2018-06-18 11:46:16','2018-06-18 11:46:16'),(222,116,167,132,'active','2018-06-18 11:48:20','2018-06-18 11:48:20'),(223,117,155,128,'active','2018-06-18 11:49:32','2018-06-18 11:49:32'),(224,117,167,128,'active','2018-06-18 11:49:32','2018-06-18 11:49:32'),(225,118,167,117,'active','2018-06-18 11:50:16','2018-06-18 11:50:16');

/*Table structure for table `folder` */

DROP TABLE IF EXISTS `folder`;

CREATE TABLE `folder` (
  `id` int(10) unsigned NOT NULL AUTO_INCREMENT,
  `job_id` int(11) DEFAULT NULL,
  `folder_name` varchar(191) COLLATE utf8mb4_unicode_ci NOT NULL,
  `status` varchar(191) COLLATE utf8mb4_unicode_ci DEFAULT 'active',
  `created_by` int(11) DEFAULT NULL,
  `created_at` timestamp NULL DEFAULT NULL,
  `updated_at` timestamp NULL DEFAULT NULL,
  `folder_img` varchar(191) COLLATE utf8mb4_unicode_ci DEFAULT NULL,
  `user_type` varchar(191) COLLATE utf8mb4_unicode_ci DEFAULT NULL,
  `employee_id` varchar(191) COLLATE utf8mb4_unicode_ci DEFAULT NULL,
  `sortno` int(11) DEFAULT NULL,
  PRIMARY KEY (`id`)
) ENGINE=InnoDB AUTO_INCREMENT=117 DEFAULT CHARSET=utf8mb4 COLLATE=utf8mb4_unicode_ci;

/*Data for the table `folder` */

insert  into `folder`(`id`,`job_id`,`folder_name`,`status`,`created_by`,`created_at`,`updated_at`,`folder_img`,`user_type`,`employee_id`,`sortno`) values (1,3,'test1','active',1,'2018-02-07 11:28:55','2018-02-07 11:28:55',NULL,NULL,NULL,NULL),(2,3,'test2','active',2,'2018-02-07 11:30:18','2018-02-07 11:30:18',NULL,NULL,NULL,NULL),(3,3,'test3','active',3,'2018-02-07 11:30:59','2018-02-07 11:30:59',NULL,NULL,NULL,NULL),(4,3,'test4','active',4,'2018-02-07 11:32:03','2018-02-07 11:32:03',NULL,NULL,NULL,NULL),(5,3,'tese56','active',5,'2018-02-07 11:42:06','2018-02-07 11:42:06',NULL,NULL,NULL,NULL),(6,3,'aqwsqw','active',6,'2018-02-07 11:46:20','2018-02-07 11:46:20',NULL,NULL,NULL,NULL),(7,3,'cvfd','active',7,'2018-02-07 11:47:52','2018-02-07 11:47:52',NULL,NULL,NULL,NULL),(8,15,'testddd','active',8,'2018-02-07 11:48:31','2018-02-07 11:48:31',NULL,NULL,NULL,NULL),(9,3,'test2','active',9,'2018-02-07 11:55:44','2018-02-07 11:55:44',NULL,NULL,NULL,NULL),(10,3,'ewewe','active',10,'2018-02-07 11:58:11','2018-02-07 11:58:11',NULL,NULL,NULL,NULL),(11,3,'testqww','active',11,'2018-02-07 13:32:46','2018-02-07 13:32:46',NULL,NULL,NULL,NULL),(12,1,'folder1','active',12,'2018-02-08 05:03:15','2018-02-08 05:03:15',NULL,NULL,NULL,NULL),(13,1,'folder2','active',13,'2018-02-08 05:03:26','2018-02-08 05:03:26',NULL,NULL,NULL,NULL),(14,1,'Hello greg','active',14,'2018-02-08 14:07:49','2018-02-08 14:07:49',NULL,NULL,NULL,NULL),(16,6,'wqwq','active',16,'2018-02-09 11:25:06','2018-02-09 11:25:06',NULL,NULL,NULL,NULL),(17,7,'g','active',17,'2018-02-09 11:29:03','2018-02-09 11:29:03',NULL,NULL,NULL,NULL),(18,10,'wrw','active',18,'2018-02-09 12:26:59','2018-02-09 12:26:59',NULL,NULL,NULL,NULL),(19,13,'dfsd','active',19,'2018-02-12 06:32:58','2018-02-12 06:32:58',NULL,NULL,NULL,NULL),(20,17,'folder1','active',20,'2018-02-13 05:58:53','2018-02-13 05:58:54',NULL,NULL,NULL,NULL),(21,17,'folder2','active',21,'2018-02-13 05:59:02','2018-02-13 05:59:02',NULL,NULL,NULL,NULL),(22,17,'folder3','active',22,'2018-02-13 05:59:09','2018-02-13 05:59:09',NULL,NULL,NULL,NULL),(23,15,'dawew','active',23,'2018-02-13 06:01:28','2018-02-13 06:01:28',NULL,NULL,NULL,NULL),(24,15,'gdsgfhd','active',24,'2018-02-13 11:13:44','2018-02-13 11:13:44',NULL,NULL,NULL,NULL),(25,16,'asd','active',25,'2018-02-13 14:20:14','2018-02-13 14:20:14',NULL,NULL,NULL,NULL),(26,2,'asaS','active',26,'2018-02-14 06:54:23','2018-02-14 06:54:23',NULL,NULL,NULL,NULL),(27,2,'sdsadas','active',27,'2018-02-15 07:25:40','2018-02-15 07:25:40',NULL,NULL,NULL,NULL),(28,5,'folder1','active',41,'2018-02-27 06:50:10','2018-02-27 06:50:10','','admin','1',NULL),(31,9,'Account Detailssssssssssssssssssssssssssssssssssssssssssssssssssssssssssssssssssssssssssssssssssssss','active',31,'2018-02-23 09:59:59','2018-02-23 09:59:59','','admin','32',NULL),(32,9,'Test','active',32,'2018-02-23 10:28:13','2018-02-23 10:28:13','','admin','32',NULL),(33,9,'test1','active',33,'2018-02-23 10:30:10','2018-02-23 10:30:10','','admin','32',NULL),(34,9,'test55555555555555555555555555555555555555555555555555555555555555555555555555555555555555555555','active',34,'2018-02-23 10:30:41','2018-02-23 10:30:41','','admin','32',NULL),(35,9,'Test Postman','active',35,'2018-02-24 05:12:28','2018-02-24 05:12:28','http://52.66.23.63/dev/ritter/public/FolderImage/15194491485a90f43c08587.jpg','employee','32',NULL),(36,14,'ishan','active',36,'2018-02-25 12:35:00','2018-02-25 12:35:00','','admin','1',NULL),(37,14,'Govind','active',37,'2018-02-25 12:35:01','2018-02-25 12:35:01','','admin','1',NULL),(38,15,'Test Final','active',38,'2018-02-26 05:50:44','2018-02-26 05:50:44','','admin','43',NULL),(39,15,'Test Postman 12','active',39,'2018-02-26 06:07:33','2018-02-26 06:07:33','http://52.66.23.63/dev/ritter/public/FolderImage/15196252535a93a425b18e1.jpg','employee','43',NULL),(40,17,'Final Test','active',40,'2018-02-26 13:00:53','2018-02-26 13:00:53','http://52.66.23.63/dev/ritter/public/FolderImage/15196500535a940505560e5.jpg','employee','43',NULL),(42,21,'Android','active',42,'2018-02-27 11:17:00','2018-02-27 11:17:00','','admin','44',NULL),(43,21,'ios','active',43,'2018-02-27 11:17:55','2018-02-27 11:17:55','','admin','44',NULL),(44,22,'Sink Folder 1','active',44,'2018-02-27 13:10:57','2018-02-27 13:10:57','','admin','1',NULL),(45,22,'Sink Folder 2','active',45,'2018-02-27 13:11:06','2018-02-27 13:11:06','','admin','1',NULL),(46,23,'test','active',46,'2018-03-01 12:44:04','2018-03-01 12:44:04','','admin','1',NULL),(47,42,'TEST APP','active',47,'2018-03-19 07:09:32','2018-03-19 07:09:32','','admin','32',NULL),(48,43,'tests','active',48,'2018-03-19 07:25:15','2018-03-19 07:25:15','','admin','32',NULL),(49,43,'sadsd','active',49,'2018-03-19 07:27:56','2018-03-19 07:27:56','','admin','32',NULL),(50,43,'asasas','active',50,'2018-03-19 07:28:19','2018-03-19 07:28:19','','admin','32',NULL),(51,23,'sdwsd','active',51,'2018-03-20 07:14:42','2018-03-20 07:14:42','','admin','1',NULL),(52,44,'Test Folder tab','active',52,'2018-03-20 12:36:54','2018-03-20 12:36:54','','admin','1',NULL),(53,44,'testing','active',53,'2018-03-20 12:37:56','2018-03-20 12:37:56','','admin','1',NULL),(54,44,'testing','active',54,'2018-03-20 12:37:56','2018-03-20 12:37:56','','admin','1',NULL),(55,44,'testing','active',55,'2018-03-20 12:37:56','2018-03-20 12:37:56','','admin','1',NULL),(56,44,'testing','active',56,'2018-03-20 12:37:56','2018-03-20 12:37:56','','admin','1',NULL),(57,44,'testing','active',57,'2018-03-20 12:37:56','2018-03-20 12:37:56','','admin','1',NULL),(58,44,'testing','active',58,'2018-03-20 12:37:57','2018-03-20 12:37:57','','admin','1',NULL),(59,44,'testing','active',59,'2018-03-20 12:38:04','2018-03-20 12:38:04','','admin','1',NULL),(60,44,'TEST TAB','active',60,'2018-03-20 12:42:31','2018-03-20 12:42:31','','admin','1',NULL),(61,44,'@123','active',61,'2018-03-20 12:42:48','2018-03-20 12:42:48','','admin','1',NULL),(62,44,'testing','active',62,'2018-03-20 12:49:35','2018-03-20 12:49:35','','admin','1',NULL),(63,44,'test ritter','active',63,'2018-03-20 12:49:44','2018-03-20 12:49:44','','admin','1',NULL),(64,44,'dfdf','active',64,'2018-03-20 12:54:30','2018-03-20 12:54:30','','admin','1',NULL),(65,44,'dfdf','active',65,'2018-03-20 12:54:34','2018-03-20 12:54:34','','admin','1',NULL),(66,44,'dfdf','active',66,'2018-03-20 12:54:39','2018-03-20 12:54:39','','admin','1',NULL),(67,44,'rw','active',67,'2018-03-22 10:18:33','2018-03-22 10:18:33','','admin','1',NULL),(68,44,'aSA','active',68,'2018-03-22 10:48:15','2018-03-22 10:48:15','','admin','1',NULL),(69,44,'folder2','active',69,'2018-03-22 12:09:34','2018-03-22 12:09:34','','admin','1',NULL),(70,45,'Basin','active',70,'2018-03-28 13:42:59','2018-03-28 13:42:59','','admin','1',NULL),(71,45,'Platform','active',71,'2018-03-28 13:43:06','2018-03-28 13:43:06','','admin','1',NULL),(72,49,'James','active',72,'2018-03-30 05:17:04','2018-03-30 05:17:04','','admin','1',NULL),(73,51,'Test 1','active',73,'2018-04-02 06:00:34','2018-04-02 06:00:34','','admin','1',NULL),(74,52,'Electrical','active',74,'2018-04-03 10:05:29','2018-04-03 10:05:29','','admin','1',NULL),(75,52,'Heating','active',75,'2018-04-03 10:05:37','2018-04-03 10:05:37','','admin','1',NULL),(79,53,'Electrical','active',79,'2018-04-03 10:25:29','2018-04-03 10:25:29','','admin','1',NULL),(80,53,'Heating','active',80,'2018-04-03 10:27:07','2018-04-03 10:27:07','','admin','1',NULL),(81,53,'Cooling','active',81,'2018-04-03 10:27:13','2018-04-03 10:27:13','','admin','1',NULL),(82,53,'Plumbing','active',82,'2018-04-03 10:28:35','2018-04-03 10:28:35','','admin','1',NULL),(83,53,'Other','active',83,'2018-04-03 10:28:42','2018-04-03 10:28:42','','admin','1',NULL),(84,46,'Electrical','active',84,'2018-04-04 12:21:31','2018-04-04 12:21:31','','admin','1',NULL),(85,62,'Electrical','active',85,'2018-04-05 06:07:41','2018-04-05 06:07:41','','admin','1',1),(86,62,'Cooling','active',86,'2018-04-05 06:08:16','2018-04-05 06:08:16','','admin','1',3),(87,62,'Other','active',87,'2018-04-05 06:09:03','2018-04-05 06:09:03','','admin','1',5),(88,62,'Heating','active',88,'2018-04-05 06:09:19','2018-04-05 06:09:19','','admin','1',2),(89,62,'Plumbing','active',89,'2018-04-05 06:09:42','2018-04-05 06:09:42','','admin','1',4),(90,67,'Electrical','active',90,'2018-04-05 15:53:58','2018-04-05 15:53:58','','admin','55',1),(91,69,'Electrical','active',91,'2018-04-06 12:54:29','2018-04-06 12:54:29','','admin','1',1),(92,68,'Cooling','active',92,'2018-04-06 12:56:27','2018-04-06 12:56:27','','admin','1',3),(93,70,'Heating','active',93,'2018-04-08 17:37:41','2018-04-08 17:37:41','','admin','1',2),(94,93,'Heating','active',94,'2018-04-10 16:09:03','2018-04-10 16:09:03','','admin','1',2),(95,86,'Heating','active',95,'2018-04-11 11:17:05','2018-04-11 11:17:05','','admin','1',2),(96,86,'Cooling','active',96,'2018-04-11 11:17:10','2018-04-11 11:17:10','','admin','1',3),(97,101,'Heating','active',97,'2018-04-11 13:10:49','2018-04-11 13:10:49','','admin','1',2),(98,111,'Electrical','active',98,'2018-04-12 12:23:34','2018-04-12 12:23:34','','admin','1',1),(99,111,'Plumbing','active',99,'2018-04-12 12:48:09','2018-04-12 12:48:09','','admin','1',4),(100,111,'Heating','active',100,'2018-04-12 12:48:38','2018-04-12 12:48:38','','admin','1',2),(101,53,'test','active',101,'2018-04-13 10:15:59','2018-04-13 10:15:59','http://52.66.23.63/dev/ritter/public/FolderImage/15236145595ad0835fcbaf6.png','employee','2',NULL),(102,53,'test','active',102,'2018-04-14 09:38:16','2018-04-14 09:38:16','http://52.66.23.63/dev/ritter/public/FolderImage/15236986965ad1cc0861273.jpg','employee','2',NULL),(103,112,'Cooling','active',103,'2018-04-17 11:38:02','2018-04-17 11:38:02','','admin','1',3),(104,53,'test','active',104,'2018-04-17 13:29:38','2018-04-17 13:29:38','http://18.188.17.40/ritter/public/FolderImage/15239717785ad5f6c2d2926.jpg','employee','2',NULL),(105,53,'test','active',105,'2018-04-18 11:52:19','2018-04-18 11:52:19','http://rittersapp.com/FolderImage/15240523395ad731733fff1.jpg','employee','2',NULL),(106,114,'Cooling','active',106,'2018-04-18 13:14:15','2018-04-18 13:14:15','','admin','1',3),(107,114,'Plumbing','active',107,'2018-04-18 13:19:46','2018-04-18 13:19:46','','admin','1',4),(108,114,'Heating','active',108,'2018-04-18 13:24:07','2018-04-18 13:24:07','','admin','1',2),(109,113,'Cooling','active',109,'2018-04-19 06:43:44','2018-04-19 06:43:44','','admin','1',3),(110,113,'Plumbing','active',110,'2018-04-19 06:43:49','2018-04-19 06:43:49','','admin','1',4),(111,111,'Other','active',111,'2018-04-19 06:54:43','2018-04-19 06:54:43','','admin','1',5),(112,114,'Other','active',112,'2018-04-26 13:37:05','2018-04-26 13:37:05','','admin','1',5),(115,118,'Cooling','active',115,'2018-06-07 12:08:51','2018-06-07 12:08:51','','admin','1',3),(116,132,'Cooling','active',116,'2018-06-18 11:47:33','2018-06-18 11:47:33','','admin','1',3);

/*Table structure for table `folderdocument` */

DROP TABLE IF EXISTS `folderdocument`;

CREATE TABLE `folderdocument` (
  `id` int(10) unsigned NOT NULL AUTO_INCREMENT,
  `folder_id` int(11) DEFAULT NULL,
  `job_id` int(11) DEFAULT NULL,
  `document_id` int(11) DEFAULT NULL,
  `status` varchar(191) COLLATE utf8mb4_unicode_ci DEFAULT 'active',
  `deleted_at` timestamp NULL DEFAULT NULL,
  `created_at` timestamp NULL DEFAULT NULL,
  `updated_at` timestamp NULL DEFAULT NULL,
  `user_type` varchar(191) COLLATE utf8mb4_unicode_ci DEFAULT NULL,
  `employee_id` varchar(191) COLLATE utf8mb4_unicode_ci DEFAULT NULL,
  PRIMARY KEY (`id`)
) ENGINE=InnoDB AUTO_INCREMENT=98 DEFAULT CHARSET=utf8mb4 COLLATE=utf8mb4_unicode_ci;

/*Data for the table `folderdocument` */

insert  into `folderdocument`(`id`,`folder_id`,`job_id`,`document_id`,`status`,`deleted_at`,`created_at`,`updated_at`,`user_type`,`employee_id`) values (2,26,2,3,'active','2018-02-14 06:57:37','2018-02-14 06:57:31','2018-02-14 06:57:37','admin','1'),(3,26,2,2,'active','2018-02-23 09:36:44','2018-02-15 07:33:27','2018-02-23 09:36:44','admin','1'),(4,26,2,3,'active','2018-02-15 07:33:34','2018-02-15 07:33:27','2018-02-15 07:33:34','admin','1'),(5,28,4,2,'active','2018-02-23 09:36:44','2018-02-15 11:32:56','2018-02-23 09:36:44','admin','1'),(6,28,5,3,'active','2018-02-23 07:23:06','2018-02-15 11:32:56','2018-02-23 07:23:06','employee','18'),(7,28,5,5,'active','2018-02-23 07:23:06','2018-02-21 06:19:07','2018-02-23 07:23:06','employee','18'),(9,30,5,6,'active','2018-02-21 06:50:00','2018-02-21 06:34:07','2018-02-21 06:50:00','admin','1'),(10,29,5,2,'active','2018-02-23 07:23:06','2018-02-21 06:34:43','2018-02-23 07:23:06','admin','1'),(11,15,5,2,'active','2018-02-23 07:23:06','2018-02-21 06:35:00','2018-02-23 07:23:06','admin','1'),(12,29,5,7,'active','2018-02-23 07:23:06','2018-02-21 06:35:53','2018-02-23 07:23:06','employee','18'),(13,30,5,6,'active','2018-02-23 07:23:06','2018-02-21 06:49:57','2018-02-23 07:23:06','admin','1'),(14,31,9,9,'active','2018-02-23 10:15:46','2018-02-23 10:15:31','2018-02-23 10:15:46','admin','32'),(15,31,9,8,'active','2018-02-23 10:22:18','2018-02-23 10:16:23','2018-02-23 10:22:18','admin','32'),(16,31,9,8,'active','2018-05-08 17:47:55','2018-02-23 10:17:27','2018-05-08 17:47:55','admin','32'),(17,34,9,8,'active','2018-05-08 17:47:55','2018-02-24 05:11:14','2018-05-08 17:47:55','admin','32'),(18,35,9,8,'active','2018-05-08 17:47:55','2018-02-24 05:12:54','2018-05-08 17:47:55','admin','32'),(19,18,9,10,'active',NULL,'2018-02-24 05:15:19','2018-02-24 05:15:19','employee','32'),(20,37,14,8,'active','2018-05-08 17:47:55','2018-02-25 12:35:34','2018-05-08 17:47:55','admin','1'),(21,38,15,8,'active','2018-05-08 17:47:55','2018-02-26 06:00:25','2018-05-08 17:47:55','admin','43'),(22,18,15,11,'active',NULL,'2018-02-26 06:08:11','2018-02-26 06:08:11','employee','43'),(23,39,15,6,'active','2018-05-08 17:48:00','2018-02-26 06:16:44','2018-05-08 17:48:00','admin','43'),(24,39,15,12,'active',NULL,'2018-02-26 06:17:31','2018-02-26 06:17:31','employee','43'),(25,39,15,13,'active',NULL,'2018-02-26 06:37:19','2018-02-26 06:37:19','employee','43'),(26,22,17,8,'active','2018-05-08 17:47:55','2018-02-26 12:36:38','2018-05-08 17:47:55','admin','46'),(27,22,17,14,'active',NULL,'2018-02-26 13:00:20','2018-02-26 13:00:20','employee','43'),(28,28,5,8,'active','2018-05-08 17:47:55','2018-02-27 06:52:02','2018-05-08 17:47:55','admin','1'),(29,42,21,8,'active','2018-05-08 17:47:55','2018-02-27 11:17:39','2018-05-08 17:47:55','admin','44'),(30,43,21,9,'active','2018-05-08 17:47:58','2018-02-27 11:18:15','2018-05-08 17:47:58','admin','44'),(31,45,22,15,'active','2018-05-08 17:47:51','2018-02-27 13:12:30','2018-05-08 17:47:51','admin','1'),(32,45,22,6,'active','2018-05-08 17:48:00','2018-02-27 14:04:11','2018-05-08 17:48:00','admin','1'),(33,45,22,6,'active','2018-05-08 17:48:00','2018-02-27 14:07:36','2018-05-08 17:48:00','admin','1'),(34,45,22,6,'active','2018-05-08 17:48:00','2018-02-27 14:25:25','2018-05-08 17:48:00','admin','1'),(35,46,23,16,'active','2018-05-08 17:47:49','2018-03-02 22:11:20','2018-05-08 17:47:49','admin','1'),(36,46,23,17,'active','2018-03-20 07:14:57','2018-03-04 06:43:32','2018-03-20 07:14:57','admin','1'),(37,46,23,18,'active',NULL,'2018-03-07 19:38:20','2018-03-07 19:38:20','employee','54'),(38,46,23,19,'active',NULL,'2018-03-07 19:56:03','2018-03-07 19:56:03','employee','54'),(39,47,42,16,'active','2018-05-08 17:47:49','2018-03-19 07:09:42','2018-05-08 17:47:49','admin','32'),(40,50,43,20,'active','2018-05-08 17:47:44','2018-03-19 08:56:08','2018-05-08 17:47:44','admin','32'),(41,50,43,21,'active','2018-05-08 17:47:43','2018-03-19 09:01:35','2018-05-08 17:47:43','admin','32'),(42,48,43,8,'active','2018-03-20 05:19:46','2018-03-20 05:19:42','2018-03-20 05:19:46','admin','1'),(43,44,22,16,'active','2018-05-08 17:47:49','2018-03-20 05:48:20','2018-05-08 17:47:49','admin','1'),(44,46,23,8,'active','2018-03-20 07:14:39','2018-03-20 07:14:36','2018-03-20 07:14:39','admin','1'),(45,46,23,16,'active','2018-05-08 17:47:49','2018-03-20 07:14:46','2018-05-08 17:47:49','admin','1'),(46,51,23,8,'active','2018-05-08 17:47:55','2018-03-20 07:14:52','2018-05-08 17:47:55','admin','1'),(47,52,44,8,'active','2018-05-08 17:47:55','2018-03-20 12:37:28','2018-05-08 17:47:55','admin','1'),(48,60,44,8,'active','2018-03-20 12:43:43','2018-03-20 12:43:03','2018-03-20 12:43:43','admin','1'),(49,52,44,8,'active','2018-03-22 12:09:41','2018-03-20 12:59:01','2018-03-22 12:09:41','admin','1'),(50,60,44,8,'active','2018-05-08 17:47:55','2018-03-22 10:51:15','2018-05-08 17:47:55','admin','1'),(51,52,44,8,'active','2018-03-22 12:10:02','2018-03-22 12:09:51','2018-03-22 12:10:02','admin','1'),(52,69,44,20,'active','2018-05-08 17:47:44','2018-03-26 07:05:32','2018-05-08 17:47:44','admin','69'),(53,69,44,22,'active','2018-05-08 17:47:40','2018-03-26 07:05:41','2018-05-08 17:47:40','admin','69'),(54,69,44,24,'active','2018-05-08 17:47:36','2018-03-26 07:05:55','2018-05-08 17:47:36','admin','69'),(55,69,44,23,'active','2018-05-08 17:47:38','2018-03-26 07:06:08','2018-05-08 17:47:38','admin','69'),(56,69,44,25,'active',NULL,'2018-03-26 07:11:09','2018-03-26 07:11:09','employee','69'),(57,69,44,26,'active',NULL,'2018-03-26 07:11:58','2018-03-26 07:11:58','employee','69'),(58,71,45,8,'active','2018-05-08 17:47:55','2018-03-28 13:43:31','2018-05-08 17:47:55','admin','1'),(59,70,45,16,'active','2018-05-08 17:47:49','2018-03-28 13:43:42','2018-05-08 17:47:49','admin','1'),(60,73,51,16,'active','2018-05-08 17:47:49','2018-04-02 06:00:42','2018-05-08 17:47:49','admin','1'),(61,83,53,8,'active','2018-05-08 17:47:55','2018-04-03 10:35:33','2018-05-08 17:47:55','admin','1'),(62,73,51,28,'active',NULL,'2018-04-03 11:20:45','2018-04-03 11:20:45','employee','77'),(63,83,53,29,'active',NULL,'2018-04-03 11:23:47','2018-04-03 11:23:47','employee','18'),(64,80,53,16,'active','2018-05-08 17:47:49','2018-04-03 12:04:41','2018-05-08 17:47:49','admin','1'),(65,79,53,23,'active','2018-05-08 17:47:38','2018-04-04 14:16:54','2018-05-08 17:47:38','admin','1'),(66,85,62,23,'active','2018-05-08 17:47:38','2018-04-05 06:07:54','2018-05-08 17:47:38','admin','1'),(67,85,62,16,'active','2018-05-08 17:47:49','2018-04-05 06:08:31','2018-05-08 17:47:49','admin','1'),(68,79,53,30,'active',NULL,'2018-04-05 06:27:01','2018-04-05 06:27:01','employee','2'),(69,90,67,31,'active','2018-05-08 17:47:29','2018-04-05 15:56:58','2018-05-08 17:47:29','admin','55'),(70,90,67,32,'active','2018-05-08 17:47:27','2018-04-05 15:57:07','2018-05-08 17:47:27','admin','55'),(71,91,69,16,'active','2018-04-06 12:54:52','2018-04-06 12:54:47','2018-04-06 12:54:52','admin','1'),(72,91,69,23,'active','2018-05-08 17:47:38','2018-04-06 12:54:57','2018-05-08 17:47:38','admin','1'),(73,91,69,24,'active','2018-04-06 12:55:08','2018-04-06 12:54:57','2018-04-06 12:55:08','admin','1'),(74,91,69,27,'active','2018-04-06 12:55:03','2018-04-06 12:54:57','2018-04-06 12:55:03','admin','1'),(75,92,68,8,'active','2018-04-06 12:56:36','2018-04-06 12:56:31','2018-04-06 12:56:36','admin','1'),(76,92,68,20,'active','2018-05-08 17:47:44','2018-04-06 12:56:40','2018-05-08 17:47:44','admin','1'),(77,70,45,32,'active','2018-05-08 17:47:27','2018-04-07 16:32:59','2018-05-08 17:47:27','admin','55'),(78,93,70,31,'active','2018-05-08 17:47:29','2018-04-08 17:37:52','2018-05-08 17:47:29','admin','1'),(79,94,93,20,'active','2018-05-08 17:47:44','2018-04-10 16:09:11','2018-05-08 17:47:44','admin','1'),(80,97,101,8,'active','2018-05-08 17:47:55','2018-04-11 13:10:53','2018-05-08 17:47:55','admin','1'),(81,98,111,16,'active','2018-04-12 12:46:15','2018-04-12 12:46:09','2018-04-12 12:46:15','admin','1'),(82,98,111,16,'active','2018-04-12 12:47:14','2018-04-12 12:46:35','2018-04-12 12:47:14','admin','1'),(83,98,111,20,'active','2018-05-08 17:47:44','2018-04-12 12:46:49','2018-05-08 17:47:44','admin','1'),(84,100,111,33,'active','2018-05-08 17:47:25','2018-04-12 12:48:47','2018-05-08 17:47:25','admin','1'),(85,99,111,8,'active','2018-05-08 17:47:56','2018-04-12 12:50:27','2018-05-08 17:47:56','admin','1'),(86,79,53,34,'active',NULL,'2018-04-13 10:17:14','2018-04-13 10:17:14','employee','2'),(87,79,53,35,'active',NULL,'2018-04-14 09:39:04','2018-04-14 09:39:04','employee','2'),(88,98,111,36,'active',NULL,'2018-04-16 09:50:05','2018-04-16 09:50:05','employee','105'),(89,103,112,8,'active','2018-05-08 17:47:56','2018-04-17 11:38:07','2018-05-08 17:47:56','admin','1'),(90,56,53,38,'active',NULL,'2018-04-17 13:30:02','2018-04-17 13:30:02','employee','2'),(91,56,53,39,'active',NULL,'2018-04-18 11:53:09','2018-04-18 11:53:09','employee','2'),(92,106,114,40,'active','2018-04-18 13:18:48','2018-04-18 13:14:27','2018-04-18 13:18:48','admin','1'),(93,106,114,40,'active','2018-05-08 17:47:23','2018-04-18 13:18:59','2018-05-08 17:47:23','admin','1'),(94,112,114,20,'active','2018-05-08 17:47:44','2018-04-26 13:37:12','2018-05-08 17:47:44','admin','1'),(95,114,115,42,'active','2018-05-15 23:28:55','2018-05-15 19:33:49','2018-05-15 23:28:55','admin','55'),(96,115,118,43,'active',NULL,'2018-06-07 12:18:35','2018-06-07 12:18:35','admin','1'),(97,115,118,43,'active',NULL,'2018-06-07 12:18:35','2018-06-07 12:18:35','admin','1');

/*Table structure for table `foldernotes` */

DROP TABLE IF EXISTS `foldernotes`;

CREATE TABLE `foldernotes` (
  `id` int(10) unsigned NOT NULL AUTO_INCREMENT,
  `job_id` int(11) DEFAULT NULL,
  `notes` varchar(191) COLLATE utf8mb4_unicode_ci DEFAULT NULL,
  `user_type` varchar(191) COLLATE utf8mb4_unicode_ci DEFAULT NULL,
  `employee_id` int(11) DEFAULT NULL,
  `status` varchar(191) COLLATE utf8mb4_unicode_ci DEFAULT 'active',
  `deleted_at` timestamp NULL DEFAULT NULL,
  `created_at` timestamp NULL DEFAULT NULL,
  `updated_at` timestamp NULL DEFAULT NULL,
  PRIMARY KEY (`id`)
) ENGINE=InnoDB AUTO_INCREMENT=45 DEFAULT CHARSET=utf8mb4 COLLATE=utf8mb4_unicode_ci;

/*Data for the table `foldernotes` */

insert  into `foldernotes`(`id`,`job_id`,`notes`,`user_type`,`employee_id`,`status`,`deleted_at`,`created_at`,`updated_at`) values (1,53,'fgdgdfgf','employee',2,'active','2018-04-11 11:10:07','2018-04-09 05:23:20','2018-04-11 11:10:07'),(2,53,'Hetal New','employee',2,'active','2018-04-16 12:49:05','2018-04-09 05:23:37','2018-04-16 12:49:05'),(3,53,'fgdgdfgffffffffffffffffffffrr','employee',2,'active','2018-04-16 12:24:49','2018-04-09 05:24:02','2018-04-16 12:24:49'),(4,53,'test documents','employee',2,'active','2018-04-11 11:08:14','2018-04-09 05:25:04','2018-04-11 11:08:14'),(5,53,'test documents','employee',2,'active','2018-04-11 11:08:07','2018-04-09 14:03:10','2018-04-11 11:08:07'),(6,53,'test documents','employee',2,'active','2018-04-11 11:08:00','2018-04-09 14:08:29','2018-04-11 11:08:00'),(7,70,'Program Doc','employee',103,'active','2018-04-11 11:03:53','2018-04-09 19:24:18','2018-04-11 11:03:53'),(8,70,'New Doc','employee',103,'active','2018-04-11 11:03:45','2018-04-09 20:23:49','2018-04-11 11:03:45'),(9,70,'Try','employee',103,'active','2018-04-11 11:03:41','2018-04-09 20:27:35','2018-04-11 11:03:41'),(10,53,'test documents','employee',2,'active','2018-04-11 11:03:37','2018-04-11 05:00:50','2018-04-11 11:03:37'),(11,53,'test documents','employee',2,'active','2018-04-11 11:03:34','2018-04-11 05:02:08','2018-04-11 11:03:34'),(12,102,'sdfgsdhfgshd sdfh sd','admin',1,'active',NULL,'2018-04-11 13:14:18','2018-04-11 13:14:18'),(13,111,'test note','admin',1,'active','2018-04-12 12:31:33','2018-04-12 12:30:58','2018-04-12 12:31:33'),(14,111,'Today complete all room flooring end of the day','admin',1,'active','2018-04-12 12:33:32','2018-04-12 12:32:51','2018-04-12 12:33:32'),(15,111,'Whether you\'re a solo developer or a 20 person team, Laravel is a breath of fresh air. Keep everyone in sync using Laravel\'s database agnostic migrations and schema builder. ~/Apps $ php arti','admin',1,'active','2018-04-12 12:36:14','2018-04-12 12:33:42','2018-04-12 12:36:14'),(16,111,'test','admin',1,'active','2018-04-17 09:21:43','2018-04-12 12:37:08','2018-04-17 09:21:43'),(17,111,'sadsadvhyn','employee',105,'active',NULL,'2018-04-12 12:37:47','2018-04-17 09:22:22'),(18,111,'sdfdsfdsf','admin',1,'active',NULL,'2018-04-12 12:37:54','2018-04-12 12:37:54'),(19,111,'dsfdsf','admin',1,'active',NULL,'2018-04-12 12:37:58','2018-04-12 12:37:58'),(20,111,'dsfdsf','admin',1,'active',NULL,'2018-04-12 12:38:09','2018-04-12 12:38:09'),(21,111,'sdsaddsfdsfsfdsfdsfdsfdsfew vdsfcdsf dscdsvf dsvcdsvf','admin',1,'active','2018-04-17 09:21:13','2018-04-12 12:38:26','2018-04-17 09:21:13'),(22,53,'fgdgdfgffffffffffffffffffffrr','employee',2,'active','2018-04-18 11:59:22','2018-04-13 10:24:10','2018-04-18 11:59:22'),(23,53,'test documents','employee',2,'active',NULL,'2018-04-14 09:43:33','2018-04-14 09:43:33'),(24,111,'Test Notes','employee',103,'active',NULL,'2018-04-15 06:43:19','2018-04-15 06:43:19'),(25,53,'viig','employee',2,'active',NULL,'2018-04-16 08:55:41','2018-04-16 08:55:41'),(26,53,'gu','employee',2,'active',NULL,'2018-04-16 09:27:55','2018-04-16 09:27:55'),(27,100,'test','employee',105,'active',NULL,'2018-04-16 09:42:01','2018-04-16 09:42:01'),(28,53,'test documents','employee',2,'active',NULL,'2018-04-16 12:47:09','2018-04-16 12:47:09'),(29,110,'NEW NOTES UPDATED TESTING','employee',103,'active','2018-04-16 18:43:34','2018-04-16 16:29:59','2018-04-16 18:43:34'),(30,110,'ddwewe','employee',103,'active','2018-04-16 18:47:48','2018-04-16 18:47:44','2018-04-16 18:47:48'),(31,110,'what','employee',103,'active','2018-04-16 18:49:11','2018-04-16 18:49:08','2018-04-16 18:49:11'),(32,111,'test fin@l notes Babubhai b7b hubby BB u hgguugug bhu. Jung uujgugugu hug uuhbubuugugguuhhuuhhuhugugugug hubbub YB ubu jgug ugh Ubuntu ubg','employee',105,'active',NULL,'2018-04-17 09:21:05','2018-04-17 09:21:05'),(33,112,'sdsa','admin',1,'active',NULL,'2018-04-17 11:38:12','2018-04-17 11:38:12'),(34,53,'test documents','employee',2,'active',NULL,'2018-04-17 13:32:06','2018-04-17 13:32:06'),(35,53,'test documents','employee',2,'active',NULL,'2018-04-18 11:57:19','2018-04-18 11:57:19'),(36,114,'Test Notes','admin',1,'active','2018-04-19 09:18:54','2018-04-18 13:20:30','2018-04-19 09:18:54'),(37,70,'fdgfds','employee',103,'active','2018-04-18 19:13:03','2018-04-18 19:12:51','2018-04-18 19:13:03'),(38,114,'Hugh’s Baghdad’s. azvxhbsxuwbx hwxbwhxu buuxbwxwswsq2swd jswxhiwxhoahx jedisxisdi jaxkssiwxkhh jsxbisxhih jecb#chh jbcishcishd jhedihedeh','employee',136,'active','2018-04-19 09:26:22','2018-04-19 09:25:35','2018-04-19 09:26:22'),(39,114,'cudxhdchxxbsx usxy#dcc Nd NC Jc DNA I₹c. Jc u₹c d Curnc hex efn udc.','employee',136,'active',NULL,'2018-04-19 09:26:46','2018-04-19 09:26:46'),(40,114,'h h YB h. h y','employee',136,'active',NULL,'2018-04-19 09:26:59','2018-04-19 09:26:59'),(41,114,'trst','employee',136,'active',NULL,'2018-04-19 09:46:56','2018-04-19 09:46:56'),(42,110,'NEED TV REPAIRE','employee',103,'active',NULL,'2018-04-26 18:18:17','2018-04-26 18:18:17'),(43,118,'Complete the construction work','admin',1,'active',NULL,'2018-06-07 12:19:00','2018-06-07 12:19:00'),(44,118,'Complete the electrical work','admin',1,'active',NULL,'2018-06-07 12:19:32','2018-06-07 12:19:32');

/*Table structure for table `foldervideo` */

DROP TABLE IF EXISTS `foldervideo`;

CREATE TABLE `foldervideo` (
  `id` int(10) unsigned NOT NULL AUTO_INCREMENT,
  `folder_id` int(11) DEFAULT NULL,
  `job_id` int(11) DEFAULT NULL,
  `video_id` int(11) DEFAULT NULL,
  `status` varchar(191) COLLATE utf8mb4_unicode_ci DEFAULT 'active',
  `deleted_at` timestamp NULL DEFAULT NULL,
  `created_at` timestamp NULL DEFAULT NULL,
  `updated_at` timestamp NULL DEFAULT NULL,
  `user_type` varchar(191) COLLATE utf8mb4_unicode_ci DEFAULT NULL,
  `employee_id` varchar(191) COLLATE utf8mb4_unicode_ci DEFAULT NULL,
  PRIMARY KEY (`id`)
) ENGINE=InnoDB AUTO_INCREMENT=79 DEFAULT CHARSET=utf8mb4 COLLATE=utf8mb4_unicode_ci;

/*Data for the table `foldervideo` */

insert  into `foldervideo`(`id`,`folder_id`,`job_id`,`video_id`,`status`,`deleted_at`,`created_at`,`updated_at`,`user_type`,`employee_id`) values (1,26,2,3,'active','2018-02-14 07:00:30','2018-02-14 07:00:22','2018-02-14 07:00:30','admin','1'),(2,27,2,2,'active','2018-02-15 07:35:12','2018-02-15 07:35:08','2018-02-15 07:35:12','admin','1'),(3,28,4,2,'active','2018-02-15 11:33:08','2018-02-15 11:33:01','2018-02-15 11:33:08','admin','1'),(4,28,5,5,'active','2018-02-23 07:23:06','2018-02-21 06:40:01','2018-02-23 07:23:06','employee','18'),(5,28,5,6,'active','2018-02-23 07:23:06','2018-02-21 06:41:31','2018-02-23 07:23:06','employee','18'),(6,18,10,7,'active','2018-05-08 17:48:28','2018-02-21 06:46:34','2018-05-08 17:48:28','admin','1'),(7,31,9,8,'active','2018-05-08 17:48:26','2018-02-23 10:09:43','2018-05-08 17:48:26','admin','32'),(8,31,9,9,'active','2018-05-08 17:48:24','2018-02-23 10:28:44','2018-05-08 17:48:24','admin','32'),(9,32,9,7,'active','2018-05-08 17:48:28','2018-02-23 10:29:48','2018-05-08 17:48:28','admin','32'),(10,34,9,8,'active','2018-05-08 17:48:26','2018-02-24 05:11:28','2018-05-08 17:48:26','admin','32'),(11,34,9,9,'active','2018-05-08 17:48:24','2018-02-24 05:11:28','2018-05-08 17:48:24','admin','32'),(12,35,9,8,'active','2018-05-08 17:48:26','2018-02-24 05:13:17','2018-05-08 17:48:26','admin','32'),(13,28,9,10,'active',NULL,'2018-02-24 05:24:55','2018-02-24 05:24:55','employee','32'),(14,38,15,8,'active','2018-05-08 17:48:26','2018-02-26 05:53:16','2018-05-08 17:48:26','admin','43'),(15,39,15,8,'active','2018-05-08 17:48:26','2018-02-26 06:23:01','2018-05-08 17:48:26','admin','43'),(16,28,12,11,'active',NULL,'2018-02-26 06:29:10','2018-02-26 06:29:10','employee','32'),(17,28,12,12,'active',NULL,'2018-02-26 06:32:59','2018-02-26 06:32:59','employee','32'),(18,28,12,13,'active',NULL,'2018-02-26 06:33:01','2018-02-26 06:33:01','employee','32'),(19,28,12,14,'active',NULL,'2018-02-26 06:33:08','2018-02-26 06:33:08','employee','32'),(20,28,12,15,'active',NULL,'2018-02-26 06:38:17','2018-02-26 06:38:17','employee','32'),(21,22,17,8,'active','2018-05-08 17:48:26','2018-02-26 12:36:02','2018-05-08 17:48:26','admin','46'),(22,28,12,16,'active',NULL,'2018-02-26 13:00:03','2018-02-26 13:00:03','employee','32'),(23,28,10,5,'active',NULL,'2018-02-27 06:53:16','2018-02-27 06:53:16','admin','1'),(24,42,21,8,'active','2018-05-08 17:48:26','2018-02-27 11:17:46','2018-05-08 17:48:26','admin','44'),(25,43,21,9,'active','2018-05-08 17:48:24','2018-02-27 11:18:23','2018-05-08 17:48:24','admin','44'),(26,43,21,17,'active',NULL,'2018-02-27 13:11:18','2018-02-27 13:11:18','employee','48'),(27,45,22,18,'active','2018-05-08 17:48:21','2018-02-27 13:12:46','2018-05-08 17:48:21','admin','1'),(28,45,22,7,'active','2018-05-08 17:48:28','2018-02-27 14:04:06','2018-05-08 17:48:28','admin','1'),(29,46,23,19,'active','2018-05-08 17:48:20','2018-03-02 23:10:17','2018-05-08 17:48:20','admin','1'),(30,46,23,20,'active',NULL,'2018-03-06 19:47:10','2018-03-06 19:47:10','employee','54'),(31,46,23,21,'active',NULL,'2018-03-07 18:18:56','2018-03-07 18:18:56','employee','54'),(32,46,23,22,'active',NULL,'2018-03-07 18:51:17','2018-03-07 18:51:17','employee','54'),(33,46,23,23,'active',NULL,'2018-03-07 18:54:08','2018-03-07 18:54:08','employee','54'),(34,46,23,24,'active',NULL,'2018-03-07 19:36:50','2018-03-07 19:36:50','employee','54'),(35,46,23,25,'active',NULL,'2018-03-07 19:56:35','2018-03-07 19:56:35','employee','54'),(36,47,42,8,'active','2018-05-08 17:48:26','2018-03-19 07:09:50','2018-05-08 17:48:26','admin','32'),(37,50,43,19,'active','2018-05-08 17:48:20','2018-03-19 08:59:50','2018-05-08 17:48:20','admin','32'),(38,48,43,26,'active','2018-03-20 05:19:56','2018-03-20 05:19:50','2018-03-20 05:19:56','admin','1'),(39,44,22,8,'active','2018-03-20 05:48:28','2018-03-20 05:48:25','2018-03-20 05:48:28','admin','1'),(40,52,44,8,'active','2018-05-08 17:48:26','2018-03-20 12:37:10','2018-05-08 17:48:26','admin','1'),(41,60,44,9,'active','2018-05-08 17:48:24','2018-03-20 12:43:15','2018-05-08 17:48:24','admin','1'),(42,60,44,7,'active','2018-05-08 17:48:28','2018-03-20 12:43:22','2018-05-08 17:48:28','admin','1'),(43,60,44,7,'active','2018-03-20 12:43:48','2018-03-20 12:43:30','2018-03-20 12:43:48','admin','1'),(44,52,44,8,'active','2018-05-08 17:48:26','2018-03-20 12:58:50','2018-05-08 17:48:26','admin','1'),(45,65,44,8,'active','2018-05-08 17:48:26','2018-03-22 10:45:38','2018-05-08 17:48:26','admin','1'),(46,62,44,8,'active','2018-03-22 10:46:43','2018-03-22 10:46:39','2018-03-22 10:46:43','admin','1'),(47,62,44,7,'active','2018-05-08 17:48:28','2018-03-22 10:48:09','2018-05-08 17:48:28','admin','1'),(48,69,44,7,'active','2018-05-08 17:48:28','2018-03-26 07:07:43','2018-05-08 17:48:28','admin','69'),(49,69,44,9,'active','2018-05-08 17:48:24','2018-03-26 07:08:14','2018-05-08 17:48:24','admin','69'),(50,71,45,8,'active','2018-05-08 17:48:26','2018-03-28 13:43:37','2018-05-08 17:48:26','admin','1'),(51,70,45,8,'active','2018-05-08 17:48:26','2018-03-28 13:43:46','2018-05-08 17:48:26','admin','1'),(52,73,51,8,'active','2018-05-08 17:48:26','2018-04-02 06:00:48','2018-05-08 17:48:26','admin','1'),(53,73,51,9,'active','2018-05-08 17:48:24','2018-04-02 06:01:34','2018-05-08 17:48:24','admin','1'),(54,83,53,8,'active','2018-05-08 17:48:26','2018-04-03 10:35:39','2018-05-08 17:48:26','admin','1'),(55,80,53,9,'active','2018-05-08 17:48:24','2018-04-03 12:06:10','2018-05-08 17:48:24','admin','1'),(56,80,53,7,'active','2018-05-08 17:48:28','2018-04-03 12:10:53','2018-05-08 17:48:28','admin','1'),(57,85,62,8,'active','2018-05-08 17:48:26','2018-04-05 06:08:07','2018-05-08 17:48:26','admin','1'),(58,90,67,30,'active','2018-05-08 17:48:08','2018-04-05 15:59:35','2018-05-08 17:48:08','admin','55'),(59,90,67,31,'active','2018-05-08 17:48:06','2018-04-05 15:59:46','2018-05-08 17:48:06','admin','55'),(60,79,53,30,'active','2018-05-08 17:48:08','2018-04-06 05:47:07','2018-05-08 17:48:08','admin','1'),(61,79,53,8,'active','2018-04-06 09:52:05','2018-04-06 05:47:19','2018-04-06 09:52:05','admin','1'),(62,91,69,29,'active','2018-05-08 17:48:10','2018-04-06 12:55:13','2018-05-08 17:48:10','admin','1'),(63,91,69,30,'active','2018-05-08 17:48:08','2018-04-06 12:55:13','2018-05-08 17:48:08','admin','1'),(64,92,68,26,'active','2018-04-06 12:57:01','2018-04-06 12:56:52','2018-04-06 12:57:01','admin','1'),(65,92,68,30,'active','2018-05-08 17:48:08','2018-04-06 12:57:06','2018-05-08 17:48:08','admin','1'),(66,94,93,8,'active','2018-05-08 17:48:26','2018-04-10 16:09:18','2018-05-08 17:48:26','admin','1'),(67,97,101,8,'active','2018-05-08 17:48:26','2018-04-11 13:10:56','2018-05-08 17:48:26','admin','1'),(68,98,111,8,'active','2018-05-08 17:48:26','2018-04-12 12:47:19','2018-05-08 17:48:26','admin','1'),(69,98,111,9,'active','2018-05-08 17:48:24','2018-04-12 12:47:33','2018-05-08 17:48:24','admin','1'),(70,100,111,18,'active','2018-05-08 17:48:21','2018-04-12 12:49:09','2018-05-08 17:48:21','admin','1'),(71,100,111,29,'active','2018-05-08 17:48:10','2018-04-12 12:49:21','2018-05-08 17:48:10','admin','1'),(72,99,111,7,'active','2018-05-08 17:48:28','2018-04-12 12:49:31','2018-05-08 17:48:28','admin','1'),(73,28,53,32,'active',NULL,'2018-04-14 09:40:56','2018-04-14 09:40:56','employee','2'),(74,28,53,33,'active',NULL,'2018-04-14 09:41:28','2018-04-14 09:41:28','employee','2'),(75,98,111,34,'active',NULL,'2018-04-16 14:16:07','2018-04-16 14:16:07','employee','105'),(76,28,53,35,'active',NULL,'2018-04-17 13:31:01','2018-04-17 13:31:01','employee','2'),(77,28,53,36,'active',NULL,'2018-04-18 11:54:05','2018-04-18 11:54:05','employee','2'),(78,106,114,19,'active','2018-05-08 17:48:20','2018-04-18 13:19:13','2018-05-08 17:48:20','admin','1');

/*Table structure for table `images` */

DROP TABLE IF EXISTS `images`;

CREATE TABLE `images` (
  `id` int(10) unsigned NOT NULL AUTO_INCREMENT,
  `product_id` bigint(20) NOT NULL,
  `image` varchar(191) COLLATE utf8mb4_unicode_ci DEFAULT NULL,
  `created_at` timestamp NULL DEFAULT NULL,
  `updated_at` timestamp NULL DEFAULT NULL,
  PRIMARY KEY (`id`)
) ENGINE=InnoDB AUTO_INCREMENT=133 DEFAULT CHARSET=utf8mb4 COLLATE=utf8mb4_unicode_ci;

/*Data for the table `images` */

insert  into `images`(`id`,`product_id`,`image`,`created_at`,`updated_at`) values (127,29,'http://rittersapp.com/Products/15293198995b2791db8a511.jpg','2018-06-18 11:04:59','2018-06-18 11:04:59'),(128,30,'http://rittersapp.com/Products/15293202495b279339d1f2c.jpg','2018-06-18 11:10:49','2018-06-18 11:10:49'),(129,31,'http://rittersapp.com/Products/15293204305b2793ee1af9d.jpg','2018-06-18 11:13:50','2018-06-18 11:13:50'),(130,32,'http://rittersapp.com/Products/15293205035b2794378100d.jpg','2018-06-18 11:15:03','2018-06-18 11:15:03'),(131,33,'http://rittersapp.com/Products/15293208375b2795854394d.jpg','2018-06-18 11:20:37','2018-06-18 11:20:37'),(132,34,'http://rittersapp.com/Products/15293210715b27966f4d545.jpg','2018-06-18 11:24:31','2018-06-18 11:24:31');

/*Table structure for table `job` */

DROP TABLE IF EXISTS `job`;

CREATE TABLE `job` (
  `id` int(10) unsigned NOT NULL AUTO_INCREMENT,
  `title` varchar(191) COLLATE utf8mb4_unicode_ci NOT NULL,
  `description` varchar(191) COLLATE utf8mb4_unicode_ci NOT NULL,
  `duedate` varchar(191) COLLATE utf8mb4_unicode_ci NOT NULL,
  `notes` varchar(191) COLLATE utf8mb4_unicode_ci NOT NULL,
  `status` varchar(191) COLLATE utf8mb4_unicode_ci DEFAULT 'active',
  `deleted_at` timestamp NULL DEFAULT NULL,
  `created_by` int(11) DEFAULT NULL,
  `created_at` timestamp NULL DEFAULT NULL,
  `updated_at` timestamp NULL DEFAULT NULL,
  `client_id` int(11) DEFAULT NULL,
  `job_status` varchar(191) COLLATE utf8mb4_unicode_ci DEFAULT NULL,
  `job_number` varchar(191) COLLATE utf8mb4_unicode_ci DEFAULT NULL,
  `start_time` varchar(191) COLLATE utf8mb4_unicode_ci DEFAULT NULL,
  `end_time` varchar(191) COLLATE utf8mb4_unicode_ci DEFAULT NULL,
  PRIMARY KEY (`id`)
) ENGINE=InnoDB AUTO_INCREMENT=137 DEFAULT CHARSET=utf8mb4 COLLATE=utf8mb4_unicode_ci;

/*Data for the table `job` */

insert  into `job`(`id`,`title`,`description`,`duedate`,`notes`,`status`,`deleted_at`,`created_by`,`created_at`,`updated_at`,`client_id`,`job_status`,`job_number`,`start_time`,`end_time`) values (1,'dfdsf','sdfsdf','15-02-2018','zxZXz','active','2018-02-14 06:51:39',1,'2018-02-14 06:50:57','2018-02-14 06:51:39',NULL,'pending','l-433',NULL,NULL),(2,'fdsf','dsfsdfdfdfd','15-02-2018','dfsd','active','2018-02-23 07:42:59',2,'2018-02-14 06:51:33','2018-02-23 07:42:59',NULL,'pending','j-454','5:00','18:00'),(3,'dsd','sdasd','15-02-2018','sdasd','active','2018-02-15 07:24:17',3,'2018-02-14 07:37:06','2018-02-15 07:24:17',NULL,'pending','u-676',NULL,NULL),(4,'erwe','erwer','15-02-2018','cvxvxcvcxv','active','2018-02-15 11:34:00',4,'2018-02-15 07:23:42','2018-02-15 11:34:00',NULL,'pending','p-343',NULL,NULL),(5,'test','wedwaewrw','16-02-2018','zczxcxzcxz','active','2018-04-03 10:08:53',5,'2018-02-16 13:25:49','2018-04-03 10:08:53',2,'markasdone','o-533',NULL,NULL),(6,'Painting,CarPainters','Find The Nerolac Paints That Suits Your Interior And Exterior Walls. Explore Now\r\nPick Your Colour · Painting Guides · Expert Guidance · Healthy Home Paints · Painting Techniques\r\nTypes: Inte','25-02-2018','We have good Painter and carpainter','inactive','2018-04-03 10:08:51',6,'2018-02-23 07:39:52','2018-04-03 10:08:51',5,'pending','r-343',NULL,NULL),(7,'IT','TEST','28-02-2018','TESTs','active','2018-02-23 10:36:00',7,'2018-02-23 07:47:38','2018-02-23 10:36:00',5,'pending','e-323',NULL,NULL),(8,'Data Entry','Test Data entry','08-03-2018','Test Notes','active','2018-04-03 10:08:49',8,'2018-02-23 09:30:15','2018-04-03 10:08:49',6,'pending','h-454','5:00','18:00'),(9,'Account','CA','01-03-2018','Test Aaccounts','active','2018-04-03 10:08:46',9,'2018-02-23 09:51:10','2018-04-03 10:08:46',6,'pending','g-452',NULL,NULL),(10,'Michenic','Needed for','28-02-2018','Check it','active','2018-03-16 11:35:14',10,'2018-02-24 20:34:13','2018-03-16 11:35:14',6,'pending','g-53','6:00','19:00'),(11,'Plumber','Plumber for work','01-03-2018','Testing some','active','2018-04-03 10:08:44',11,'2018-02-25 03:11:56','2018-04-03 10:08:44',6,'pending','h-45',NULL,NULL),(12,'iOS First Job','This Job required knowledge of Swift and Objective C language.','28-02-2018','Hey Chirag This job required lots of potentials.','active','2018-04-03 10:08:42',12,'2018-02-25 09:42:31','2018-04-03 10:08:42',6,'pending','g-343',NULL,NULL),(13,'Ac Repairing','Needs the one who has lots of experience in this field.','28-02-2018','You need to findout that In office whic AC are working fine and which are not.','active','2018-04-03 10:08:39',13,'2018-02-25 09:43:47','2018-04-03 10:08:39',6,'pending','f-434','7:00','20:00'),(14,'Computer Repairing','This task is related to repairing of Computers.','28-02-2018','Notes.','active','2018-04-03 10:08:35',14,'2018-02-25 11:01:04','2018-04-03 10:08:35',6,'pending','e-234',NULL,NULL),(15,'Test Tomorrow Task','Test description','28-02-2018','Test Notes','active','2018-04-03 10:08:29',15,'2018-02-26 05:41:22','2018-04-03 10:08:29',5,'pending','t-343',NULL,NULL),(16,'Electricity','All Electric work','03-03-2018','test electric city','active','2018-04-03 10:08:27',16,'2018-02-26 12:17:04','2018-04-03 10:08:27',7,'pending','g-567',NULL,NULL),(17,'Development','All type developing','05-03-2018','All type work on developing','active','2018-04-03 10:08:25',17,'2018-02-26 12:19:07','2018-04-03 10:08:25',8,'markasdone','j-223',NULL,NULL),(18,'Ac Repair','Client want to repiare their Ac. as well he want to buy New Ac.','28-02-2018','Please make sure to get all the instruments together.','active','2018-04-03 10:08:22',18,'2018-02-26 17:58:59','2018-04-03 10:08:22',8,'pending','g-453',NULL,NULL),(19,'Api Developing','We have all type api developing like rest,cross api.','02-03-2018','Test Notes','active','2018-04-03 10:08:20',19,'2018-02-27 10:53:58','2018-04-03 10:08:20',9,'pending','o-232',NULL,NULL),(20,'Php Developing','All site make in php all framework','29-03-2018','test','active','2018-04-03 10:08:17',20,'2018-02-27 11:05:15','2018-04-03 10:08:17',9,'pending','e-235678',NULL,NULL),(21,'Android / Ios Application','Test android application','03-03-2018','Test Application','active','2018-04-03 10:08:15',21,'2018-02-27 11:07:06','2018-04-03 10:08:15',12,'pending','q-12',NULL,NULL),(22,'Sink fitting at Khushbu house','Lorem ipsum dolor sit amet, consectetur adipiscing elit, sed do eiusmod tempor incididunt ut labore et dolore magna aliqua. Ut enim ad minim veniam, quis nostrud exercitation ullamco laboris ','26-04-2018','This is for the sinki fitting of Khushbu Vyas','active','2018-04-03 10:08:13',22,'2018-02-27 13:10:00','2018-04-03 10:08:13',13,'pending','c-432',NULL,NULL),(23,'Sink Fitting On Rahul Home','Lorem Ipsum is simply dummy text of the printing and typesetting industry. Lorem Ipsum has been the industry\'s standard dummy text ever since the 1500s, when an unknown printer took a galley','17-05-2018','There are many variations of passages of Lorem Ipsum available, but the majority have suffered alteration in some form, by injected humour, or randomised words which don\'t look even slightly','active','2018-04-03 10:08:10',23,'2018-02-28 18:08:23','2018-04-03 10:08:10',13,'markasdone','b-34',NULL,NULL),(24,'sdasd','sdsad','12-03-2018','sdsa','active','2018-04-03 10:08:08',24,'2018-03-12 09:44:05','2018-04-03 10:08:08',1,'pending','j-12',NULL,NULL),(25,'sdsad','zadasd','15-03-2018','sdasdsa','inactive','2018-04-03 10:08:06',25,'2018-03-15 11:27:09','2018-04-03 10:08:06',12,'pending','j-223',NULL,NULL),(26,'React Js','It is good js..easy to make project','20-03-2018','It\'s complete this project before due date','active','2018-04-03 10:08:04',26,'2018-03-16 11:19:03','2018-04-03 10:08:04',13,'pending',NULL,NULL,NULL),(27,'Node Js','Node desc','21-03-2018','Regarding note node js','active','2018-04-03 10:08:01',27,'2018-03-16 11:47:03','2018-04-03 10:08:01',13,'pending',NULL,NULL,NULL),(28,'Node Js','Node js desc','2018-03-18','','active','2018-04-03 10:07:58',NULL,'2018-03-16 11:49:52','2018-04-03 10:07:58',NULL,NULL,NULL,'17:15','20:00'),(29,'Node Js','Node js desc','2018-03-23','','active','2018-04-03 10:07:56',NULL,'2018-03-16 11:50:58','2018-04-03 10:07:56',NULL,NULL,NULL,'14:20','17:20'),(30,'Home Page','Home desc','2018-03-31','','active','2018-04-03 10:07:53',NULL,'2018-03-16 11:53:48','2018-04-03 10:07:53',NULL,NULL,NULL,'18:15','20:15'),(31,'test sadhana','test test sadhana','2018-03-26','','active','2018-04-03 10:07:51',NULL,'2018-03-16 12:12:00','2018-04-03 10:07:51',NULL,NULL,NULL,'06:00','19:00'),(32,'Automation','Reg Automation','2018-03-24','','active','2018-04-03 10:07:49',NULL,'2018-03-16 12:12:27','2018-04-03 10:07:49',NULL,NULL,NULL,'14:45','00:45'),(33,'Be-HELP','Be-help payment','2018-04-20','','active','2018-04-03 10:07:47',NULL,'2018-03-16 12:19:30','2018-04-03 10:07:47',NULL,NULL,NULL,'00:00','14:00'),(34,'Deeath App','Whole APP','2018-05-30','','active','2018-04-03 10:07:45',NULL,'2018-03-16 12:31:14','2018-04-03 10:07:45',NULL,NULL,NULL,'14:00','10:00'),(35,'tester sadhana','fdfdsfgdggtesdter tester','2018-03-21','','active','2018-04-03 10:07:42',NULL,'2018-03-16 13:10:48','2018-04-03 10:07:42',NULL,NULL,NULL,'18:07','04:05'),(36,'php Developer','Laravell','2018-04-04','','active','2018-04-03 10:07:40',NULL,'2018-03-16 13:15:02','2018-04-03 10:07:40',NULL,NULL,NULL,'17:25','20:25'),(37,'Test JoB nUM','TEST DESC','23-03-2018','TEST NOITES','active','2018-04-03 10:07:34',37,'2018-03-17 08:46:27','2018-04-03 10:07:34',13,'pending',NULL,NULL,NULL),(38,'tetst','hshBA','17-03-2018','TEST NOTES','active','2018-04-03 10:07:32',38,'2018-03-17 08:48:05','2018-04-03 10:07:32',9,'pending','o-434',NULL,NULL),(39,'tESTING','TEST DESC','04-04-2018','test software notes','active','2018-04-03 10:07:30',39,'2018-03-17 08:54:37','2018-04-03 10:07:30',12,'pending','A-1234 Software teser',NULL,NULL),(40,'ios Developer','Need iOS dev','17-03-2018','test notes','active','2018-04-03 10:07:27',40,'2018-03-17 08:55:50','2018-04-03 10:07:27',12,'pending','I -123456',NULL,NULL),(41,'test','test','23-03-2018','asasdsASSAD','active','2018-03-17 08:59:22',41,'2018-03-17 08:57:50','2018-03-17 08:59:22',5,'pending','t-12',NULL,NULL),(42,'Native App','Complete App Store Optimization Solution. Start Optimizing Your App Today!\r\nReputation Management · Global ASO Localization\r\nTypes: App Store Optimization, Enterprise ASO Software, Mobile App','29-03-2018','tets notes','active','2018-04-03 10:07:24',42,'2018-03-19 06:58:10','2018-04-03 10:07:24',13,'markasdone','Native Appc-101',NULL,NULL),(43,'React Js','So you want to hire a React.js developer—how can you attract top talent to your project? Finding the right React.js developer can be an important first step in getting your project off the gr','25-03-2018','What is React? React is a declarative, efficient, and flexible JavaScript library for building user interfaces. React has a few different kinds of components, but we\'ll start with React.Compo','active','2018-04-03 10:07:22',43,'2018-03-19 07:21:13','2018-04-03 10:07:22',13,'markasdone','Js123',NULL,NULL),(44,'Electricals','test desc','22-06-2018','test notes5','active','2018-04-03 10:07:19',44,'2018-03-20 06:15:15','2018-04-03 10:07:19',10,'markasdone','j-1034657789012',NULL,NULL),(45,'Fix my whole kitchen from scratch','Fix my whole kitchen from scratchFix my whole kitchen from scratchFix my whole kitchen from scratch','05-04-2018','This is my special client.','active','2018-05-08 17:47:15',45,'2018-03-28 13:41:57','2018-05-08 17:47:15',15,NULL,'007','04:50','05:30'),(46,'Fix the bedrooms','The bedroom bed is broken','20-03-2029','sdsad','active','2018-05-08 17:47:13',NULL,'2018-03-28 13:44:39','2018-05-08 17:47:13',1,NULL,'123456783434','03:01','21:57'),(47,'Hetal Flat Renovation','Renovate all bedroom and hall','01-06-2018','dfsbnkdfghsdjkfhsdfjkh sdjkfh sdjkfh sdfjkfh sdjkh fjksdh afjksdhf asdhf','active','2018-04-03 10:07:10',47,'2018-03-28 14:10:39','2018-04-03 10:07:10',13,'pending','456321',NULL,NULL),(48,'Hetal Washing machine','dfsdafsdf','20-03-2031','Hey man kdjdj njdnxc nxcdjsnxcjds dkncxjdnxc dkjnxcdjs dsnxdj.','active','2018-04-03 10:07:07',NULL,'2018-03-28 14:13:15','2018-04-03 10:07:07',1,NULL,'12','15:15','16:59'),(49,'Testing Job','Hey man man man amnhsdh sjhdisahd sadusad duasdbd dbkjbd kjsbdsbdjksbd jbjkasbd sbdhkjsbd sbdhksabd sbdkajbd skbdksjbd dhwkduqweq sh uqwbd ksbdkwjd . wkdb ud cb uewof xc iueb uewc kceuibc dhb','26-04-2018','snckc nckeqnfqe cms,a ckenfecm,s ckenf cckwenf;ke xcek.wfneknf cmfnkefnke;f msckefnkenf c,mefejnfe cefnkqnfs cqwkndf','active','2018-05-08 17:47:11',49,'2018-03-29 18:27:45','2018-05-08 17:47:11',11,'pending','1234',NULL,NULL),(50,'Testing tool Job','Require all bug tracker tool knowledge','27-04-2018','Mantis,redmine,jira etc','active','2018-04-05 05:11:56',50,'2018-03-29 18:32:40','2018-04-05 05:11:56',10,'markasdone','123',NULL,NULL),(51,'Software Testing','We are looking for a QA Tester to assess software quality through manual and automated testing. You will be responsible for finding and reporting bugs and glitches. In this role, you should h','12-27-2018','Now we r hiring automation engineer','active','2018-05-08 17:47:09',51,'2018-04-02 05:41:30','2018-05-08 17:47:09',15,'markasdone','ST : 12345678',NULL,NULL),(52,'sdsd','wedqwe','04-04-2018','weqwe','active','2018-04-05 01:29:03',52,'2018-04-03 10:05:16','2018-04-05 01:29:03',1,'pending','j-123',NULL,NULL),(53,'Not Delete','Job is not deleted','06-04-2018','dsaas','active','2018-05-08 17:47:06',53,'2018-04-03 10:24:12','2018-05-08 17:47:06',5,'markasdone','j-234',NULL,NULL),(54,'laravel developer','laravel developers','04-05-2018','','active','2018-05-08 17:47:03',NULL,'2018-04-04 13:29:42','2018-05-08 17:47:03',NULL,NULL,NULL,'10:00','20:00'),(55,'testchangesjo','testdesc','04-28-2018','test note','inactive','2018-05-08 17:50:00',55,'2018-04-04 14:20:12','2018-05-08 17:50:00',13,'markasdone','12345678',NULL,NULL),(56,'Test Document Upload','test document upload','2018-04-05','','active','2018-05-08 17:47:01',NULL,'2018-04-05 05:40:41','2018-05-08 17:47:01',NULL,NULL,NULL,'10:00','19:00'),(57,'Test Document Upload','test document upload','2018-04-05','','active','2018-05-08 17:46:59',NULL,'2018-04-05 05:42:14','2018-05-08 17:46:59',NULL,NULL,NULL,'10:00','19:00'),(58,'Test Document Upload','test','2018-04-06','','active','2018-05-08 17:46:57',NULL,'2018-04-05 05:43:18','2018-05-08 17:46:57',NULL,NULL,NULL,'10:00','19:00'),(59,'Dashboard','TEST hOME','2018-04-10','','active','2018-05-08 17:46:54',NULL,'2018-04-05 05:47:56','2018-05-08 17:46:54',NULL,NULL,NULL,'12:00','13:00'),(60,'My 2 Goal','desc','2018-04-20','','active','2018-05-08 17:46:52',NULL,'2018-04-05 05:55:42','2018-05-08 17:46:52',NULL,NULL,NULL,'10:00','12:00'),(61,'TESTING','dESC','2018-04-15','','active','2018-04-05 06:05:51',NULL,'2018-04-05 05:57:28','2018-04-05 06:05:51',NULL,NULL,NULL,'12:00','14:00'),(62,'Kreyas','It\'s Software engineer','04-20-2018','Today release app','active','2018-05-08 17:46:50',62,'2018-04-05 06:04:08','2018-05-08 17:46:50',21,'pending','N-123',NULL,NULL),(63,'test','sassa','2018-04-19','','active','2018-05-08 17:46:48',NULL,'2018-04-05 09:34:10','2018-05-08 17:46:48',NULL,NULL,NULL,'12:00','17:00'),(64,'test title','test desc','2018-04-12','','active','2018-05-08 17:46:46',NULL,'2018-04-05 09:35:02','2018-05-08 17:46:46',NULL,NULL,NULL,'13:00','17:00'),(65,'testing title','testing desc','2018-04-25','','active','2018-05-08 17:46:43',NULL,'2018-04-05 09:36:26','2018-05-08 17:46:43',NULL,NULL,NULL,'14:00','17:00'),(66,'test data','testing data','2018-04-27','','active','2018-05-08 17:46:40',NULL,'2018-04-05 09:39:09','2018-05-08 17:46:40',NULL,NULL,NULL,'07:00','11:00'),(67,'Steve Metzger','Resolve shadowing of lights','04-17-2018','Waiting on wabash elect','inactive',NULL,67,'2018-04-05 15:52:27','2018-04-09 05:35:40',17,'pending','171004',NULL,NULL),(68,'test','test job is add or not','04-06-2018','ffff','active','2018-05-08 17:46:38',68,'2018-04-06 12:52:10','2018-05-08 17:46:38',1,'pending','j-orwe',NULL,NULL),(69,'test document','Documnet display or not','04-07-2018','frrter','active','2018-05-08 17:46:36',69,'2018-04-06 12:52:49','2018-05-08 17:46:36',1,'pending','o-424',NULL,NULL),(70,'Smith, smith','Plumbing','04-09-2018','Ghjkbjkbljkbjkbjlkbj','active','2018-05-08 17:44:39',70,'2018-04-06 22:36:00','2018-05-08 17:44:39',11,'pending','180778',NULL,NULL),(71,'This is the Jason Job for Kitchen','This is the Jason Job for Kitchen','2018-04-10','','active','2018-05-08 17:46:34',NULL,'2018-04-09 05:33:57','2018-05-08 17:46:34',NULL,NULL,NULL,'23:40','14:02'),(72,'chetan Check','chetan Check','2018-04-12','','inactive',NULL,NULL,'2018-04-09 06:31:04','2018-04-09 06:32:37',NULL,NULL,NULL,'11:58','23:58'),(73,'test','test','04-30-2018','test','active','2018-05-08 17:46:31',73,'2018-04-10 09:27:06','2018-05-08 17:46:31',40,'pending','#21',NULL,NULL),(74,'test','test','05-03-2018','test','active','2018-05-08 17:46:29',74,'2018-04-10 09:27:37','2018-05-08 17:46:29',5,'pending','#22',NULL,NULL),(75,'test1','test1','05-08-2018','test11','active','2018-05-08 17:46:26',75,'2018-04-10 09:29:12','2018-05-08 17:46:26',5,'pending','#23',NULL,NULL),(76,'asd','sda','05-02-2018','asd','active','2018-05-08 17:46:24',76,'2018-04-10 12:09:35','2018-05-08 17:46:24',3,'pending','123',NULL,NULL),(77,'dfs','sdf','05-12-2018','fgh','active','2018-04-18 12:44:07',77,'2018-04-10 12:09:57','2018-04-18 12:44:07',37,'pending','sda',NULL,NULL),(78,'jgjgh','jhgj','05-04-2018','df','active','2018-05-08 17:46:22',78,'2018-04-10 12:10:15','2018-05-08 17:46:22',16,'pending','dfghfgjhngh',NULL,NULL),(79,'jh','jhjh','05-11-2018','jhjh','active','2018-05-08 17:46:20',79,'2018-04-10 12:10:34','2018-05-08 17:46:20',5,'pending','jkk',NULL,NULL),(80,'fgh','ghf','05-12-2018','fgf','active','2018-05-08 17:46:18',80,'2018-04-10 12:10:47','2018-05-08 17:46:18',5,'pending','fg',NULL,NULL),(81,'retgsdf','fdsdfsd','05-12-2018','sdfsdf','active','2018-05-08 17:46:16',81,'2018-04-10 12:11:03','2018-05-08 17:46:16',6,'pending','435345',NULL,NULL),(82,'sad','sad','05-12-2018','asdasd','active','2018-05-08 17:46:10',82,'2018-04-10 12:11:51','2018-05-08 17:46:10',5,'pending','sad',NULL,NULL),(83,'df','fg','05-12-2018','fg','active','2018-05-08 17:46:14',83,'2018-04-10 12:12:04','2018-05-08 17:46:14',11,'pending','ghj',NULL,NULL),(84,'kjh','jh','05-11-2018','jh','active','2018-05-08 17:46:07',84,'2018-04-10 12:12:16','2018-05-08 17:46:07',7,'pending','hjk',NULL,NULL),(85,'sdfsdf','sdf','05-12-2018','sdf','active','2018-05-08 17:46:06',85,'2018-04-10 14:33:00','2018-05-08 17:46:06',6,'pending','dfss',NULL,NULL),(86,'gf','fgd','05-12-2018','fgd','active','2018-05-08 17:46:04',86,'2018-04-10 14:33:31','2018-05-08 17:46:04',3,'pending','fgd',NULL,NULL),(87,'fg','df','05-12-2018','fd','active','2018-04-11 10:57:16',87,'2018-04-10 14:33:44','2018-04-11 10:57:16',3,'pending','ddf',NULL,NULL),(88,'fd','df','05-12-2018','fgdfg','active','2018-04-11 10:57:14',88,'2018-04-10 14:33:57','2018-04-11 10:57:14',3,'pending','fgd',NULL,NULL),(89,'f','d','05-12-2018','ghfgh','active','2018-04-11 10:57:13',89,'2018-04-10 14:34:17','2018-04-11 10:57:13',7,'pending','fgd',NULL,NULL),(90,'sdf','sdfsdf','05-12-2018','sdfsdfsdf','active','2018-04-11 10:57:11',90,'2018-04-10 14:35:00','2018-04-11 10:57:11',3,'pending','sdf',NULL,NULL),(91,'sdf','sdf','05-12-2018','sdfsdffsdsdf','active','2018-04-11 10:57:09',91,'2018-04-10 14:35:13','2018-04-11 10:57:09',6,'pending','sdf',NULL,NULL),(92,'ssdf','sdfsdf','05-12-2018','sdfsdfsdfsdf','active','2018-04-11 10:57:07',92,'2018-04-10 14:35:26','2018-04-11 10:57:07',5,'pending','sdfdf',NULL,NULL),(93,'sdfsdf','sdf','04-10-2018','sdffsdsdf','active','2018-04-11 10:57:06',93,'2018-04-10 14:35:42','2018-04-11 10:57:06',3,'pending','sdffd',NULL,NULL),(94,'dfs','dfs','05-12-2018','fsdfsdsdfsdf','active','2018-04-11 10:57:04',94,'2018-04-11 07:47:16','2018-04-11 10:57:04',6,'pending','sdf',NULL,NULL),(95,'dfsdsf','sdfsd','05-12-2018','sdfsdfsdf','active','2018-04-11 10:57:03',95,'2018-04-11 07:47:31','2018-04-11 10:57:03',7,'pending','sdfsdf',NULL,NULL),(96,'dfd','fgdf','05-11-2018','fdf','active','2018-04-11 10:57:01',96,'2018-04-11 07:47:44','2018-04-11 10:57:01',1,'pending','cgf',NULL,NULL),(97,'fg','j','05-12-2018','hggh','active','2018-04-11 10:56:59',97,'2018-04-11 07:47:59','2018-04-11 10:56:59',17,'pending','dfg',NULL,NULL),(98,'gh','gh','05-12-2018','hhf','active','2018-04-11 10:56:38',98,'2018-04-11 07:48:11','2018-04-11 10:56:38',5,'pending','gh',NULL,NULL),(99,'ssssss','asS','04-11-2018','dfgdf','active','2018-05-08 17:46:02',NULL,'2018-04-11 12:28:57','2018-05-08 17:46:02',1,'Pending','weqw','01:00','12:00'),(100,'Test Chetan','Next date','2018-04-18','','active','2018-05-08 17:45:59',NULL,'2018-04-11 13:06:51','2018-05-08 17:45:59',NULL,'markasdone',NULL,'15:57','18:59'),(101,'New Test','tesdthi','04-25-2018','testse','active','2018-05-08 17:45:57',NULL,'2018-04-11 13:07:41','2018-05-08 17:45:57',1,'Pending','test','07:51','23:59'),(102,'dasfasdf','dfasdjfk','04-26-2018','asdfasdasdasd','active','2018-05-08 17:45:55',102,'2018-04-11 13:11:43','2018-05-08 17:45:55',6,'pending','a 120',NULL,NULL),(103,'Teste new Job','dfhsdjkfh','04-27-2018','asdadfas','active','2018-05-08 17:45:53',103,'2018-04-11 13:12:19','2018-05-08 17:45:53',3,'pending','456',NULL,NULL),(104,'sdasdas','sadasd','04-11-2018','','active','2018-05-08 17:45:51',NULL,'2018-04-11 13:39:27','2018-05-08 17:45:51',NULL,'Pending',NULL,'01:00','13:00'),(105,'Larawell','Hi, it seems that order by date descending is not working. I\'ve tried order by id and it works. How can i make it work on order by date. And also how...','04-28-2018','It\'s good technology','active','2018-05-08 17:44:34',105,'2018-04-12 08:58:14','2018-05-08 17:44:34',40,'pending','L -101',NULL,NULL),(106,'Laravel','strong knowledge','04-13-2018','','active','2018-05-08 17:45:48',NULL,'2018-04-12 09:12:08','2018-05-08 17:45:48',NULL,'Pending',NULL,'12:00','14:00'),(107,'Wordpress','all plungin made by self','04-14-2018','zddsf','active','2018-04-18 12:55:29',NULL,'2018-04-12 09:13:03','2018-04-18 12:55:29',1,'Pending','I -123','10:00','12:00'),(108,'Sofify','testing','04-17-2018','','active','2018-05-08 17:45:45',NULL,'2018-04-12 09:17:13','2018-05-08 17:45:45',NULL,'Pending',NULL,'10:00','12:00'),(109,'iOS Application','Ritter App','04-17-2018','','active','2018-05-08 17:45:42',NULL,'2018-04-12 11:03:31','2018-05-08 17:45:42',NULL,'Pending',NULL,'12:00','13:00'),(110,'Android app','Ritter Android Application','04-20-2018','TEST RITTER','active','2018-05-08 17:45:40',NULL,'2018-04-12 11:05:34','2018-05-08 17:45:40',1,'Pending','A-12345','12:00','13:00'),(111,'Swift Language','It good lang for ios app','04-20-2018','It\'s easy to make app','active','2018-05-08 17:44:34',111,'2018-04-12 11:13:08','2018-05-08 17:44:34',40,'markasdone','S-0987',NULL,NULL),(112,'sdsd','dfsd','04-17-2018','dsfsd','active','2018-04-17 11:38:19',112,'2018-04-17 11:37:43','2018-04-17 11:38:19',1,'pending','weqwdsf',NULL,NULL),(113,'dfsdf','asdas','04-18-2018','asdas','active','2018-05-08 17:45:38',NULL,'2018-04-18 09:19:20','2018-05-08 17:45:38',1,'Pending','weqw','02:01','14:01'),(114,'Native Java script','There are two basic types of sorting methods mostly used in react native to sort ListView and FlatList array data into Ascending and Descending order, Using these methods developer can sort i','04-28-2018','There are two basic types of sorting methods mostly used in react native to sort ListView and FlatList array data into Ascending and Descending order, Using these methods developer can sort i','active','2018-05-08 17:44:34',114,'2018-04-18 12:54:49','2018-05-08 17:44:34',42,'pending','J-00998877',NULL,NULL),(115,'SDCSD','efqwefwef','05-17-2018','qsdcqdc','active','2018-05-15 23:28:55',115,'2018-05-15 17:21:39','2018-05-15 23:28:55',43,'pending','wefwefqw',NULL,NULL),(116,'1234 elm st','plumbing and furnace','05-31-2018','asdfasdf','inactive',NULL,116,'2018-05-15 19:36:04','2018-05-15 19:36:41',43,'pending','1234556',NULL,NULL),(117,'Other','This unit covers three related areas of investigation: basic building construction practices, advanced building construction practices and sustainable construction ...','06-25-2018','This unit covers three related areas of investigation: basic building construction practices, advanced building construction practices and sustainable construction ...','active',NULL,117,'2018-06-07 12:06:09','2018-06-18 11:31:07',44,'markasdone','C-1234',NULL,NULL),(118,'jAYESH','DESC is working on a new affordable housing development in the North Rainier neighborhood, located at 1911 22nd Avenue So. Our plans include construction ...','06-23-2018','DESC is working on a new affordable housing development in the North Rainier neighborhood, located at 1911 22nd Avenue So. Our plans include construction ...','active','2018-06-18 11:26:42',118,'2018-06-07 12:07:13','2018-06-18 11:26:42',44,'markasdone','J-123456',NULL,NULL),(119,'now they done','12','06-22-2018','ha ha ha','inactive',NULL,119,'2018-06-11 16:55:49','2018-06-12 02:49:19',44,'pending','1232',NULL,NULL),(120,'Add AC','AC ON','06-28-2018','AC ON','active','2018-06-12 02:41:16',120,'2018-06-11 17:17:23','2018-06-12 02:41:16',44,'pending','1902',NULL,NULL),(121,'Job 2','mental','06-28-2018','Shri krushna','inactive',NULL,121,'2018-06-11 17:19:41','2018-06-12 02:49:38',44,'pending','0989',NULL,NULL),(122,'Job 1','new job','06-28-2018','nothing','inactive',NULL,122,'2018-06-12 02:55:27','2018-06-12 02:55:50',44,'pending','9898',NULL,NULL),(123,'Try123','Hi','06-28-2018','Hey','inactive',NULL,123,'2018-06-12 17:10:32','2018-06-12 17:10:57',44,'pending','9890',NULL,NULL),(124,'My Job','it desc','06-29-2018','notes','active','2018-06-18 11:26:35',124,'2018-06-13 13:21:05','2018-06-18 11:26:35',44,'markasdone','j-0987',NULL,NULL),(125,'beleive','disturb','06-22-2018','j','inactive',NULL,125,'2018-06-13 17:58:34','2018-06-13 17:58:52',44,'pending','97857',NULL,NULL),(126,'testq','q','06-29-2018','q','inactive',NULL,126,'2018-06-13 18:02:21','2018-06-13 18:03:00',44,'pending','19029',NULL,NULL),(127,'Plumberring','To complete your bathroom\'s look, choose this Glacier Bay Lyndhurst Deck-Mount Roman Tub Faucet with Handheld Shower in Oil Rubbed Bronze.','06-30-2018','notes for plumber','active',NULL,127,'2018-06-14 06:00:24','2018-06-14 06:06:02',44,'pending','p-123456',NULL,NULL),(128,'Electrical','Learn about working at DESC-Electrical Engineering GmbH. Join LinkedIn today for free. See who you know at DESC-Electrical Engineering GmbH, leverage ...','06-30-2018','test notes','active',NULL,128,'2018-06-14 06:01:17','2018-06-14 06:06:13',45,'markasdone','E-12345667',NULL,NULL),(129,'My buildetr','test desc','06-27-2018','testing notes','active','2018-06-18 11:26:52',129,'2018-06-14 06:07:12','2018-06-18 11:26:52',44,'markasdone','j-124',NULL,NULL),(130,'Architecture','All room architechure','06-29-2018','It\'s all design according to architecture','active','2018-06-18 11:26:55',130,'2018-06-14 14:26:08','2018-06-18 11:26:55',44,'pending','A-1234',NULL,NULL),(131,'Carpainter','Connect carpainter','06-29-2018','All decoration make will latest design','active','2018-06-18 11:27:12',131,'2018-06-14 14:30:01','2018-06-18 11:27:12',44,'pending','C-1234',NULL,NULL),(132,'Cooling','It\'s cooling for all electricity','06-30-2018','Any Notes','active',NULL,132,'2018-06-14 14:31:12','2018-06-14 14:31:12',45,'pending','C-0987654',NULL,NULL),(133,'Computer','It\'s related all issues computer','07-07-2018','it\'s notes','active','2018-06-18 11:24:56',133,'2018-06-14 14:38:02','2018-06-18 11:24:56',45,'pending','C-0987654231',NULL,NULL),(134,'Parlour','It\'s desc','07-07-2018','Notes','active','2018-06-18 11:26:26',134,'2018-06-14 14:40:43','2018-06-18 11:26:26',45,'pending','p-098765',NULL,NULL),(135,'Fan Heating','Check the temparature of heating','06-30-2018','Make note for same','active',NULL,135,'2018-06-14 14:44:28','2018-06-18 11:29:09',45,'pending','B-09876543',NULL,NULL),(136,'Pump Repairing','All pump check.it\'s working fine or not.','06-30-2018','Once Check Then Make report of all pump','active',NULL,136,'2018-06-14 14:46:09','2018-06-18 11:26:17',45,'pending','D-0987654321',NULL,NULL);

/*Table structure for table `jobassignemployee` */

DROP TABLE IF EXISTS `jobassignemployee`;

CREATE TABLE `jobassignemployee` (
  `id` int(10) unsigned NOT NULL AUTO_INCREMENT,
  `job_id` int(11) DEFAULT NULL,
  `job_employee_id` varchar(191) COLLATE utf8mb4_unicode_ci DEFAULT NULL,
  `status` varchar(191) COLLATE utf8mb4_unicode_ci DEFAULT 'active',
  `created_at` timestamp NULL DEFAULT NULL,
  `updated_at` timestamp NULL DEFAULT NULL,
  PRIMARY KEY (`id`)
) ENGINE=InnoDB AUTO_INCREMENT=441 DEFAULT CHARSET=utf8mb4 COLLATE=utf8mb4_unicode_ci;

/*Data for the table `jobassignemployee` */

insert  into `jobassignemployee`(`id`,`job_id`,`job_employee_id`,`status`,`created_at`,`updated_at`) values (8,16,'2','active','2018-02-12 07:36:24','2018-02-12 07:36:24'),(10,17,'18','active','2018-02-13 05:58:37','2018-02-13 05:58:37'),(12,18,'2','active','2018-02-13 14:18:16','2018-02-13 14:18:16'),(15,1,'2','active','2018-02-14 06:51:03','2018-02-14 06:51:03'),(16,5,'18','active','2018-02-14 06:51:03','2018-02-14 06:51:03'),(19,3,'2','active','2018-02-14 07:37:06','2018-02-14 07:37:06'),(24,2,'18','active','2018-02-15 07:23:59','2018-02-15 07:23:59'),(27,4,'2','active','2018-02-15 11:33:51','2018-02-15 11:33:51'),(28,4,'18','active','2018-02-15 11:33:51','2018-02-15 11:33:51'),(57,8,'33','active','2018-02-23 09:52:52','2018-02-23 09:52:52'),(58,8,'35','active','2018-02-23 09:52:52','2018-02-23 09:52:52'),(59,7,'2','active','2018-02-23 09:53:18','2018-02-23 09:53:18'),(60,6,'18','active','2018-02-23 09:53:50','2018-02-23 09:53:50'),(63,9,'33','active','2018-02-24 05:12:58','2018-02-24 05:12:58'),(64,9,'35','active','2018-02-24 05:12:58','2018-02-24 05:12:58'),(80,52,'2','active','2018-02-25 03:11:56','2018-02-25 03:11:56'),(82,11,'21','active','2018-02-25 03:11:56','2018-02-25 03:11:56'),(83,11,'22','active','2018-02-25 03:11:56','2018-02-25 03:11:56'),(84,11,'23','active','2018-02-25 03:11:56','2018-02-25 03:11:56'),(85,11,'25','active','2018-02-25 03:11:56','2018-02-25 03:11:56'),(86,11,'26','active','2018-02-25 03:11:56','2018-02-25 03:11:56'),(87,11,'28','active','2018-02-25 03:11:56','2018-02-25 03:11:56'),(88,11,'33','active','2018-02-25 03:11:56','2018-02-25 03:11:56'),(89,11,'35','active','2018-02-25 03:11:56','2018-02-25 03:11:56'),(90,11,'36','active','2018-02-25 03:11:56','2018-02-25 03:11:56'),(91,11,'37','active','2018-02-25 03:11:56','2018-02-25 03:11:56'),(92,11,'38','active','2018-02-25 03:11:56','2018-02-25 03:11:56'),(93,11,'39','active','2018-02-25 03:11:56','2018-02-25 03:11:56'),(94,11,'40','active','2018-02-25 03:11:56','2018-02-25 03:11:56'),(95,12,'41','active','2018-02-25 09:42:31','2018-02-25 09:42:31'),(96,13,'41','active','2018-02-25 09:43:47','2018-02-25 09:43:47'),(98,14,'41','active','2018-02-25 12:45:52','2018-02-25 12:45:52'),(100,15,'2','active','2018-02-26 05:53:22','2018-02-26 05:53:22'),(101,15,'18','active','2018-02-26 05:53:22','2018-02-26 05:53:22'),(102,16,'45','active','2018-02-26 12:17:04','2018-02-26 12:17:04'),(103,17,'46','active','2018-02-26 12:19:07','2018-02-26 12:19:07'),(104,18,'41','active','2018-02-26 17:58:59','2018-02-26 17:58:59'),(105,10,'2','active','2018-02-27 06:53:18','2018-02-27 06:53:18'),(106,10,'18','active','2018-02-27 06:53:18','2018-02-27 06:53:18'),(107,10,'21','active','2018-02-27 06:53:18','2018-02-27 06:53:18'),(108,10,'22','active','2018-02-27 06:53:18','2018-02-27 06:53:18'),(109,10,'23','active','2018-02-27 06:53:18','2018-02-27 06:53:18'),(110,10,'25','active','2018-02-27 06:53:18','2018-02-27 06:53:18'),(111,10,'26','active','2018-02-27 06:53:18','2018-02-27 06:53:18'),(112,10,'28','active','2018-02-27 06:53:18','2018-02-27 06:53:18'),(113,10,'33','active','2018-02-27 06:53:18','2018-02-27 06:53:18'),(114,10,'35','active','2018-02-27 06:53:18','2018-02-27 06:53:18'),(115,10,'36','active','2018-02-27 06:53:18','2018-02-27 06:53:18'),(116,10,'37','active','2018-02-27 06:53:18','2018-02-27 06:53:18'),(117,10,'39','active','2018-02-27 06:53:18','2018-02-27 06:53:18'),(118,10,'40','active','2018-02-27 06:53:18','2018-02-27 06:53:18'),(119,19,'48','active','2018-02-27 10:53:58','2018-02-27 10:53:58'),(120,19,'52','active','2018-02-27 10:53:58','2018-02-27 10:53:58'),(122,21,'51','active','2018-02-27 11:07:06','2018-02-27 11:07:06'),(123,21,'52','active','2018-02-27 11:07:06','2018-02-27 11:07:06'),(124,21,'53','active','2018-02-27 11:07:06','2018-02-27 11:07:06'),(126,22,'54','active','2018-02-27 18:46:36','2018-02-27 18:46:36'),(132,25,'13','active','2018-03-15 11:27:09','2018-03-15 11:27:09'),(137,26,'54','active','2018-03-16 11:23:47','2018-03-16 11:23:47'),(138,26,'58','active','2018-03-16 11:23:47','2018-03-16 11:23:47'),(139,27,'36','active','2018-03-16 11:47:03','2018-03-16 11:47:03'),(140,28,'37','active','2018-03-16 11:49:52','2018-03-16 11:49:52'),(141,29,'54','active','2018-03-16 11:50:58','2018-03-16 11:50:58'),(142,30,'53','active','2018-03-16 11:53:48','2018-03-16 11:53:48'),(143,31,'54','active','2018-03-16 12:12:00','2018-03-16 12:12:00'),(144,32,'50','active','2018-03-16 12:12:27','2018-03-16 12:12:27'),(145,33,'49','active','2018-03-16 12:19:30','2018-03-16 12:19:30'),(146,34,'51','active','2018-03-16 12:31:14','2018-03-16 12:31:14'),(147,35,'39','active','2018-03-16 13:10:48','2018-03-16 13:10:48'),(148,36,'48','active','2018-03-16 13:15:02','2018-03-16 13:15:02'),(150,37,'54','active','2018-03-17 08:46:41','2018-03-17 08:46:41'),(153,38,'2','active','2018-03-17 08:50:40','2018-03-17 08:50:40'),(155,39,'43','active','2018-03-17 08:54:55','2018-03-17 08:54:55'),(157,40,'13','active','2018-03-17 08:56:55','2018-03-17 08:56:55'),(158,41,'18','active','2018-03-17 08:57:50','2018-03-17 08:57:50'),(164,43,'62','active','2018-03-20 05:17:34','2018-03-20 05:17:34'),(181,23,'54','active','2018-03-26 06:39:30','2018-03-26 06:39:30'),(182,23,'69','active','2018-03-26 06:39:30','2018-03-26 06:39:30'),(183,44,'64','active','2018-03-26 07:46:27','2018-03-26 07:46:27'),(184,44,'68','active','2018-03-26 07:46:27','2018-03-26 07:46:27'),(185,44,'69','active','2018-03-26 07:46:27','2018-03-26 07:46:27'),(190,24,'2','active','2018-03-28 13:56:29','2018-03-28 13:56:29'),(191,24,'18','active','2018-03-28 13:56:29','2018-03-28 13:56:29'),(192,24,'70','active','2018-03-28 13:56:29','2018-03-28 13:56:29'),(194,20,'48','active','2018-03-28 13:59:32','2018-03-28 13:59:32'),(195,47,'13','active','2018-03-28 14:10:39','2018-03-28 14:10:39'),(196,47,'25','active','2018-03-28 14:10:39','2018-03-28 14:10:39'),(197,47,'43','active','2018-03-28 14:10:39','2018-03-28 14:10:39'),(198,47,'50','active','2018-03-28 14:10:39','2018-03-28 14:10:39'),(200,48,'64','active','2018-03-29 18:19:23','2018-03-29 18:19:23'),(206,49,'36','active','2018-03-30 11:35:11','2018-03-30 11:35:11'),(208,46,'76','active','2018-03-30 11:35:56','2018-03-30 11:35:56'),(209,42,'76','active','2018-03-30 11:36:04','2018-03-30 11:36:04'),(217,52,'13','active','2018-04-03 10:05:16','2018-04-03 10:05:16'),(220,53,'2','active','2018-04-04 12:02:18','2018-04-04 12:02:18'),(221,54,'73','active','2018-04-04 13:29:42','2018-04-04 13:29:42'),(227,45,'98','active','2018-04-05 01:29:52','2018-04-05 01:29:52'),(228,51,'98','active','2018-04-05 01:30:19','2018-04-05 01:30:19'),(229,56,'2','active','2018-04-05 05:40:41','2018-04-05 05:40:41'),(230,57,'97','active','2018-04-05 05:42:14','2018-04-05 05:42:14'),(231,58,'96','active','2018-04-05 05:43:18','2018-04-05 05:43:18'),(232,59,'2','active','2018-04-05 05:47:56','2018-04-05 05:47:56'),(233,60,'2','active','2018-04-05 05:55:42','2018-04-05 05:55:42'),(234,61,'2','active','2018-04-05 05:57:28','2018-04-05 05:57:28'),(236,62,'2','active','2018-04-05 06:05:45','2018-04-05 06:05:45'),(237,63,'2','active','2018-04-05 09:34:10','2018-04-05 09:34:10'),(238,64,'2','active','2018-04-05 09:35:02','2018-04-05 09:35:02'),(239,65,'2','active','2018-04-05 09:36:26','2018-04-05 09:36:26'),(240,66,'2','active','2018-04-05 09:39:09','2018-04-05 09:39:09'),(244,67,'2','active','2018-04-06 08:00:05','2018-04-06 08:00:05'),(245,68,'2','active','2018-04-06 12:52:10','2018-04-06 12:52:10'),(246,69,'2','active','2018-04-06 12:52:49','2018-04-06 12:52:49'),(255,70,'103','active','2018-04-08 17:36:19','2018-04-08 17:36:19'),(256,71,'73','active','2018-04-09 05:33:57','2018-04-09 05:33:57'),(257,72,'73','active','2018-04-09 06:31:04','2018-04-09 06:31:04'),(258,73,'107','active','2018-04-10 09:27:06','2018-04-10 09:27:06'),(259,74,'107','active','2018-04-10 09:27:37','2018-04-10 09:27:37'),(260,75,'107','active','2018-04-10 09:29:12','2018-04-10 09:29:12'),(262,76,'107','active','2018-04-10 12:09:42','2018-04-10 12:09:42'),(266,78,'107','active','2018-04-10 12:10:17','2018-04-10 12:10:17'),(267,79,'107','active','2018-04-10 12:10:34','2018-04-10 12:10:34'),(268,80,'107','active','2018-04-10 12:10:47','2018-04-10 12:10:47'),(269,81,'107','active','2018-04-10 12:11:03','2018-04-10 12:11:03'),(270,82,'107','active','2018-04-10 12:11:51','2018-04-10 12:11:51'),(271,83,'107','active','2018-04-10 12:12:04','2018-04-10 12:12:04'),(272,84,'107','active','2018-04-10 12:12:16','2018-04-10 12:12:16'),(273,85,'107','active','2018-04-10 14:33:00','2018-04-10 14:33:00'),(274,86,'107','active','2018-04-10 14:33:31','2018-04-10 14:33:31'),(275,87,'107','active','2018-04-10 14:33:44','2018-04-10 14:33:44'),(276,88,'107','active','2018-04-10 14:33:57','2018-04-10 14:33:57'),(277,89,'107','active','2018-04-10 14:34:17','2018-04-10 14:34:17'),(278,90,'107','active','2018-04-10 14:35:00','2018-04-10 14:35:00'),(279,91,'107','active','2018-04-10 14:35:13','2018-04-10 14:35:13'),(280,92,'107','active','2018-04-10 14:35:26','2018-04-10 14:35:26'),(283,93,'103','active','2018-04-10 16:10:23','2018-04-10 16:10:23'),(284,94,'107','active','2018-04-11 07:47:16','2018-04-11 07:47:16'),(285,95,'107','active','2018-04-11 07:47:31','2018-04-11 07:47:31'),(286,96,'107','active','2018-04-11 07:47:44','2018-04-11 07:47:44'),(287,97,'107','active','2018-04-11 07:47:59','2018-04-11 07:47:59'),(288,98,'107','active','2018-04-11 07:48:11','2018-04-11 07:48:11'),(295,99,'60','active','2018-04-11 12:42:49','2018-04-11 12:42:49'),(296,99,'71','active','2018-04-11 12:42:49','2018-04-11 12:42:49'),(297,100,'105','active','2018-04-11 13:06:51','2018-04-11 13:06:51'),(300,101,'90','active','2018-04-11 13:10:19','2018-04-11 13:10:19'),(301,101,'91','active','2018-04-11 13:10:19','2018-04-11 13:10:19'),(302,101,'92','active','2018-04-11 13:10:19','2018-04-11 13:10:19'),(303,101,'93','active','2018-04-11 13:10:19','2018-04-11 13:10:19'),(304,101,'94','active','2018-04-11 13:10:19','2018-04-11 13:10:19'),(305,101,'95','active','2018-04-11 13:10:19','2018-04-11 13:10:19'),(306,101,'96','active','2018-04-11 13:10:19','2018-04-11 13:10:19'),(307,101,'97','active','2018-04-11 13:10:19','2018-04-11 13:10:19'),(308,101,'98','active','2018-04-11 13:10:19','2018-04-11 13:10:19'),(309,101,'99','active','2018-04-11 13:10:19','2018-04-11 13:10:19'),(310,101,'100','active','2018-04-11 13:10:19','2018-04-11 13:10:19'),(311,101,'101','active','2018-04-11 13:10:19','2018-04-11 13:10:19'),(312,101,'102','active','2018-04-11 13:10:19','2018-04-11 13:10:19'),(313,101,'103','active','2018-04-11 13:10:19','2018-04-11 13:10:19'),(314,101,'104','active','2018-04-11 13:10:19','2018-04-11 13:10:19'),(315,101,'105','active','2018-04-11 13:10:19','2018-04-11 13:10:19'),(316,101,'106','active','2018-04-11 13:10:19','2018-04-11 13:10:19'),(317,101,'107','active','2018-04-11 13:10:19','2018-04-11 13:10:19'),(318,101,'108','active','2018-04-11 13:10:19','2018-04-11 13:10:19'),(319,101,'109','active','2018-04-11 13:10:19','2018-04-11 13:10:19'),(320,102,'60','active','2018-04-11 13:11:43','2018-04-11 13:11:43'),(321,102,'71','active','2018-04-11 13:11:43','2018-04-11 13:11:43'),(322,102,'73','active','2018-04-11 13:11:43','2018-04-11 13:11:43'),(323,102,'82','active','2018-04-11 13:11:43','2018-04-11 13:11:43'),(324,102,'83','active','2018-04-11 13:11:43','2018-04-11 13:11:43'),(325,102,'84','active','2018-04-11 13:11:43','2018-04-11 13:11:43'),(326,102,'85','active','2018-04-11 13:11:43','2018-04-11 13:11:43'),(327,102,'86','active','2018-04-11 13:11:43','2018-04-11 13:11:43'),(328,102,'87','active','2018-04-11 13:11:43','2018-04-11 13:11:43'),(329,102,'88','active','2018-04-11 13:11:43','2018-04-11 13:11:43'),(330,103,'2','active','2018-04-11 13:12:19','2018-04-11 13:12:19'),(331,103,'60','active','2018-04-11 13:12:19','2018-04-11 13:12:19'),(332,103,'71','active','2018-04-11 13:12:19','2018-04-11 13:12:19'),(333,103,'73','active','2018-04-11 13:12:19','2018-04-11 13:12:19'),(334,103,'82','active','2018-04-11 13:12:19','2018-04-11 13:12:19'),(335,103,'155','active','2018-04-11 13:12:19','2018-04-11 13:12:19'),(336,103,'84','active','2018-04-11 13:12:19','2018-04-11 13:12:19'),(337,103,'85','active','2018-04-11 13:12:19','2018-04-11 13:12:19'),(338,103,'86','active','2018-04-11 13:12:19','2018-04-11 13:12:19'),(339,104,'108','active','2018-04-11 13:39:27','2018-04-11 13:39:27'),(341,106,'2','active','2018-04-12 09:12:08','2018-04-12 09:12:08'),(343,108,'2','active','2018-04-12 09:17:13','2018-04-12 09:17:13'),(344,107,'155','active','2018-04-12 10:44:05','2018-04-12 10:44:05'),(345,107,'71','active','2018-04-12 10:44:05','2018-04-12 10:44:05'),(346,109,'2','active','2018-04-12 11:03:31','2018-04-12 11:03:31'),(360,112,'2','active','2018-04-17 11:37:43','2018-04-17 11:37:43'),(363,113,'128','active','2018-04-18 09:20:32','2018-04-18 09:20:32'),(364,113,'129','active','2018-04-18 09:20:32','2018-04-18 09:20:32'),(365,113,'130','active','2018-04-18 09:20:32','2018-04-18 09:20:32'),(369,110,'155','active','2018-04-18 10:37:42','2018-04-18 10:37:42'),(370,110,'105','active','2018-04-18 10:37:42','2018-04-18 10:37:42'),(371,110,'132','active','2018-04-18 10:37:42','2018-04-18 10:37:42'),(383,111,'103','active','2018-04-26 13:35:18','2018-04-26 13:35:18'),(384,111,'105','active','2018-04-26 13:35:18','2018-04-26 13:35:18'),(385,111,'155','active','2018-04-26 13:35:18','2018-04-26 13:35:18'),(386,111,'136','active','2018-04-26 13:35:18','2018-04-26 13:35:18'),(387,111,'141','active','2018-04-26 13:35:18','2018-04-26 13:35:18'),(390,105,'98','active','2018-05-04 15:16:20','2018-05-04 15:16:20'),(391,114,'155','active','2018-05-04 15:17:11','2018-05-04 15:17:11'),(393,116,'89','active','2018-05-15 19:36:04','2018-05-15 19:36:04'),(394,116,'90','active','2018-05-15 19:36:04','2018-05-15 19:36:04'),(395,116,'151','active','2018-05-15 19:36:04','2018-05-15 19:36:04'),(401,119,'166','active','2018-06-11 16:55:49','2018-06-11 16:55:49'),(402,120,'166','active','2018-06-11 17:17:23','2018-06-11 17:17:23'),(404,121,'166','active','2018-06-11 17:19:51','2018-06-11 17:19:51'),(405,122,'166','active','2018-06-12 02:55:27','2018-06-12 02:55:27'),(406,118,'155','active','2018-06-12 06:14:06','2018-06-12 06:14:06'),(407,118,'164','active','2018-06-12 06:14:06','2018-06-12 06:14:06'),(411,123,'166','active','2018-06-12 17:10:39','2018-06-12 17:10:39'),(413,125,'166','active','2018-06-13 17:58:34','2018-06-13 17:58:34'),(415,126,'166','active','2018-06-13 18:02:26','2018-06-13 18:02:26'),(416,127,'155','active','2018-06-14 06:00:24','2018-06-14 06:00:24'),(419,130,'167','active','2018-06-14 14:26:08','2018-06-14 14:26:08'),(420,129,'155','active','2018-06-14 14:26:20','2018-06-14 14:26:20'),(421,129,'167','active','2018-06-14 14:26:20','2018-06-14 14:26:20'),(422,128,'155','active','2018-06-14 14:26:32','2018-06-14 14:26:32'),(423,128,'167','active','2018-06-14 14:26:32','2018-06-14 14:26:32'),(427,124,'167','active','2018-06-14 14:28:11','2018-06-14 14:28:11'),(428,131,'167','active','2018-06-14 14:30:01','2018-06-14 14:30:01'),(429,132,'167','active','2018-06-14 14:31:12','2018-06-14 14:31:12'),(430,133,'167','active','2018-06-14 14:38:02','2018-06-14 14:38:02'),(432,134,'167','active','2018-06-14 14:41:05','2018-06-14 14:41:05'),(436,136,'167','active','2018-06-18 11:27:34','2018-06-18 11:27:34'),(437,135,'167','active','2018-06-18 11:29:09','2018-06-18 11:29:09'),(438,117,'155','active','2018-06-18 11:31:07','2018-06-18 11:31:07'),(439,117,'164','active','2018-06-18 11:31:07','2018-06-18 11:31:07'),(440,117,'167','active','2018-06-18 11:31:07','2018-06-18 11:31:07');

/*Table structure for table `jobcard` */

DROP TABLE IF EXISTS `jobcard`;

CREATE TABLE `jobcard` (
  `id` int(10) unsigned NOT NULL AUTO_INCREMENT,
  `job_id` int(11) DEFAULT NULL,
  `job_title` varchar(191) COLLATE utf8mb4_unicode_ci DEFAULT NULL,
  `user_id` int(11) DEFAULT NULL,
  `total_amount` double(8,2) DEFAULT NULL,
  `job_card_signature_image` varchar(191) COLLATE utf8mb4_unicode_ci DEFAULT NULL,
  `deleted_at` timestamp NULL DEFAULT NULL,
  `created_by` int(11) DEFAULT NULL,
  `status` varchar(191) COLLATE utf8mb4_unicode_ci DEFAULT 'active',
  `created_at` timestamp NULL DEFAULT NULL,
  `updated_at` timestamp NULL DEFAULT NULL,
  `second_client_name` varchar(191) COLLATE utf8mb4_unicode_ci DEFAULT NULL,
  PRIMARY KEY (`id`)
) ENGINE=InnoDB AUTO_INCREMENT=118 DEFAULT CHARSET=utf8mb4 COLLATE=utf8mb4_unicode_ci;

/*Data for the table `jobcard` */

insert  into `jobcard`(`id`,`job_id`,`job_title`,`user_id`,`total_amount`,`job_card_signature_image`,`deleted_at`,`created_by`,`status`,`created_at`,`updated_at`,`second_client_name`) values (36,2,'jobcard1',18,1200.00,'15187876615a86dc4db48a3.png',NULL,NULL,'active','2018-02-16 13:27:41','2018-02-16 13:27:41','aaaaaaa'),(37,5,'jobcard1',18,600.00,'15187877285a86dc90a679d.png',NULL,NULL,'active','2018-02-16 13:28:48','2018-02-16 13:28:48','aaaaaaa'),(38,5,'jobcard1',18,600.00,'15187878655a86dd19d2d20.png',NULL,NULL,'active','2018-02-16 13:31:05','2018-02-16 13:31:05','aaaaaaa'),(39,5,'jobcard1',18,600.00,'15187879075a86dd4366b45.png',NULL,NULL,'active','2018-02-16 13:31:47','2018-02-16 13:31:47','aaaaaaa'),(40,2,'jobcard1',18,600.00,'15187882095a86de71f2d53.png',NULL,NULL,'active','2018-02-16 13:36:49','2018-02-16 13:36:50','aaaaaaa'),(41,5,'jobcard1',18,600.00,'15191956485a8d160093537.png',NULL,NULL,'active','2018-02-21 06:47:28','2018-02-21 06:47:28','aaaaaaa'),(42,9,'jobcard12',32,900.00,'15194488695a90f3254a913.png',NULL,NULL,'active','2018-02-24 05:07:49','2018-02-24 05:07:49','aaaaaaa'),(43,9,'jobcard12',32,900.00,'15196249525a93a2f823bf8.png',NULL,NULL,'active','2018-02-26 06:02:32','2018-02-26 06:02:32','aaaaaaa'),(44,15,'jobcard12',43,900.00,'15196249735a93a30e00779.png',NULL,NULL,'active','2018-02-26 06:02:53','2018-02-26 06:02:54','aaaaaaa'),(45,17,'jobcard12',44,900.00,'15196492755a9401fb26d35.png',NULL,NULL,'active','2018-02-26 12:47:55','2018-02-26 12:47:55','aaaaaaa'),(46,21,'Test Job Card',52,600.00,'15197358085a95540086801.png',NULL,NULL,'active','2018-02-27 12:50:08','2018-02-27 12:50:08','aaaaaaa'),(47,19,'Test Job Card',52,600.00,'15197359155a95546bd33f1.png',NULL,NULL,'active','2018-02-27 12:51:55','2018-02-27 12:51:55','aaaaaaa'),(48,22,'jobcard1',1,600.00,'15198255825a96b2ae2310d.jpg',NULL,NULL,'active','2018-02-28 13:46:22','2018-02-28 13:46:22','aaaaaaa'),(49,23,'Sink Fitting On Rahul Home',54,54.00,'15203578365a9ed1ccda12c.png',NULL,NULL,'active','2018-03-06 17:37:16','2018-03-06 17:37:16',NULL),(50,23,'Sink Fitting On Rahul Home',54,54.00,'15203580645a9ed2b0ddf1e.png',NULL,NULL,'active','2018-03-06 17:41:04','2018-03-06 17:41:04',NULL),(51,23,'Sink Fitting On Rahul Home',54,155554.00,'15203586875a9ed51f93149.png',NULL,NULL,'active','2018-03-06 17:51:27','2018-03-06 17:51:27',NULL),(52,23,'Sink Fitting On Rahul Home',54,155554.00,'15203587285a9ed5488ba2c.png',NULL,NULL,'active','2018-03-06 17:52:08','2018-03-06 17:52:08',NULL),(53,23,'Sink Fitting On Rahul Home',54,156.00,'15203590865a9ed6aeaba82.png',NULL,NULL,'active','2018-03-06 17:58:06','2018-03-06 17:58:06',NULL),(54,23,'Sink Fitting On Rahul Home',54,56.00,'15203605835a9edc879a03a.png',NULL,NULL,'active','2018-03-06 18:23:03','2018-03-06 18:23:03',NULL),(55,23,'Sink Fitting On Rahul Home',54,144.00,'15203611925a9edee8ba82a.png',NULL,NULL,'active','2018-03-06 18:33:12','2018-03-06 18:33:12',NULL),(56,23,'Hello.',54,1013.00,'15204407845aa015d09ef75.png',NULL,NULL,'active','2018-03-07 16:39:44','2018-03-07 16:39:44',NULL),(57,23,'kali',54,46.00,'15204437405aa0215c31f3c.png',NULL,NULL,'active','2018-03-07 17:29:00','2018-03-07 17:29:00',NULL),(58,23,'Test',54,648.00,'15204454375aa027fdcb87a.png',NULL,NULL,'active','2018-03-07 17:57:17','2018-03-07 17:57:17',NULL),(59,23,'new title test',54,380.00,'15204525245aa043ac66346.png',NULL,NULL,'active','2018-03-07 19:55:24','2018-03-07 19:55:24',NULL),(60,22,'zarevrgbtg',54,8526.00,'15205361445aa18a507bbb7.png',NULL,NULL,'active','2018-03-08 19:09:04','2018-03-08 19:09:04',NULL),(61,23,'New JobCard',54,597.00,'15206061515aa29bc78f838.png',NULL,NULL,'active','2018-03-09 14:35:51','2018-03-09 14:35:51',NULL),(62,23,'Hey',54,6800.86,'15207587855aa4f001f3b90.png',NULL,NULL,'active','2018-03-11 08:59:45','2018-03-11 08:59:46',NULL),(63,42,'test',62,120.00,'15214450515aaf68bb473f2.png',NULL,NULL,'active','2018-03-19 07:37:31','2018-03-19 07:37:31',NULL),(64,42,'scdvr',62,2.00,'15214463605aaf6dd89f4d4.png',NULL,NULL,'active','2018-03-19 07:59:20','2018-03-19 07:59:20',NULL),(65,44,'electrical',69,40.00,'15220486555ab89e8f0bcbd.png',NULL,NULL,'active','2018-03-26 07:17:35','2018-03-26 07:17:35',NULL),(66,44,'flor',69,1442.70,'15220491755ab8a097e2390.png',NULL,NULL,'active','2018-03-26 07:26:15','2018-03-26 07:26:15',NULL),(67,50,'mmmm',76,0.00,'15224188285abe448cde7e1.png',NULL,NULL,'active','2018-03-30 14:07:08','2018-03-30 14:07:08',NULL),(68,51,'testing job cars',77,0.00,'15226495065ac1c9a256bfc.png',NULL,NULL,'active','2018-04-02 06:11:46','2018-04-02 06:11:46',NULL),(69,51,'test app crash bill',77,370.00,'15226496415ac1ca291455b.png',NULL,NULL,'active','2018-04-02 06:14:01','2018-04-02 06:14:01',NULL),(70,51,'test',77,0.00,'15226498455ac1caf5701fb.png',NULL,NULL,'active','2018-04-02 06:17:25','2018-04-02 06:17:25',NULL),(71,51,'hvhvyvyv',77,0.00,'15226498585ac1cb029bd37.png',NULL,NULL,'active','2018-04-02 06:17:38','2018-04-02 06:17:38',NULL),(72,51,'ughhgc',77,0.00,'15227381345ac323d6eab15.png',NULL,NULL,'active','2018-04-03 06:48:54','2018-04-03 06:48:54',NULL),(73,51,'jgcghcjgc',77,0.00,'15227382765ac3246454443.png',NULL,NULL,'active','2018-04-03 06:51:16','2018-04-03 06:51:16',NULL),(74,51,'gdjgdm',77,0.00,'15227383435ac324a720354.png',NULL,NULL,'active','2018-04-03 06:52:23','2018-04-03 06:52:23',NULL),(75,51,'bth',77,0.00,'15227385875ac3259bbacc2.png',NULL,NULL,'active','2018-04-03 06:56:27','2018-04-03 06:56:27',NULL),(76,50,'nji',77,72.00,'15227399975ac32b1d28578.png',NULL,NULL,'active','2018-04-03 07:19:57','2018-04-03 07:19:57',NULL),(77,53,'jobcard1',18,600.00,'15227572715ac36e9793529.png',NULL,NULL,'active','2018-04-03 12:07:51','2018-04-03 12:07:51','aaaaaaa'),(78,53,'jobcard2',18,600.00,'15227582985ac3729a4a14d.png',NULL,NULL,'active','2018-04-03 12:24:58','2018-04-03 12:24:58','aaaaaaa'),(79,53,'jobcard1',2,600.00,'15228228085ac46e98cbb1a.png',NULL,NULL,'active','2018-04-04 06:20:08','2018-04-04 06:20:08','aaaaaaa'),(80,53,'jobcard1',2,600.00,'15228228125ac46e9c89aec.png',NULL,NULL,'active','2018-04-04 06:20:12','2018-04-04 06:20:12','aaaaaaa'),(81,55,'can lighting',98,611.00,'15228920465ac57d0ee43bd.png',NULL,NULL,'active','2018-04-05 01:34:06','2018-04-05 01:34:06',NULL),(82,45,'rtyu',98,540.00,'15228992455ac5992dbd19d.png',NULL,NULL,'active','2018-04-05 03:34:05','2018-04-05 03:34:05',NULL),(83,53,'fff',2,0.00,'15229219375ac5f1d1a7c24.png',NULL,NULL,'active','2018-04-05 09:52:17','2018-04-05 09:52:17',NULL),(84,53,'jobcard1',2,600.00,'15229248355ac5fd2316dd3.png',NULL,NULL,'active','2018-04-05 10:40:35','2018-04-05 10:40:35','aaaaaaa'),(85,53,'jobcard1',2,600.00,'15229248415ac5fd2947b47.png',NULL,NULL,'active','2018-04-05 10:40:41','2018-04-05 10:40:41','aaaaaaa'),(86,53,'fhfhgh',2,220.00,'15229251105ac5fe3667609.png',NULL,NULL,'active','2018-04-05 10:45:10','2018-04-05 10:45:10',NULL),(87,67,'First',103,400.00,'15229534265ac66cd263c06.png',NULL,NULL,'active','2018-04-05 18:37:06','2018-04-05 18:37:06','Name'),(88,53,'he',2,81.00,'15229997245ac721ac27d35.png',NULL,NULL,'active','2018-04-06 07:28:44','2018-04-06 07:28:44','fgh'),(89,45,'lighting',98,1350.00,'15231189005ac8f3342a6a6.png',NULL,NULL,'active','2018-04-07 16:35:00','2018-04-07 16:35:00','John Smith'),(90,45,'electrical demo',98,0.00,'15231191415ac8f42584e0a.png',NULL,NULL,'active','2018-04-07 16:39:01','2018-04-07 16:39:01','had nnj'),(91,53,'hffgh',2,NULL,'15234315775acdb8993c2ab.',NULL,NULL,'active','2018-04-11 07:26:17','2018-04-11 07:26:17','aaa'),(92,53,'5555',2,NULL,'15234343465acdc36a5cbfb.jpg',NULL,NULL,'active','2018-04-11 08:12:26','2018-04-11 08:12:26','aaa'),(93,53,'bapu',2,NULL,'15234395335acdd7ad555f5.jpeg',NULL,NULL,'active','2018-04-11 09:38:53','2018-04-11 09:38:53','aaa'),(94,53,'bapu2',2,NULL,'15234399815acdd96d76e5f.jpeg',NULL,NULL,'active','2018-04-11 09:46:21','2018-04-11 09:46:21','aaa'),(95,53,'jchch',2,NULL,'15234402015acdda49cc57b.png',NULL,NULL,'active','2018-04-11 09:50:01','2018-04-11 09:50:01','aaa'),(96,53,'yuu',2,NULL,'15234408125acddcacbc62f.png',NULL,NULL,'active','2018-04-11 10:00:12','2018-04-11 10:00:12','aaa'),(97,53,'gguu',2,NULL,'15234412785acdde7e98548.png',NULL,NULL,'active','2018-04-11 10:07:58','2018-04-11 10:07:58','aaa'),(98,53,'jobcard1',2,1500.00,'15234414825acddf4ae6c81.png',NULL,NULL,'active','2018-04-11 10:11:22','2018-04-11 10:11:22','aaaaaaa'),(99,53,'cycu',2,NULL,'15234416895acde01992a07.png',NULL,NULL,'active','2018-04-11 10:14:49','2018-04-11 10:14:49','aaa'),(100,53,'cycu',2,NULL,'15234417835acde077e094d.png',NULL,NULL,'active','2018-04-11 10:16:23','2018-04-11 10:16:23','aaa'),(101,53,'fsgsg',2,1500.00,'15234418445acde0b48e682.png',NULL,NULL,'active','2018-04-11 10:17:24','2018-04-11 10:17:24','aaa'),(102,53,'wryrrghh',2,75.00,'15234419195acde0ff87e62.png',NULL,NULL,'active','2018-04-11 10:18:39','2018-04-11 10:18:39','aaa'),(103,53,'jobcard1',2,1500.00,'15234424855acde33598752.png',NULL,NULL,'active','2018-04-11 10:28:05','2018-04-11 10:28:05','aaaaaaa'),(104,53,'jobcard1',2,600.00,'15236143355ad0827fab2a2.png',NULL,NULL,'active','2018-04-13 10:12:15','2018-04-13 10:12:15','aaaaaaa'),(105,53,'jobcard1',2,600.00,'15236979585ad1c9267e6e3.jpg',NULL,NULL,'active','2018-04-14 09:25:58','2018-04-14 09:25:58','aaaaaaa'),(106,53,'test Job title',2,1470.00,'15238709595ad46cef284b5.png',NULL,NULL,'active','2018-04-16 09:29:19','2018-04-16 09:29:19','test'),(107,111,'test job cRd',105,0.00,'15238749125ad47c6003531.png',NULL,NULL,'active','2018-04-16 10:35:12','2018-04-16 10:35:12','gah'),(108,110,'nnnnn',103,11.00,'15239099085ad5051429b74.png',NULL,NULL,'active','2018-04-16 20:18:28','2018-04-16 20:18:28','dsdd'),(109,111,'hahaha',103,0.00,'15239108775ad508dd02ae6.png',NULL,NULL,'active','2018-04-16 20:34:37','2018-04-16 20:34:37','qwerty'),(110,111,'test',105,63.00,'15239561125ad5b990b61df.png',NULL,NULL,'active','2018-04-17 09:08:32','2018-04-17 09:08:32','test'),(111,111,'test12',105,112.00,'15239561735ad5b9cd81307.png',NULL,NULL,'active','2018-04-17 09:09:33','2018-04-17 09:09:33','vraj'),(112,53,'jobcard1',2,600.00,'15240522705ad7312ee8e26.jpg',NULL,NULL,'active','2018-04-18 11:51:10','2018-04-18 11:51:10','aaaaaaa'),(113,114,'plumbing',136,1652.00,'15241304215ad862755a175.png',NULL,NULL,'active','2018-04-19 09:33:41','2018-04-19 09:33:41','vraj'),(114,114,'plumbing',136,72.00,'15241304695ad862a59cd2b.png',NULL,NULL,'active','2018-04-19 09:34:29','2018-04-19 09:34:29','Vrajesh'),(115,111,'test',136,10.00,'15241314155ad86657410dc.png',NULL,NULL,'active','2018-04-19 09:50:15','2018-04-19 09:50:15','test'),(116,115,'can lights',151,625.00,'15264051585afb18268eba3.png',NULL,NULL,'active','2018-05-15 17:25:58','2018-05-15 17:25:58','asdf'),(117,115,'USB ports outlae',151,450.00,'15264126765afb35842f314.png',NULL,NULL,'active','2018-05-15 19:31:16','2018-05-15 19:31:16','mrs Smith');

/*Table structure for table `jobcarddetail` */

DROP TABLE IF EXISTS `jobcarddetail`;

CREATE TABLE `jobcarddetail` (
  `id` int(10) unsigned NOT NULL AUTO_INCREMENT,
  `job_card_id` int(11) DEFAULT NULL,
  `job_card_name` varchar(191) COLLATE utf8mb4_unicode_ci DEFAULT NULL,
  `job_card_qty` int(11) DEFAULT NULL,
  `job_card_price` double(8,2) DEFAULT NULL,
  `total` double(8,2) DEFAULT NULL,
  `job_card_status` varchar(191) COLLATE utf8mb4_unicode_ci DEFAULT NULL,
  `deleted_at` timestamp NULL DEFAULT NULL,
  `created_by` int(11) DEFAULT NULL,
  `status` varchar(191) COLLATE utf8mb4_unicode_ci DEFAULT 'active',
  `created_at` timestamp NULL DEFAULT NULL,
  `updated_at` timestamp NULL DEFAULT NULL,
  PRIMARY KEY (`id`)
) ENGINE=InnoDB AUTO_INCREMENT=170 DEFAULT CHARSET=utf8mb4 COLLATE=utf8mb4_unicode_ci;

/*Data for the table `jobcarddetail` */

insert  into `jobcarddetail`(`id`,`job_card_id`,`job_card_name`,`job_card_qty`,`job_card_price`,`total`,`job_card_status`,`deleted_at`,`created_by`,`status`,`created_at`,`updated_at`) values (48,36,'katraj',3,200.00,600.00,'active',NULL,NULL,'active','2018-02-16 13:27:41','2018-02-16 13:27:41'),(49,36,'wewew',3,200.00,600.00,'active',NULL,NULL,'active','2018-02-16 13:27:41','2018-02-16 13:27:41'),(50,37,'katraj',2,150.00,300.00,'active',NULL,NULL,'active','2018-02-16 13:28:48','2018-02-16 13:28:48'),(51,37,'wewew',2,150.00,300.00,'active',NULL,NULL,'active','2018-02-16 13:28:48','2018-02-16 13:28:48'),(52,38,'katraj',2,150.00,300.00,'active',NULL,NULL,'active','2018-02-16 13:31:05','2018-02-16 13:31:05'),(53,38,'wewew',2,150.00,300.00,'active',NULL,NULL,'active','2018-02-16 13:31:05','2018-02-16 13:31:05'),(54,39,'katraj',2,150.00,300.00,'active',NULL,NULL,'active','2018-02-16 13:31:47','2018-02-16 13:31:47'),(55,39,'wewew',2,150.00,300.00,'active',NULL,NULL,'active','2018-02-16 13:31:47','2018-02-16 13:31:47'),(56,40,'katraj',2,150.00,300.00,'active',NULL,NULL,'active','2018-02-16 13:36:49','2018-02-16 13:36:49'),(57,40,'wewew',2,150.00,300.00,'active',NULL,NULL,'active','2018-02-16 13:36:49','2018-02-16 13:36:49'),(58,41,'katraj',2,150.00,300.00,'active',NULL,NULL,'active','2018-02-21 06:47:28','2018-02-21 06:47:28'),(59,41,'wewew',2,150.00,300.00,'active',NULL,NULL,'active','2018-02-21 06:47:28','2018-02-21 06:47:28'),(60,42,'test',2,300.00,600.00,'active',NULL,NULL,'active','2018-02-24 05:07:49','2018-02-24 05:07:49'),(61,42,'wewew',2,150.00,300.00,'active',NULL,NULL,'active','2018-02-24 05:07:49','2018-02-24 05:07:49'),(62,43,'test',2,300.00,600.00,'active',NULL,NULL,'active','2018-02-26 06:02:32','2018-02-26 06:02:32'),(63,43,'wewew',2,150.00,300.00,'active',NULL,NULL,'active','2018-02-26 06:02:32','2018-02-26 06:02:32'),(64,44,'test',2,300.00,600.00,'active',NULL,NULL,'active','2018-02-26 06:02:54','2018-02-26 06:02:54'),(65,44,'wewew',2,150.00,300.00,'active',NULL,NULL,'active','2018-02-26 06:02:54','2018-02-26 06:02:54'),(66,45,'test',2,300.00,600.00,'active',NULL,NULL,'active','2018-02-26 12:47:55','2018-02-26 12:47:55'),(67,45,'Switch',2,150.00,300.00,'active',NULL,NULL,'active','2018-02-26 12:47:55','2018-02-26 12:47:55'),(68,46,'katraj',2,150.00,300.00,'active',NULL,NULL,'active','2018-02-27 12:50:08','2018-02-27 12:50:08'),(69,46,'wewew',2,150.00,300.00,'active',NULL,NULL,'active','2018-02-27 12:50:08','2018-02-27 12:50:08'),(70,47,'katraj',2,150.00,300.00,'active',NULL,NULL,'active','2018-02-27 12:51:55','2018-02-27 12:51:55'),(71,47,'wewew',2,150.00,300.00,'active',NULL,NULL,'active','2018-02-27 12:51:55','2018-02-27 12:51:55'),(72,48,'katraj',2,150.00,300.00,'active',NULL,NULL,'active','2018-02-28 13:46:22','2018-02-28 13:46:22'),(73,48,'wewew',2,150.00,300.00,'active',NULL,NULL,'active','2018-02-28 13:46:22','2018-02-28 13:46:22'),(74,49,'test',1,12.00,12.00,'active',NULL,NULL,'active','2018-03-06 17:37:16','2018-03-06 17:37:16'),(75,49,'test2',2,21.00,42.00,'active',NULL,NULL,'active','2018-03-06 17:37:16','2018-03-06 17:37:16'),(76,50,'test',1,12.00,12.00,'active',NULL,NULL,'active','2018-03-06 17:41:04','2018-03-06 17:41:04'),(77,50,'test2',2,21.00,42.00,'active',NULL,NULL,'active','2018-03-06 17:41:04','2018-03-06 17:41:04'),(78,51,'on',1,11111.00,11111.00,'active',NULL,NULL,'active','2018-03-06 17:51:27','2018-03-06 17:51:27'),(79,51,'Namath',2,22222.00,44444.00,'active',NULL,NULL,'active','2018-03-06 17:51:27','2018-03-06 17:51:27'),(80,51,'Bhagwan day',3,33333.00,99999.00,'active',NULL,NULL,'active','2018-03-06 17:51:27','2018-03-06 17:51:27'),(81,52,'on',1,11111.00,11111.00,'active',NULL,NULL,'active','2018-03-06 17:52:08','2018-03-06 17:52:08'),(82,52,'Namath',2,22222.00,44444.00,'active',NULL,NULL,'active','2018-03-06 17:52:08','2018-03-06 17:52:08'),(83,52,'Bhagwan day',3,33333.00,99999.00,'active',NULL,NULL,'active','2018-03-06 17:52:08','2018-03-06 17:52:08'),(84,53,'he',1,12.00,12.00,'active',NULL,NULL,'active','2018-03-06 17:58:06','2018-03-06 17:58:06'),(85,53,'Rama',12,12.00,144.00,'active',NULL,NULL,'active','2018-03-06 17:58:06','2018-03-06 17:58:06'),(86,54,'Latest1',1,12.00,12.00,'active',NULL,NULL,'active','2018-03-06 18:23:03','2018-03-06 18:23:03'),(87,54,'Latest2',2,22.00,44.00,'active',NULL,NULL,'active','2018-03-06 18:23:03','2018-03-06 18:23:03'),(88,55,'Chandra',12,12.00,144.00,'active',NULL,NULL,'active','2018-03-06 18:33:12','2018-03-06 18:33:12'),(89,56,'item1',23,23.00,529.00,'active',NULL,NULL,'active','2018-03-07 16:39:44','2018-03-07 16:39:44'),(90,56,'item2',22,22.00,484.00,'active',NULL,NULL,'active','2018-03-07 16:39:44','2018-03-07 16:39:44'),(91,57,'Ram',2,23.00,46.00,'active',NULL,NULL,'active','2018-03-07 17:29:00','2018-03-07 17:29:00'),(92,58,'Test',12,54.00,648.00,'active',NULL,NULL,'active','2018-03-07 17:57:17','2018-03-07 17:57:17'),(93,59,'sink',1,134.00,134.00,'active',NULL,NULL,'active','2018-03-07 19:55:24','2018-03-07 19:55:24'),(94,59,'ac',2,123.00,246.00,'active',NULL,NULL,'active','2018-03-07 19:55:24','2018-03-07 19:55:24'),(95,60,'Freyr',87,98.00,8526.00,'active',NULL,NULL,'active','2018-03-08 19:09:04','2018-03-08 19:09:04'),(96,61,'item1',2,234.00,468.00,'active',NULL,NULL,'active','2018-03-09 14:35:51','2018-03-09 14:35:51'),(97,61,'item2',3,43.00,129.00,'active',NULL,NULL,'active','2018-03-09 14:35:51','2018-03-09 14:35:51'),(98,62,'test',78,87.09,6800.86,'active',NULL,NULL,'active','2018-03-11 08:59:45','2018-03-11 08:59:45'),(99,63,'light bulb',1,20.00,20.00,'active',NULL,NULL,'active','2018-03-19 07:37:31','2018-03-19 07:37:31'),(100,63,'fan',5,20.00,100.00,'active',NULL,NULL,'active','2018-03-19 07:37:31','2018-03-19 07:37:31'),(101,64,'we',2,1.00,2.00,'active',NULL,NULL,'active','2018-03-19 07:59:20','2018-03-19 07:59:20'),(102,65,'pipe',2,20.00,40.00,'active',NULL,NULL,'active','2018-03-26 07:17:35','2018-03-26 07:17:35'),(103,66,'flooring',13,8.00,103.20,'active',NULL,NULL,'active','2018-03-26 07:26:15','2018-03-26 07:26:15'),(104,66,'labour',9,65.00,565.50,'active',NULL,NULL,'active','2018-03-26 07:26:15','2018-03-26 07:26:15'),(105,66,'test',12,6.00,72.00,'active',NULL,NULL,'active','2018-03-26 07:26:15','2018-03-26 07:26:15'),(106,66,'test3',78,9.00,702.00,'active',NULL,NULL,'active','2018-03-26 07:26:15','2018-03-26 07:26:15'),(107,69,'light',12,30.00,360.00,'active',NULL,NULL,'active','2018-04-02 06:14:01','2018-04-02 06:14:01'),(108,69,'tube',2,5.00,10.00,'active',NULL,NULL,'active','2018-04-02 06:14:01','2018-04-02 06:14:01'),(109,76,'hnjj',12,6.00,72.00,'active',NULL,NULL,'active','2018-04-03 07:19:57','2018-04-03 07:19:57'),(110,77,'katraj',2,150.00,300.00,'active',NULL,NULL,'active','2018-04-03 12:07:51','2018-04-03 12:07:51'),(111,77,'wewew',2,150.00,300.00,'active',NULL,NULL,'active','2018-04-03 12:07:51','2018-04-03 12:07:51'),(112,78,'katraj',2,150.00,300.00,'active',NULL,NULL,'active','2018-04-03 12:24:58','2018-04-03 12:24:58'),(113,78,'wewew',2,150.00,300.00,'active',NULL,NULL,'active','2018-04-03 12:24:58','2018-04-03 12:24:58'),(114,79,'katraj',2,150.00,300.00,'active',NULL,NULL,'active','2018-04-04 06:20:08','2018-04-04 06:20:08'),(115,79,'wewew',2,150.00,300.00,'active',NULL,NULL,'active','2018-04-04 06:20:08','2018-04-04 06:20:08'),(116,80,'katraj',2,150.00,300.00,'active',NULL,NULL,'active','2018-04-04 06:20:12','2018-04-04 06:20:12'),(117,80,'wewew',2,150.00,300.00,'active',NULL,NULL,'active','2018-04-04 06:20:12','2018-04-04 06:20:12'),(118,81,'can light',4,109.00,436.00,'active',NULL,NULL,'active','2018-04-05 01:34:06','2018-04-05 01:34:06'),(119,81,'usb outlet',7,25.00,175.00,'active',NULL,NULL,'active','2018-04-05 01:34:06','2018-04-05 01:34:06'),(120,82,'just',6,90.00,540.00,'active',NULL,NULL,'active','2018-04-05 03:34:05','2018-04-05 03:34:05'),(121,84,'katraj',2,150.00,300.00,'active',NULL,NULL,'active','2018-04-05 10:40:35','2018-04-05 10:40:35'),(122,84,'wewew',2,150.00,300.00,'active',NULL,NULL,'active','2018-04-05 10:40:35','2018-04-05 10:40:35'),(123,85,'katraj',2,150.00,300.00,'active',NULL,NULL,'active','2018-04-05 10:40:41','2018-04-05 10:40:41'),(124,85,'wewew',2,150.00,300.00,'active',NULL,NULL,'active','2018-04-05 10:40:41','2018-04-05 10:40:41'),(125,86,'cuff',55,4.00,220.00,'active',NULL,NULL,'active','2018-04-05 10:45:10','2018-04-05 10:45:10'),(126,87,'ay',2,200.00,400.00,'active',NULL,NULL,'active','2018-04-05 18:37:06','2018-04-05 18:37:06'),(127,88,'test',3,7.00,21.00,'active',NULL,NULL,'active','2018-04-06 07:28:44','2018-04-06 07:28:44'),(128,88,'test1',6,10.00,60.00,'active',NULL,NULL,'active','2018-04-06 07:28:44','2018-04-06 07:28:44'),(129,89,'canister lights',8,125.00,1000.00,'active',NULL,NULL,'active','2018-04-07 16:35:00','2018-04-07 16:35:00'),(130,89,'usb outlet',14,25.00,350.00,'active',NULL,NULL,'active','2018-04-07 16:35:00','2018-04-07 16:35:00'),(131,90,'labor',0,85.00,0.00,'active',NULL,NULL,'active','2018-04-07 16:39:01','2018-04-07 16:39:01'),(132,90,'demo',0,60.00,0.00,'active',NULL,NULL,'active','2018-04-07 16:39:01','2018-04-07 16:39:01'),(133,90,'hjuutfv',0,0.00,0.00,'active',NULL,NULL,'active','2018-04-07 16:39:01','2018-04-07 16:39:01'),(134,98,'kothrud',5,150.00,750.00,'active',NULL,NULL,'active','2018-04-11 10:11:22','2018-04-11 10:11:22'),(135,98,'katraj',5,150.00,750.00,'active',NULL,NULL,'active','2018-04-11 10:11:22','2018-04-11 10:11:22'),(136,101,'kothrud',5,150.00,750.00,'active',NULL,NULL,'active','2018-04-11 10:17:24','2018-04-11 10:17:24'),(137,101,'katraj',5,150.00,750.00,'active',NULL,NULL,'active','2018-04-11 10:17:24','2018-04-11 10:17:24'),(138,102,'tf',5,5.00,25.00,'active',NULL,NULL,'active','2018-04-11 10:18:39','2018-04-11 10:18:39'),(139,102,'tf',5,5.00,25.00,'active',NULL,NULL,'active','2018-04-11 10:18:39','2018-04-11 10:18:39'),(140,102,'tf',5,5.00,25.00,'active',NULL,NULL,'active','2018-04-11 10:18:39','2018-04-11 10:18:39'),(141,103,'kothrud',5,150.00,750.00,'active',NULL,NULL,'active','2018-04-11 10:28:05','2018-04-11 10:28:05'),(142,103,'katraj',5,150.00,750.00,'active',NULL,NULL,'active','2018-04-11 10:28:05','2018-04-11 10:28:05'),(143,104,'katraj',2,150.00,300.00,'active',NULL,NULL,'active','2018-04-13 10:12:15','2018-04-13 10:12:15'),(144,104,'wewew',2,150.00,300.00,'active',NULL,NULL,'active','2018-04-13 10:12:15','2018-04-13 10:12:15'),(145,105,'katraj',2,150.00,300.00,'active',NULL,NULL,'active','2018-04-14 09:25:58','2018-04-14 09:25:58'),(146,105,'wewew',2,150.00,300.00,'active',NULL,NULL,'active','2018-04-14 09:25:58','2018-04-14 09:25:58'),(147,106,'tube',7,90.00,630.00,'active',NULL,NULL,'active','2018-04-16 09:29:19','2018-04-16 09:29:19'),(148,106,'fan',12,70.00,840.00,'active',NULL,NULL,'active','2018-04-16 09:29:19','2018-04-16 09:29:19'),(149,107,' CFC',0,0.00,0.00,'active',NULL,NULL,'active','2018-04-16 10:35:12','2018-04-16 10:35:12'),(150,107,'DVD',9,0.00,0.00,'active',NULL,NULL,'active','2018-04-16 10:35:12','2018-04-16 10:35:12'),(151,108,'we',1,11.00,11.00,'active',NULL,NULL,'active','2018-04-16 20:18:28','2018-04-16 20:18:28'),(152,109,'raja',1,0.00,0.00,'active',NULL,NULL,'active','2018-04-16 20:34:37','2018-04-16 20:34:37'),(153,110,'test12',7,9.00,63.00,'active',NULL,NULL,'active','2018-04-17 09:08:32','2018-04-17 09:08:32'),(154,111,'testing',7,9.00,63.00,'active',NULL,NULL,'active','2018-04-17 09:09:33','2018-04-17 09:09:33'),(155,111,'test',7,7.00,49.00,'active',NULL,NULL,'active','2018-04-17 09:09:33','2018-04-17 09:09:33'),(156,112,'katraj',2,150.00,300.00,'active',NULL,NULL,'active','2018-04-18 11:51:10','2018-04-18 11:51:10'),(157,112,'wewew',2,150.00,300.00,'active',NULL,NULL,'active','2018-04-18 11:51:10','2018-04-18 11:51:10'),(158,113,'drill',12,9.00,108.00,'active',NULL,NULL,'active','2018-04-19 09:33:41','2018-04-19 09:33:41'),(159,113,'hand drills',12,8.00,96.00,'active',NULL,NULL,'active','2018-04-19 09:33:41','2018-04-19 09:33:41'),(160,113,'ace',12,9.00,108.00,'active',NULL,NULL,'active','2018-04-19 09:33:41','2018-04-19 09:33:41'),(161,113,'test',9,12.00,108.00,'active',NULL,NULL,'active','2018-04-19 09:33:41','2018-04-19 09:33:41'),(162,113,'tube light',8,10.00,80.00,'active',NULL,NULL,'active','2018-04-19 09:33:41','2018-04-19 09:33:41'),(163,113,'fan',9,8.00,72.00,'active',NULL,NULL,'active','2018-04-19 09:33:41','2018-04-19 09:33:41'),(164,113,'switches',12,90.00,1080.00,'active',NULL,NULL,'active','2018-04-19 09:33:41','2018-04-19 09:33:41'),(165,114,'b h ',8,9.00,72.00,'active',NULL,NULL,'active','2018-04-19 09:34:29','2018-04-19 09:34:29'),(166,115,'Iuuu',1,10.00,10.00,'active',NULL,NULL,'active','2018-04-19 09:50:15','2018-04-19 09:50:15'),(167,116,'can lights',5,125.00,625.00,'active',NULL,NULL,'active','2018-05-15 17:25:58','2018-05-15 17:25:58'),(168,117,'outlet usb',5,40.00,200.00,'active',NULL,NULL,'active','2018-05-15 19:31:16','2018-05-15 19:31:16'),(169,117,'can lights',2,125.00,250.00,'active',NULL,NULL,'active','2018-05-15 19:31:16','2018-05-15 19:31:16');

/*Table structure for table `jobtask` */

DROP TABLE IF EXISTS `jobtask`;

CREATE TABLE `jobtask` (
  `id` int(10) unsigned NOT NULL AUTO_INCREMENT,
  `job_id` int(11) DEFAULT NULL,
  `title` varchar(191) COLLATE utf8mb4_unicode_ci DEFAULT NULL,
  `description` varchar(191) COLLATE utf8mb4_unicode_ci DEFAULT NULL,
  `created_by` int(11) DEFAULT NULL,
  `status` varchar(191) COLLATE utf8mb4_unicode_ci DEFAULT 'active',
  `deleted_at` timestamp NULL DEFAULT NULL,
  `created_at` timestamp NULL DEFAULT NULL,
  `updated_at` timestamp NULL DEFAULT NULL,
  `jobtask_status` varchar(191) COLLATE utf8mb4_unicode_ci DEFAULT NULL,
  `folder_id` int(11) NOT NULL,
  PRIMARY KEY (`id`)
) ENGINE=InnoDB AUTO_INCREMENT=119 DEFAULT CHARSET=utf8mb4 COLLATE=utf8mb4_unicode_ci;

/*Data for the table `jobtask` */

insert  into `jobtask`(`id`,`job_id`,`title`,`description`,`created_by`,`status`,`deleted_at`,`created_at`,`updated_at`,`jobtask_status`,`folder_id`) values (1,2,'xcxzc','xczx',1,'active','2018-02-14 06:54:09','2018-02-14 06:54:05','2018-02-14 06:54:09','done',0),(2,2,'Job Task 1','fsdfsdfsd',2,'active','2018-02-15 07:25:32','2018-02-15 07:25:16','2018-02-15 07:25:32','done',0),(3,4,'sadas','sdasd',3,'active',NULL,'2018-02-15 11:33:47','2018-02-15 11:33:47','Pending',0),(4,5,'czxczx','czxczxc',4,'active',NULL,'2018-02-21 06:08:37','2018-02-23 07:23:06','Pending',0),(5,5,'zxczx','czxcz',5,'active',NULL,'2018-02-21 06:09:18','2018-02-23 07:23:06','done',0),(6,7,'Today Task of Admin Panels','Today Complete Admin Panel End of day.',6,'active','2018-02-23 07:49:16','2018-02-23 07:48:36','2018-02-23 07:49:16','done',0),(7,7,'Today Task of Admin Panel','Complete Admin Panel of the end of the day.',7,'active',NULL,'2018-02-23 07:49:57','2018-02-23 07:50:17','done',0),(8,7,'Test Tomorrow Task','Tomorrow check front end',8,'active',NULL,'2018-02-23 07:50:54','2018-02-23 07:50:54','done',0),(9,9,'Account Check for citrusbug','Complete Today Evening',9,'active','2018-02-23 09:55:56','2018-02-23 09:55:28','2018-02-23 09:55:56','done',0),(10,9,'Accountsssssssssssssssssssssssssssssssssssssssssssssssssssssssssssssssssssssssssssssssssssssssssssssssss','Check Today Citrusbug account.',10,'active',NULL,'2018-02-23 09:56:49','2018-02-23 10:09:02','done',0),(11,9,'Test','TEST DATA',11,'active',NULL,'2018-02-23 10:16:43','2018-04-02 06:02:19','done',0),(12,13,'Job Task','Hey This is new Task',12,'active',NULL,'2018-02-25 10:58:23','2018-04-13 10:23:36','pending',0),(13,14,'Task One','I want to repaire my AC.',13,'active',NULL,'2018-02-25 11:02:33','2018-02-25 11:02:33','done',0),(14,14,'Task Two','I Want to Buy New AC',14,'active',NULL,'2018-02-25 11:02:59','2018-02-25 11:02:59','done',0),(15,15,'Test Final Title job Task','Test Description Job Task',15,'active',NULL,'2018-02-26 05:48:01','2018-02-26 05:48:01','done',0),(16,17,'Electricity','Test Electricity test',16,'active',NULL,'2018-02-26 12:57:05','2018-02-26 12:57:05','Pending',0),(17,21,'Need Make design of splash screen','Animation of splash screen',17,'active',NULL,'2018-02-27 11:14:25','2018-02-27 11:14:25','done',0),(18,21,'Need register form','check form in registration',18,'active',NULL,'2018-02-27 11:15:35','2018-02-27 11:15:35','done',0),(19,19,'Today Whole Task complete for ritter services sdgfsdgf','As well as solved bug sdfsdfh sjfhsdjkfh sdjkhasjkdfhsdjkfh jksdfh sdjkhweuirysdjfhsdjkhf sdjkfh sdjk',19,'active',NULL,'2018-02-27 11:49:56','2018-02-27 12:53:13','Pending',0),(20,19,'hello','sdhfjsdhfj sdfhjsd fhsdjf',20,'active',NULL,'2018-02-27 12:53:50','2018-02-27 12:53:50','done',0),(21,22,'Sink Fiting Task 1','Sink Fiting Task 1',21,'active',NULL,'2018-02-27 13:10:17','2018-02-27 13:10:17','Pending',0),(22,22,'Sink Fitting Task 2','Sink Fitting Task 2',22,'active',NULL,'2018-02-27 13:10:33','2018-02-27 13:10:33','Pending',0),(23,22,'Sink Fitting Task 3','Sink Fitting Task 3',23,'active',NULL,'2018-02-27 13:10:46','2018-02-27 13:10:46','Pending',0),(24,22,'drtg','dgd',24,'active',NULL,'2018-02-27 14:04:00','2018-02-27 14:04:00','done',0),(25,22,'sdadasd','sdas',25,'active',NULL,'2018-02-28 09:14:47','2018-02-28 13:51:58','done',0),(26,22,'TEST','TEST  Job Task',26,'active',NULL,'2018-02-28 13:52:26','2018-02-28 13:53:27','done',0),(27,23,'test','test',27,'active','2018-03-20 07:14:32','2018-03-01 12:38:30','2018-03-20 07:14:32','done',0),(28,24,'testy vidfeo','fgdfgdfgdfg',28,'active',NULL,'2018-03-14 05:01:57','2018-03-14 05:01:57','Pending',0),(29,26,'Registration Page','It should complete reg module',29,'active',NULL,'2018-03-16 11:20:45','2018-03-16 11:20:45','Pending',0),(30,26,'Registration Design','It will design proper for registration and home page',30,'active',NULL,'2018-03-16 11:21:27','2018-03-16 11:21:27','Pending',0),(31,42,'Reg form complete today','In Both app',31,'active',NULL,'2018-03-19 07:05:11','2018-03-19 07:18:31','done',0),(32,42,'Login Pages','It\'s desc',32,'active',NULL,'2018-03-19 07:06:01','2018-03-19 07:18:30','done',0),(33,42,'Android app','test',33,'active',NULL,'2018-03-19 07:16:12','2018-03-19 07:18:28','done',0),(34,43,'Blog Page','All Blog Display There',34,'active',NULL,'2018-03-19 07:21:54','2018-03-19 07:22:37','done',0),(35,43,'Admin panel','What is React? React is a declarative, efficient, and flexible JavaScript library for building user interfaces. React has a few different kinds of components, but we\'ll start with React.Compo',35,'active',NULL,'2018-03-19 07:23:21','2018-03-19 07:23:57','done',0),(36,43,'Front End','It\'s should be display descriptoion',36,'active',NULL,'2018-03-19 07:24:47','2018-03-20 13:19:24','done',0),(37,43,'asas','as',37,'active','2018-03-19 07:29:58','2018-03-19 07:29:47','2018-03-19 07:29:58','Pending',0),(38,43,'xcdxf','dsfd',38,'active',NULL,'2018-03-19 08:55:22','2018-03-19 08:55:22','Pending',0),(39,43,'asdads','sdasdass',39,'active','2018-03-20 05:19:34','2018-03-20 05:19:18','2018-03-20 05:19:34','Pending',0),(40,22,'sdsadasd','sadas',40,'active',NULL,'2018-03-20 05:42:17','2018-03-20 05:42:17','Pending',0),(41,22,'zxc','xzczx',41,'active',NULL,'2018-03-20 05:47:06','2018-03-20 05:47:06','Pending',0),(42,44,'Flooring elctirc','test description',42,'active',NULL,'2018-03-20 06:15:56','2018-03-20 06:15:56','Pending',0),(43,44,'second floors','sdswd',43,'active',NULL,'2018-03-20 06:16:13','2018-04-02 17:41:28','done',0),(44,23,'zdczsd','asdas',44,'active',NULL,'2018-03-20 07:14:28','2018-03-20 07:14:28','Pending',0),(45,44,'gfhg','vvvv',45,'active',NULL,'2018-03-20 12:34:51','2018-04-03 02:42:26','uncomplete',0),(46,44,'test dinesh task','it\'s good employees',46,'active',NULL,'2018-03-20 12:40:16','2018-03-20 12:40:27','Pending',0),(47,44,'Designer wedding appS','it\'s applicaTION FOR ANDROID',47,'active','2018-03-20 12:41:22','2018-03-20 12:41:03','2018-03-20 12:41:22','Pending',0),(48,44,'fsdf','sdfsd',48,'active',NULL,'2018-03-22 10:46:51','2018-03-22 10:46:51','Pending',0),(49,44,'asdas','dasda',49,'active',NULL,'2018-03-22 10:48:01','2018-03-22 10:48:01','Pending',0),(50,44,'ae','qwqw',50,'active',NULL,'2018-03-22 10:51:27','2018-03-22 10:51:27','Pending',0),(51,44,'edwe','qweqw',51,'active',NULL,'2018-03-22 12:08:56','2018-03-22 12:08:56','Pending',0),(52,44,'Whole Flooring Elect','It\'s all line should be proper',52,'active',NULL,'2018-03-26 06:41:51','2018-03-26 06:41:51','Pending',0),(53,45,'Fix the basin','Fix the basin',53,'active',NULL,'2018-03-28 13:42:31','2018-03-28 13:42:31','Pending',0),(54,45,'Fix the platform','Fix the basin',54,'active',NULL,'2018-03-28 13:42:48','2018-03-28 13:42:48','Pending',0),(55,46,'Fittting','Washroom fitting',55,'active',NULL,'2018-03-28 13:55:31','2018-03-28 13:55:31','Pending',0),(56,24,'ssad','sdds',56,'active',NULL,'2018-03-28 13:56:40','2018-03-28 13:56:40','Pending',0),(57,24,'asswd','wqwq',57,'active',NULL,'2018-03-28 13:56:46','2018-03-28 13:56:46','Pending',0),(58,49,'Task One','nksndw;ks skdnwiqdn xskndiwd cksanwq',58,'active',NULL,'2018-03-29 18:28:06','2018-03-29 18:35:37','done',0),(59,49,'Task Two','klsdiwq wswqiqdo;wqhd skndow;d csndklsnd sdjlsbfiw jfniwlfn cknfwq;ond c nwilfhow ckfhiqefh csnfilqfnq cjsbclef cs,ile',59,'active',NULL,'2018-03-29 18:28:40','2018-03-29 18:49:30','done',0),(60,50,'one','huh',60,'active','2018-04-05 05:11:56','2018-03-29 18:33:44','2018-04-05 05:11:56','done',0),(61,51,'Login Automation Module','Check in automation enginer',61,'active',NULL,'2018-04-02 05:42:46','2018-04-02 05:47:11','done',0),(62,51,'Reg Module','Reg module should be completed',62,'active',NULL,'2018-04-02 05:48:05','2018-04-02 05:50:58','done',0),(63,53,'job task1','electrical fitting',63,'active',NULL,'2018-04-03 10:24:31','2018-04-03 10:24:31','done',0),(64,53,'Plumbing','Plumbing',64,'active',NULL,'2018-04-03 10:24:44','2018-04-06 07:28:58','uncomplete',0),(65,53,'Clean the work space','basemnet and garage area',65,'active',NULL,'2018-04-03 14:29:53','2018-04-16 12:41:39','Pending',11),(66,53,'Clean the work space','basemnet and garage area',66,'active',NULL,'2018-04-03 14:29:55','2018-04-03 14:29:55','Pending',0),(67,53,'Clean the work space','basemnet and garage area',67,'active',NULL,'2018-04-03 14:29:57','2018-04-03 14:29:57','Pending',0),(68,53,'Clean the work space','basemnet and garage area',68,'active',NULL,'2018-04-03 14:30:00','2018-04-03 14:30:00','Pending',0),(69,62,'test','test desc',69,'active',NULL,'2018-04-05 06:21:49','2018-04-05 06:21:49','Pending',0),(70,45,'cleqn bagthroom','sdasdf',70,'active',NULL,'2018-04-05 15:31:30','2018-04-05 15:31:30','Pending',0),(71,67,'Turn on lights','turn on lights',71,'active',NULL,'2018-04-05 15:53:00','2018-04-05 18:34:13','done',0),(72,67,'turn off ligths','turn off lights',72,'active',NULL,'2018-04-05 15:53:20','2018-04-05 15:53:20','Pending',0),(73,67,'add new bulbw','add ne bulbs',73,'active',NULL,'2018-04-05 15:53:44','2018-04-05 15:53:44','Pending',0),(74,67,'Test Toitle','desc',74,'active',NULL,'2018-04-06 08:00:30','2018-04-06 08:00:30','Pending',0),(75,69,'plumbing','plumbing',75,'active',NULL,'2018-04-06 12:54:04','2018-04-06 12:54:04','Pending',0),(76,69,'Elecrical','Electrical',76,'active',NULL,'2018-04-06 12:54:22','2018-04-06 12:54:22','Pending',0),(77,68,'renovation','renovation',77,'active',NULL,'2018-04-06 12:56:21','2018-04-06 12:56:21','Pending',0),(78,70,'Test','no description',78,'active',NULL,'2018-04-09 18:32:42','2018-04-09 18:34:33','uncomplete',0),(79,93,'qwert','qwertty',79,'active',NULL,'2018-04-10 16:08:54','2018-04-10 16:08:54','Pending',0),(80,86,'asaSs','asa',80,'active',NULL,'2018-04-11 11:12:40','2018-04-11 11:12:44','Pending',1),(81,86,'asa','ASA',81,'active',NULL,'2018-04-11 11:12:51','2018-04-11 11:12:51','Pending',2),(82,84,'sfsf','fsdf',82,'active',NULL,'2018-04-11 11:26:40','2018-04-11 11:26:40','Pending',11),(83,101,'esrfsd','sdafasdf',83,'active',NULL,'2018-04-11 13:08:47','2018-04-11 13:08:47','Pending',15),(84,101,'asdasd','asdasd',84,'active',NULL,'2018-04-11 13:10:34','2018-04-11 13:10:34','Pending',14),(85,101,'asdfasd','asdasd',85,'active',NULL,'2018-04-11 13:10:42','2018-04-15 10:14:48','uncomplete',15),(86,111,'Reg Module','Today EOD Completed Reg Module',86,'active','2018-04-12 12:00:33','2018-04-12 12:00:25','2018-04-12 12:00:33','Pending',16),(87,111,'Registration','Today eod this module completed',87,'active',NULL,'2018-04-12 12:01:59','2018-04-19 09:52:43','uncomplete',16),(88,111,'Login Module','Login completed with validation',88,'active',NULL,'2018-04-12 12:23:13','2018-04-16 10:30:12','uncomplete',16),(89,111,'A.c services','ALL ROOM AC SERVICES',89,'active','2018-04-12 12:25:57','2018-04-12 12:25:11','2018-04-12 12:25:57','Pending',17),(90,111,'test','Test Desc',90,'active','2018-04-12 12:26:03','2018-04-12 12:25:38','2018-04-12 12:26:03','Pending',17),(91,111,'test','ewrewr',91,'active',NULL,'2018-04-12 12:28:58','2018-04-15 10:11:15','done',18),(92,111,'now they done','its job task',92,'active',NULL,'2018-04-13 16:37:09','2018-04-13 16:37:09','Pending',17),(93,111,'My 2 Goal','test',93,'active',NULL,'2018-04-16 10:24:20','2018-04-16 10:30:13','uncomplete',16),(94,111,'zxsad','sdsa',94,'active',NULL,'2018-04-16 10:30:24','2018-04-16 10:30:24','Pending',16),(95,112,'dsasadas','dsa',95,'active',NULL,'2018-04-17 11:37:57','2018-04-17 11:37:57','Pending',20),(96,114,'Introduction Native','Simple Registration',96,'active','2018-04-18 13:13:34','2018-04-18 13:13:03','2018-04-18 13:13:34','Pending',22),(97,114,'Intro Native','only reg and login form',97,'active',NULL,'2018-04-18 13:13:56','2018-04-18 13:13:56','Pending',22),(98,114,'My 2 Goal','goal achive',98,'active',NULL,'2018-04-18 13:23:21','2018-04-19 09:41:41','uncomplete',21),(99,113,'erer','er',99,'active',NULL,'2018-04-19 07:39:39','2018-04-19 07:39:39','Pending',26),(100,114,'Test','Today complete reg page',100,'active',NULL,'2018-04-26 13:36:22','2018-04-26 13:36:22','Pending',25),(101,114,'Reg','Complete eod',101,'active',NULL,'2018-04-26 13:36:50','2018-04-26 13:36:50','Pending',24),(102,45,'Check thermostat','asdf',102,'active',NULL,'2018-05-04 15:23:55','2018-05-04 15:23:55','Pending',29),(103,45,'Change the filter','asdfasdfasdf',103,'active',NULL,'2018-05-04 15:24:30','2018-05-04 15:24:30','Pending',30),(104,45,'clean the room','Scsadfasdf',104,'active',NULL,'2018-05-04 15:24:46','2018-05-04 15:24:46','Pending',30),(105,115,'zZAza','QSDCQWDC',105,'active','2018-05-15 23:28:55','2018-05-15 17:23:07','2018-05-15 23:28:55','done',31),(106,115,'clean drain','clean drain',106,'active','2018-05-15 23:28:55','2018-05-15 19:28:10','2018-05-15 23:28:55','Pending',31),(107,118,'Electrical','Today Whole electericty work completed',107,'active',NULL,'2018-06-07 12:08:05','2018-06-07 12:08:05','Pending',32),(108,118,'Custom','It should be all woek complted',108,'active',NULL,'2018-06-07 12:08:35','2018-06-07 12:08:35','Pending',32),(109,118,'Custom','It should be all woek complted',109,'active',NULL,'2018-06-07 12:08:35','2018-06-07 12:08:35','Pending',32),(110,119,'task 1','this is task 1',110,'active',NULL,'2018-06-11 16:56:32','2018-06-11 17:56:40','uncomplete',33),(111,120,'ADD AC','HA HA HA',111,'active',NULL,'2018-06-11 17:17:54','2018-06-11 17:17:54','Pending',34),(112,136,'Repairing Pumps','All Pump repairing',112,'active',NULL,'2018-06-18 11:34:48','2018-06-18 11:34:48','Pending',35),(113,136,'Pipe Line Connection','Check water supply line',113,'active',NULL,'2018-06-18 11:42:45','2018-06-18 11:42:45','Pending',35),(114,136,'Air Conditioner','Air Conditioner cooling is not working',114,'active',NULL,'2018-06-18 11:44:32','2018-06-18 11:44:32','Pending',36),(115,135,'Heater Heat','Heater heating is not working',115,'active',NULL,'2018-06-18 11:46:16','2018-06-18 11:46:16','Pending',37),(116,132,'Air Conditioner','Air conditinoer cooling is not working',116,'active',NULL,'2018-06-18 11:48:20','2018-06-18 11:48:20','Pending',38),(117,128,'All Building Electrical','New All Building Electric line',117,'active',NULL,'2018-06-18 11:49:32','2018-06-18 11:49:32','Pending',39),(118,117,'Building Conctruction','Make new construction',118,'active',NULL,'2018-06-18 11:50:16','2018-06-18 11:50:16','Pending',40);

/*Table structure for table `migrations` */

DROP TABLE IF EXISTS `migrations`;

CREATE TABLE `migrations` (
  `id` int(10) unsigned NOT NULL AUTO_INCREMENT,
  `migration` varchar(191) COLLATE utf8mb4_unicode_ci NOT NULL,
  `batch` int(11) NOT NULL,
  PRIMARY KEY (`id`)
) ENGINE=InnoDB AUTO_INCREMENT=48 DEFAULT CHARSET=utf8mb4 COLLATE=utf8mb4_unicode_ci;

/*Data for the table `migrations` */

insert  into `migrations`(`id`,`migration`,`batch`) values (1,'2014_10_12_000000_create_users_table',1),(2,'2014_10_12_100000_create_password_resets_table',1),(3,'2016_01_01_193651_create_roles_permissions_tables',1),(4,'2017_12_20_052757_create_notifications_table',1),(5,'2018_01_24_074151_create_clients_table',1),(6,'2018_01_24_110400_create_videos_table',1),(7,'2018_01_24_114628_create_documents_table',1),(8,'2018_01_26_124932_create_country_state_city_tables',1),(9,'2018_01_30_100521_create_category_table',1),(10,'2018_01_30_104729_create_product_table',1),(11,'2018_02_05_125505_create_images_table',1),(12,'2018_02_07_065711_create_job_table',1),(13,'2018_02_07_090409_add_client_in_job',1),(14,'2018_02_07_090617_add_status_in_product',1),(15,'2018_02_07_101608_create_folder_table',1),(16,'2018_02_08_050811_create_folder_document_table',1),(17,'2018_02_08_114104_create_folder_video_table',1),(18,'2018_02_09_055949_create_job_task_table',1),(19,'2018_02_09_065001_create_employee_job_table',1),(20,'2018_02_09_070701_update_user_table',1),(21,'2018_02_12_054411_create_job_card_table',1),(22,'2018_02_12_054748_create_jobcard_detail_table',1),(23,'2018_02_12_064453_create_job_assign_employee_table',1),(24,'2018_02_15_095447_update_job_table',2),(25,'2018_02_16_112713_update_job_card_table',2),(26,'2018_02_20_105144_update_folder_table',3),(27,'2018_02_20_114953_add_usertype_document_table',3),(28,'2018_02_20_115206_update_folderdocument_table',3),(29,'2018_02_20_135338_add_usertype_video_table',3),(30,'2018_02_20_135543_update_foldervideo_table',3),(31,'2018_02_28_073148_update_job_task_table',4),(32,'2018_03_12_051737_create_product_inquiry_table',5),(33,'2018_03_12_064227_update_jobstatus_job_table',6),(34,'2018_03_15_111027_add_jobnumber_job_table',7),(35,'2018_03_14_114310_add_date_time_field_job_table',8),(36,'2018_03_30_105347_create_builder_table',9),(37,'2018_03_30_122808_add_jobnumber_client_table',9),(38,'2018_03_30_124018_create_assignclienttobuilder_table',9),(39,'2018_03_30_135856_add_notes_user_table',9),(40,'2018_04_02_052715_create_assigbuildertojob_table',10),(41,'2018_04_02_061856_add_partnumber_product_table',10),(42,'2018_04_04_100047_add_citystatezip_client_table',11),(43,'2018_04_04_121347_add_sortno_folder_table',12),(44,'2018_04_07_111337_create_notes_folder_table',13),(45,'2018_04_10_043223_create_setting_table',14),(46,'2018_04_10_055856_create_taskfolder_table',14),(47,'2018_04_10_071222_add_folder_jobtask_table',14);

/*Table structure for table `notifications` */

DROP TABLE IF EXISTS `notifications`;

CREATE TABLE `notifications` (
  `id` char(36) COLLATE utf8mb4_unicode_ci NOT NULL,
  `type` varchar(191) COLLATE utf8mb4_unicode_ci NOT NULL,
  `notifiable_id` int(10) unsigned NOT NULL,
  `notifiable_type` varchar(191) COLLATE utf8mb4_unicode_ci NOT NULL,
  `data` text COLLATE utf8mb4_unicode_ci NOT NULL,
  `read_at` timestamp NULL DEFAULT NULL,
  `created_at` timestamp NULL DEFAULT NULL,
  `updated_at` timestamp NULL DEFAULT NULL,
  PRIMARY KEY (`id`),
  KEY `notifications_notifiable_id_notifiable_type_index` (`notifiable_id`,`notifiable_type`)
) ENGINE=InnoDB DEFAULT CHARSET=utf8mb4 COLLATE=utf8mb4_unicode_ci;

/*Data for the table `notifications` */

/*Table structure for table `password_resets` */

DROP TABLE IF EXISTS `password_resets`;

CREATE TABLE `password_resets` (
  `email` varchar(191) COLLATE utf8mb4_unicode_ci NOT NULL,
  `token` varchar(191) COLLATE utf8mb4_unicode_ci NOT NULL,
  `created_at` timestamp NULL DEFAULT NULL,
  KEY `password_resets_email_index` (`email`)
) ENGINE=InnoDB DEFAULT CHARSET=utf8mb4 COLLATE=utf8mb4_unicode_ci;

/*Data for the table `password_resets` */

insert  into `password_resets`(`email`,`token`,`created_at`) values ('rakholiyagovind@gmail.com','$2y$10$ll99YnVd.0mElWB.dIKgi.Ru6PjXR.ZyaIftWsBDjrkjR76OMNFSS','2018-02-22 18:35:17'),('vrajptlqa@gmail.com','$2y$10$QXX2xgoZakLp.MLp15xey.5J7933MfI293vPwBTLq.251WzW1zx7W','2018-02-23 12:16:53'),('dinesh@gmail.com','$2y$10$7TfCdEJXJtryD61ZjV2qTeO/AR5TLEAVRgLLAnJBZwVkbvxY1dNZa','2018-02-25 11:32:12'),('chiru@gmail.com','$2y$10$F.x77FsP4Oyzyi1k8e0TteUy7ZoXS17RRHEgsY5D2g3O9HKlq7IA6','2018-02-28 19:29:00'),('themalkesh@gmail.com','$2y$10$4nOU0gxarnrljdLOPrdrh..DOR.CNuKjfRSx9AErqeYLMjYbAIBsG','2018-03-07 20:07:37'),('ashvini.citrusbug@gmail.com','$2y$10$PJslTKLyF1CJaqeJNyLL4OkX11cWCBMeYSz4IMh0heFEGnw4m3vdG','2018-03-13 13:11:53'),('chetan.c@gmail.com','$2y$10$tsQ/BaBVRrJfUDNweNSS2O6qShxDeSL9EIQG4dqwAm1JC7RO7tTrS','2018-03-28 06:34:58'),('jitendra.citrusbug@gmail.com','$2y$10$Y8RipDzuDeR8iLkPb9uBMuVfIyOVa5NDoaFHRmyCGjLA4yhW2kvQi','2018-03-31 06:39:59'),('test1@gmail.com','$2y$10$XTRKAJE3ItUdTE3SWw2VnektzRnc.7L5j4AijvY/j.0SRSbSFET3q','2018-04-07 10:58:00'),('govindyo@gmail.com','$2y$10$IX//VzTih8dGCLa9Mf55p.0AwIEYtkdsY1d19KFQZMwb4aZ445LE6','2018-04-09 18:25:54'),('chetan.c5w@gmail.com','$2y$10$VSW4pPCQVpmqyQAGjNru4OvHCrrkt9isEDdFNWj9YzkV6RgKSAeIK','2018-04-13 09:57:10'),('snehal.citrusbug@gmail.com','$2y$10$YDKyWmOn4yfHI50MOFLLjeEXb7sxGIr7HjxDxFL4WZg.tNWp1XETy','2018-04-13 12:10:37'),('chetand.dcw@gmail.com','$2y$10$FwOJRPbt6dSvobt5GERKQ.zYlgCoGY.LrxX0mpPQFr04SrfiYZzRu','2018-04-14 09:11:39'),('hetal.citrusabug@gmail.com','$2y$10$1677vXu6WmASPKGTj9BBQOHLsgOvye0dGYZO4mtu64w5.yLfe9xBa','2018-04-18 11:43:40'),('chetan.citrusbug@gmail.com','$2y$10$qlT5QmX7/D3i/SGMlLcZWOWmexorjDHNaYk4cOW2TXIHUAips564W','2018-05-07 14:50:34'),('wikitudedev@gmail.com','$2y$10$Pxvz0XZpJg5FWCp33DZRYeb3tyN4hPhH0OYNtkNgFP8i2I5MyxQJu','2018-05-07 14:51:48'),('wikitudedev1@gmail.com','$2y$10$II/eqG/hfPdv.QqExF4a5.50MHDYEijvcJiLJxbZyXMQ7IXuLky/i','2018-05-07 14:52:43'),('wikitudedeveloper1@gmail.com','$2y$10$PnKsKlL2iwSUutat/9TfF.5LZ142Y1LXaL3czD0tMt7tDGslWkwRe','2018-05-07 14:55:38'),('v12@gmail.com','$2y$10$hFOEsAXizzyBB2HqBaZdWOEenV/gkpd4XyIJ/hIyfKRX4ki5g4Fsm','2018-05-16 05:54:31'),('gabelritter@gmail.com','$2y$10$z1wgp96lgikNYhA6dEufbuHey.94GWdSo7t2lI0UlMfyDlfOpJW1.','2018-06-22 00:44:09');

/*Table structure for table `permission_role` */

DROP TABLE IF EXISTS `permission_role`;

CREATE TABLE `permission_role` (
  `permission_id` int(10) unsigned NOT NULL,
  `role_id` int(10) unsigned NOT NULL,
  PRIMARY KEY (`permission_id`,`role_id`),
  KEY `permission_role_role_id_foreign` (`role_id`),
  CONSTRAINT `permission_role_permission_id_foreign` FOREIGN KEY (`permission_id`) REFERENCES `permissions` (`id`) ON DELETE CASCADE,
  CONSTRAINT `permission_role_role_id_foreign` FOREIGN KEY (`role_id`) REFERENCES `roles` (`id`) ON DELETE CASCADE
) ENGINE=InnoDB DEFAULT CHARSET=utf8mb4 COLLATE=utf8mb4_unicode_ci;

/*Data for the table `permission_role` */

/*Table structure for table `permissions` */

DROP TABLE IF EXISTS `permissions`;

CREATE TABLE `permissions` (
  `id` int(10) unsigned NOT NULL AUTO_INCREMENT,
  `parent_id` int(11) NOT NULL DEFAULT '0',
  `name` varchar(191) COLLATE utf8mb4_unicode_ci NOT NULL,
  `label` varchar(191) COLLATE utf8mb4_unicode_ci DEFAULT NULL,
  `deleted_at` timestamp NULL DEFAULT NULL,
  `created_at` timestamp NULL DEFAULT NULL,
  `updated_at` timestamp NULL DEFAULT NULL,
  PRIMARY KEY (`id`)
) ENGINE=InnoDB AUTO_INCREMENT=29 DEFAULT CHARSET=utf8mb4 COLLATE=utf8mb4_unicode_ci;

/*Data for the table `permissions` */

insert  into `permissions`(`id`,`parent_id`,`name`,`label`,`deleted_at`,`created_at`,`updated_at`) values (1,0,'access.users','Can Access Users',NULL,'2018-01-23 12:37:00','2018-01-23 12:37:00'),(2,1,'access.user.create','Can Create User',NULL,'2018-01-23 12:37:00','2018-01-23 12:37:00'),(3,1,'access.user.edit','Can Edit User',NULL,'2018-01-23 12:37:00','2018-01-23 12:37:00'),(4,1,'access.user.delete','Can Delete User',NULL,'2018-01-23 12:37:01','2018-01-23 12:37:01'),(5,0,'access.roles','Can Access Roles',NULL,'2018-01-23 12:37:01','2018-01-23 12:37:01'),(6,5,'access.role.create','Can Create Role',NULL,'2018-01-23 12:37:01','2018-01-23 12:37:01'),(7,5,'access.role.edit','Can Edit Role',NULL,'2018-01-23 12:37:01','2018-01-23 12:37:01'),(8,5,'access.role.delete','Can Delete Role',NULL,'2018-01-23 12:37:01','2018-01-23 12:37:01'),(9,0,'access.permissions','Can Access Permission',NULL,'2018-01-23 12:37:01','2018-01-23 12:37:01'),(10,9,'access.permission.create','Can Create Permission',NULL,'2018-01-23 12:37:01','2018-01-23 12:37:01'),(11,9,'access.permission.edit','Can Edit Permission',NULL,'2018-01-23 12:37:01','2018-01-23 12:37:01'),(12,9,'access.permission.delete','Can Delete Permission',NULL,'2018-01-23 12:37:01','2018-01-23 12:37:01'),(13,0,'access.customers','Can Access Customers',NULL,'2018-01-23 12:37:01','2018-01-23 12:37:01'),(14,13,'access.customers.create','Can Create Customers',NULL,'2018-01-23 12:37:01','2018-01-23 12:37:01'),(15,13,'access.customers.edit','Can Edit Customers',NULL,'2018-01-23 12:37:01','2018-01-23 12:37:01'),(16,13,'access.customers.delete','Can Delete Customers',NULL,'2018-01-23 12:37:01','2018-01-23 12:37:01'),(17,0,'access.suppliers','Can Access Suppliers',NULL,'2018-01-23 12:37:01','2018-01-23 12:37:01'),(18,17,'access.suppliers.create','Can Create Suppliers',NULL,'2018-01-23 12:37:01','2018-01-23 12:37:01'),(19,17,'access.suppliers.edit','Can Edit Suppliers',NULL,'2018-01-23 12:37:01','2018-01-23 12:37:01'),(20,17,'access.suppliers.delete','Can Delete Suppliers',NULL,'2018-01-23 12:37:01','2018-01-23 12:37:01'),(21,0,'access.banks','Can Access Banks',NULL,'2018-01-23 12:37:01','2018-01-23 12:37:01'),(22,21,'access.banks.create','Can Create Banks',NULL,'2018-01-23 12:37:01','2018-01-23 12:37:01'),(23,21,'access.banks.edit','Can Edit Banks',NULL,'2018-01-23 12:37:02','2018-01-23 12:37:02'),(24,21,'access.banks.delete','Can Delete Banks',NULL,'2018-01-23 12:37:02','2018-01-23 12:37:02'),(25,0,'access.invoices','Can Access Invoices',NULL,'2018-01-23 12:37:02','2018-01-23 12:37:02'),(26,25,'access.invoices.create','Can Create Invoices',NULL,'2018-01-23 12:37:02','2018-01-23 12:37:02'),(27,25,'access.invoices.edit','Can Edit Invoices',NULL,'2018-01-23 12:37:02','2018-01-23 12:37:02'),(28,25,'access.invoices.delete','Can Delete Invoices',NULL,'2018-01-23 12:37:02','2018-01-23 12:37:02');

/*Table structure for table `productinquiry` */

DROP TABLE IF EXISTS `productinquiry`;

CREATE TABLE `productinquiry` (
  `id` int(10) unsigned NOT NULL AUTO_INCREMENT,
  `user_id` int(11) DEFAULT NULL,
  `product_id` int(11) DEFAULT NULL,
  `name` varchar(191) COLLATE utf8mb4_unicode_ci DEFAULT NULL,
  `emailid` varchar(191) COLLATE utf8mb4_unicode_ci DEFAULT NULL,
  `description` varchar(191) COLLATE utf8mb4_unicode_ci DEFAULT NULL,
  `status` varchar(191) COLLATE utf8mb4_unicode_ci DEFAULT 'active',
  `created_at` timestamp NULL DEFAULT NULL,
  `updated_at` timestamp NULL DEFAULT NULL,
  PRIMARY KEY (`id`)
) ENGINE=InnoDB AUTO_INCREMENT=21 DEFAULT CHARSET=utf8mb4 COLLATE=utf8mb4_unicode_ci;

/*Data for the table `productinquiry` */

insert  into `productinquiry`(`id`,`user_id`,`product_id`,`name`,`emailid`,`description`,`status`,`created_at`,`updated_at`) values (1,7,17,'dsds','dd@gmail.com','test','active','2018-03-12 05:56:18','2018-03-12 05:56:18'),(2,7,17,'dsds','dd@gmail.co','test','active','2018-03-12 05:56:46','2018-03-12 05:56:46'),(3,7,17,'dsds','ddtest@gmail.com','test','active','2018-03-12 06:39:21','2018-03-12 06:39:21'),(4,54,12,'Nakhyu','asd@gmail.com','jasmmksmckdmcjcjrcnjr','active','2018-03-12 20:45:19','2018-03-12 20:45:19'),(5,32,18,'Frau','vraj.citrusbug@gmail.com','xgdydyf d','active','2018-03-19 06:16:38','2018-03-19 06:16:38'),(6,65,10,'go','test@gmail.com',NULL,'active','2018-03-21 07:55:08','2018-03-21 07:55:08'),(7,72,11,'ugcugfugcg','rrr@ff.com','ffff','active','2018-03-28 10:50:03','2018-03-28 10:50:03'),(8,7,17,'dsds','ddtest@gmail.com','test','active','2018-04-03 12:05:13','2018-04-03 12:05:13'),(9,2,18,'huh','gah@gmail.com','fgghhhhjjnbbjj','active','2018-04-11 11:04:27','2018-04-11 11:04:27'),(10,2,19,'dsds','ddtest@gmail.com','test','active','2018-04-12 09:08:16','2018-04-12 09:08:16'),(11,2,17,'fd','dsd@fdf.dsd','fdfdfd','active','2018-04-12 10:07:10','2018-04-12 10:07:10'),(12,107,24,'test','test@gmail.com','test','active','2018-04-14 08:21:38','2018-04-14 08:21:38'),(13,107,24,'test','snehal.citrusbug@gmail.com','test','active','2018-04-14 08:21:51','2018-04-14 08:21:51'),(14,2,17,'dsds','ddtest@gmail.com','test','active','2018-04-14 09:42:52','2018-04-14 09:42:52'),(15,2,17,'name','test@gmail.com','gah','active','2018-04-16 09:08:12','2018-04-16 09:08:12'),(16,105,17,'vraj','vraj.citrusbug@gmail.com','test','active','2018-04-17 09:00:49','2018-04-17 09:00:49'),(17,2,17,'dsds','ddtest@gmail.com','test','active','2018-04-17 13:31:43','2018-04-17 13:31:43'),(18,2,17,'dsds','ddtest@gmail.com','test','active','2018-04-18 11:55:48','2018-04-18 11:55:48'),(19,136,17,'vraj','vraj.citrusbug@gmail.com','I like this product.i want to more detail for this','active','2018-04-19 09:46:19','2018-04-19 09:46:19'),(20,142,19,'Raj','raj@gmail.com','I need this one','active','2018-04-26 18:12:04','2018-04-26 18:12:04');

/*Table structure for table `products` */

DROP TABLE IF EXISTS `products`;

CREATE TABLE `products` (
  `id` int(10) unsigned NOT NULL AUTO_INCREMENT,
  `name` varchar(191) COLLATE utf8mb4_unicode_ci NOT NULL,
  `description` varchar(191) COLLATE utf8mb4_unicode_ci NOT NULL,
  `image` varchar(191) COLLATE utf8mb4_unicode_ci DEFAULT NULL,
  `category_id` int(11) NOT NULL,
  `deleted_at` timestamp NULL DEFAULT NULL,
  `created_by` date NOT NULL DEFAULT '2018-02-14',
  `created_at` timestamp NULL DEFAULT NULL,
  `updated_at` timestamp NULL DEFAULT NULL,
  `status` varchar(191) COLLATE utf8mb4_unicode_ci DEFAULT NULL,
  `unique_part_number` varchar(191) COLLATE utf8mb4_unicode_ci DEFAULT NULL,
  `vender_part_number` varchar(191) COLLATE utf8mb4_unicode_ci DEFAULT NULL,
  PRIMARY KEY (`id`)
) ENGINE=InnoDB AUTO_INCREMENT=35 DEFAULT CHARSET=utf8mb4 COLLATE=utf8mb4_unicode_ci;

/*Data for the table `products` */

insert  into `products`(`id`,`name`,`description`,`image`,`category_id`,`deleted_at`,`created_by`,`created_at`,`updated_at`,`status`,`unique_part_number`,`vender_part_number`) values (10,'product1','sdasdasdas','http://52.66.23.63/dev/ritter/public/Products/15197131245a94fb64667e4.jpg',8,'2018-04-03 10:20:18','2018-02-14','2018-02-27 06:32:04','2018-04-03 10:20:18','active',NULL,NULL),(11,'product2','sfdasdfas','http://52.66.23.63/dev/ritter/public/Products/15197132495a94fbe18a055.jpg',10,'2018-04-03 10:20:20','2018-02-14','2018-02-27 06:32:41','2018-04-03 10:20:20','active',NULL,NULL),(12,'Us Pizza','Pizza Description','http://52.66.23.63/dev/ritter/public/Products/15199073705a97f22a413bf.png',13,'2018-04-03 10:20:22','2018-02-14','2018-03-01 12:29:30','2018-04-03 10:20:22','active',NULL,NULL),(13,'testing','testing descripption','http://52.66.23.63/dev/ritter/public/Products/15199090915a97f8e3b740d.html',10,'2018-03-05 07:29:30','2018-02-14','2018-03-01 12:58:11','2018-03-05 07:29:30','active',NULL,NULL),(14,'Happy Holi','It is a long established fact that a reader will be distracted by the readable content of a page when looking at its layout. The point of using Lorem Ipsum is that it has a more-or-less norma','http://52.66.23.63/dev/ritter/public/Products/15199776315a99049f752c8.png',10,'2018-04-03 10:20:24','2018-02-14','2018-03-02 08:00:31','2018-04-03 10:20:24','active',NULL,NULL),(15,'sdsd','dasda','http://52.66.23.63/dev/ritter/public/Products/15202410585a9d09a2658c5.jpg',3,'2018-03-05 09:11:01','2018-02-14','2018-03-05 09:10:58','2018-03-05 09:11:01','active',NULL,NULL),(16,'dsd','sdsd','http://52.66.23.63/dev/ritter/public/Products/15202418715a9d0ccf9b250.jpg',3,'2018-03-05 09:24:35','2018-02-14','2018-03-05 09:23:56','2018-03-05 09:24:35','active',NULL,NULL),(17,'test image','test image','http://52.66.23.63/dev/ritter/public/Products/15236940085ad1b9b8070e0.jpg',10,'2018-05-08 17:48:52','2018-02-14','2018-03-05 13:03:51','2018-05-08 17:48:52','active','o=4232','v-erww'),(18,'App Product','It\'s better','http://52.66.23.63/dev/ritter/public/Products/15214400345aaf5522dc291.jpg',10,'2018-05-08 17:48:49','2018-02-14','2018-03-19 06:13:54','2018-05-08 17:48:49','active','o=4232','v-erw'),(19,'product2','asda','http://52.66.23.63/dev/ritter/public/Products/15227507845ac35540045e4.jpg',3,'2018-05-08 17:48:45','2018-02-14','2018-04-03 10:19:44','2018-05-08 17:48:45','active','o=4232','v-erw'),(20,'Peanuts','Peanuts in a pail','http://52.66.23.63/dev/ritter/public/Products/15230549775ac7f98191a08.jpg',7,'2018-05-08 17:48:43','2018-02-14','2018-04-06 22:49:37','2018-05-08 17:48:43','active','111111','8998'),(21,'Product 1','Lorem Ipsum is simply dummied text of the printing and typesetting industry. Lorem Ipsum has been the industry\'s standard dummy text ever since the 1500s, when an unknown printer took a galle','http://52.66.23.63/dev/ritter/public/Products/15236906955ad1acc79c8bb.jpg',7,'2018-05-08 17:48:41','2018-02-14','2018-04-14 07:24:55','2018-05-08 17:48:41','active','789456','987654'),(22,'Product 2','What is Lorem Ipsum?\r\nLorem Ipsum is simply dummy text of the printing and typesetting industry. Lorem Ipsum has been the industry\'s standard dummy text ever since the 1500s, when an unknown ','http://52.66.23.63/dev/ritter/public/Products/15236907305ad1acea18446.jpg',7,'2018-05-08 17:48:39','2018-02-14','2018-04-14 07:25:30','2018-05-08 17:48:39','active','7989','9874'),(23,'Product 3','What is Lorem Ipsum?\r\nLorem Ipsum is simply dummy text of the printing and typesetting industry. Lorem Ipsum has been the industry\'s standard dummy text ever since the 1500s, when an unknown ','http://52.66.23.63/dev/ritter/public/Products/15236907535ad1ad01cf5bc.jpg',7,'2018-05-08 17:48:36','2018-02-14','2018-04-14 07:25:53','2018-05-08 17:48:36','active','123654','654123'),(24,'Product 4','What is Lorem Ipsum?\r\nLorem Ipsum is simply dummy text of the printing and typesetting industry. Lorem Ipsum has been the industry\'s standard dummy text ever since the 1500s, when an unknown','http://52.66.23.63/dev/ritter/public/Products/15236939045ad1b950b1f96.jpg',8,'2018-04-17 11:39:11','2018-02-14','2018-04-14 07:26:23','2018-04-17 11:39:11','active','123654','654789'),(25,'hetal','dfsd','http://18.188.17.40/ritter/public/Products/15239651325ad5dccc2c976.jpg',3,'2018-04-17 11:43:19','2018-02-14','2018-04-17 11:38:52','2018-04-17 11:43:19','active','dfds','sdfsd'),(26,'dasd','asdasdas','http://18.188.17.40/ritter/public/Products/15239651985ad5dd0e15965.jpg',4,'2018-04-17 11:41:12','2018-02-14','2018-04-17 11:39:58','2018-04-17 11:41:12','active','o=4232','dsadas'),(27,'PizzaS','all type ffod available','http://rittersapp.com/Products/15240567465ad742aa2805f.jpg',7,'2018-05-08 17:48:34','2018-02-14','2018-04-18 13:05:46','2018-05-08 17:48:34','active','12345','67890'),(28,'Construction','DESC is working on a new affordable housing development in the North Rainier neighborhood, located at 1911 22nd Avenue So. Our plans include construction ...','http://rittersapp.com/Products/15293022445b274ce411d40.jpg',20,'2018-06-18 11:11:01','2018-02-14','2018-06-07 12:18:05','2018-06-18 11:11:01','active','R-1234','v-1234'),(29,'KANTHAL FURNACE PRODUCTS AND HEATING MATERIALS','Kanthal is the brand for Sandvik\'s heating technology products, used primarily for generation, measurement and control of heat in industrial furnaces and home appliances.','http://rittersapp.com/Products/15293198995b2791db8a511.jpg',22,NULL,'2018-02-14','2018-06-18 11:04:59','2018-06-18 11:04:59','active','Heat-12345','H-098765'),(30,'Kanthal AB','Kanthal® is a world-leading brand for products and services in the area of industrial heating technology and resistance materials.','http://rittersapp.com/Products/15293202495b279339d1f2c.jpg',22,NULL,'2018-02-14','2018-06-18 11:10:49','2018-06-18 11:10:49','active','KA-12345','KA-09876564321'),(31,'Ink Unit Temperature Control System','As Offset printing machine has a large increase in speed with the technical advantage, temperature of rollers in printing machine trends to become higher. Roller temperature during the press’','http://rittersapp.com/Products/15293204305b2793ee1af9d.jpg',23,NULL,'2018-02-14','2018-06-18 11:13:50','2018-06-18 11:13:50','active','CL-890765','LC-097856'),(32,'Combination Unit','Space-saving in a factory, and reduction of exhaust heat apparatus\r\n\r\nIt is highly efficient equipment with the feeling of unification which dedicated various functions to one cabinet.','http://rittersapp.com/Products/15293205035b2794378100d.jpg',23,NULL,'2018-02-14','2018-06-18 11:15:03','2018-06-18 11:15:03','active','CU-1456789','CU-0987654'),(33,'Pipes & Fittings','Brass is primarily used for supplying hot water, such as water heater applications','http://rittersapp.com/Products/15293208375b2795854394d.jpg',19,NULL,'2018-02-14','2018-06-18 11:20:37','2018-06-18 11:20:37','active','p-12345','p-0986754'),(34,'Pumps','Use pumps to help prevent basement flooding and foundation damage by removing water away from the home.','http://rittersapp.com/Products/15293210715b27966f4d545.jpg',21,NULL,'2018-02-14','2018-06-18 11:24:31','2018-06-18 11:24:31','active','P-0987654','p-123456');

/*Table structure for table `role_user` */

DROP TABLE IF EXISTS `role_user`;

CREATE TABLE `role_user` (
  `role_id` int(10) unsigned NOT NULL,
  `user_id` int(10) unsigned NOT NULL,
  PRIMARY KEY (`role_id`,`user_id`),
  KEY `role_user_user_id_foreign` (`user_id`),
  CONSTRAINT `role_user_role_id_foreign` FOREIGN KEY (`role_id`) REFERENCES `roles` (`id`) ON DELETE CASCADE,
  CONSTRAINT `role_user_user_id_foreign` FOREIGN KEY (`user_id`) REFERENCES `users` (`id`) ON DELETE CASCADE
) ENGINE=InnoDB DEFAULT CHARSET=utf8mb4 COLLATE=utf8mb4_unicode_ci;

/*Data for the table `role_user` */

insert  into `role_user`(`role_id`,`user_id`) values (1,1),(3,2),(3,6),(2,7),(3,9),(3,11),(3,12),(3,13),(2,14),(2,15),(2,16),(2,17),(3,18),(3,19),(2,20),(3,21),(3,22),(3,23),(3,24),(3,25),(3,26),(3,27),(3,28),(3,29),(2,32),(3,33),(3,34),(3,35),(3,36),(3,37),(3,38),(3,39),(3,40),(3,41),(3,42),(3,43),(3,44),(3,45),(3,46),(3,47),(3,48),(3,49),(3,50),(3,51),(3,52),(3,53),(3,54),(2,55),(2,56),(2,57),(3,58),(2,59),(3,60),(3,61),(3,62),(3,63),(3,64),(3,68),(3,69),(3,70),(3,71),(3,72),(3,73),(3,74),(3,75),(3,76),(3,77),(3,79),(3,80),(3,81),(3,82),(3,83),(3,84),(3,85),(3,86),(3,87),(3,88),(3,89),(3,90),(3,91),(3,92),(3,93),(3,94),(3,95),(3,96),(3,97),(3,98),(3,99),(3,100),(3,101),(3,102),(3,103),(3,104),(3,105),(3,106),(3,107),(3,108),(3,109),(3,110),(3,111),(3,112),(3,113),(3,114),(3,115),(3,116),(3,117),(3,118),(3,119),(3,120),(3,121),(3,122),(3,123),(3,124),(3,125),(3,126),(3,127),(3,128),(3,129),(3,130),(3,131),(3,132),(3,133),(3,134),(3,135),(3,136),(2,137),(3,138),(3,139),(3,140),(3,141),(3,142),(3,143),(3,144),(2,145),(3,146),(3,147),(3,148),(3,149),(3,150),(3,151),(3,152),(3,153),(3,154),(3,155),(3,156),(3,157),(3,158),(3,159),(2,160),(3,161),(3,162),(3,163),(3,164),(3,165),(3,166),(3,167),(3,168),(3,169),(3,170);

/*Table structure for table `roles` */

DROP TABLE IF EXISTS `roles`;

CREATE TABLE `roles` (
  `id` int(10) unsigned NOT NULL AUTO_INCREMENT,
  `name` varchar(191) COLLATE utf8mb4_unicode_ci NOT NULL,
  `label` varchar(191) COLLATE utf8mb4_unicode_ci DEFAULT NULL,
  `deleted_at` timestamp NULL DEFAULT NULL,
  `created_at` timestamp NULL DEFAULT NULL,
  `updated_at` timestamp NULL DEFAULT NULL,
  PRIMARY KEY (`id`)
) ENGINE=InnoDB AUTO_INCREMENT=4 DEFAULT CHARSET=utf8mb4 COLLATE=utf8mb4_unicode_ci;

/*Data for the table `roles` */

insert  into `roles`(`id`,`name`,`label`,`deleted_at`,`created_at`,`updated_at`) values (1,'SU','Super User',NULL,'2018-01-23 12:37:02','2018-01-23 12:37:02'),(2,'SA','Sub Admin',NULL,'2018-01-23 12:37:02','2018-01-23 12:37:02'),(3,'EMP','Employee',NULL,'2018-01-23 12:37:02','2018-01-23 12:37:02');

/*Table structure for table `setting` */

DROP TABLE IF EXISTS `setting`;

CREATE TABLE `setting` (
  `id` int(10) unsigned NOT NULL AUTO_INCREMENT,
  `email` varchar(191) COLLATE utf8mb4_unicode_ci DEFAULT NULL,
  `deleted_at` timestamp NULL DEFAULT NULL,
  `created_at` timestamp NULL DEFAULT NULL,
  `updated_at` timestamp NULL DEFAULT NULL,
  PRIMARY KEY (`id`)
) ENGINE=InnoDB DEFAULT CHARSET=utf8mb4 COLLATE=utf8mb4_unicode_ci;

/*Data for the table `setting` */

/*Table structure for table `states` */

DROP TABLE IF EXISTS `states`;

CREATE TABLE `states` (
  `id` int(10) unsigned NOT NULL AUTO_INCREMENT,
  `name` varchar(191) COLLATE utf8mb4_unicode_ci NOT NULL,
  `country_id` int(11) NOT NULL,
  `created_at` timestamp NULL DEFAULT NULL,
  `updated_at` timestamp NULL DEFAULT NULL,
  PRIMARY KEY (`id`)
) ENGINE=InnoDB AUTO_INCREMENT=99 DEFAULT CHARSET=utf8mb4 COLLATE=utf8mb4_unicode_ci;

/*Data for the table `states` */

insert  into `states`(`id`,`name`,`country_id`,`created_at`,`updated_at`) values (1,'Alaska',1,'0000-00-00 00:00:00','0000-00-00 00:00:00'),(2,'Alabama',1,'0000-00-00 00:00:00','0000-00-00 00:00:00'),(3,'Arkansas',1,'0000-00-00 00:00:00','0000-00-00 00:00:00'),(4,'Arizona',1,'0000-00-00 00:00:00','0000-00-00 00:00:00'),(5,'California',1,'0000-00-00 00:00:00','0000-00-00 00:00:00'),(6,'Colorado',1,'0000-00-00 00:00:00','0000-00-00 00:00:00'),(7,'Connecticut',1,'0000-00-00 00:00:00','0000-00-00 00:00:00'),(8,'District of Columbia',1,'0000-00-00 00:00:00','0000-00-00 00:00:00'),(9,'Delaware',1,'0000-00-00 00:00:00','0000-00-00 00:00:00'),(10,'Florida',1,'0000-00-00 00:00:00','0000-00-00 00:00:00'),(11,'Georgia',1,'0000-00-00 00:00:00','0000-00-00 00:00:00'),(12,'Hawaii',1,'0000-00-00 00:00:00','0000-00-00 00:00:00'),(13,'Iowa',1,'0000-00-00 00:00:00','0000-00-00 00:00:00'),(14,'Idaho',1,'0000-00-00 00:00:00','0000-00-00 00:00:00'),(15,'Illinois',1,'0000-00-00 00:00:00','0000-00-00 00:00:00'),(16,'Indiana',1,'0000-00-00 00:00:00','0000-00-00 00:00:00'),(17,'Kansas',1,'0000-00-00 00:00:00','0000-00-00 00:00:00'),(18,'Kentucky',1,'0000-00-00 00:00:00','0000-00-00 00:00:00'),(19,'Louisiana',1,'0000-00-00 00:00:00','0000-00-00 00:00:00'),(20,'Massachusetts',1,'0000-00-00 00:00:00','0000-00-00 00:00:00'),(21,'Maryland',1,'0000-00-00 00:00:00','0000-00-00 00:00:00'),(22,'Maine',1,'0000-00-00 00:00:00','0000-00-00 00:00:00'),(23,'Michigan',1,'0000-00-00 00:00:00','0000-00-00 00:00:00'),(24,'Minnesota',1,'0000-00-00 00:00:00','0000-00-00 00:00:00'),(25,'Missouri',1,'0000-00-00 00:00:00','0000-00-00 00:00:00'),(26,'Mississippi',1,'0000-00-00 00:00:00','0000-00-00 00:00:00'),(27,'Montana',1,'0000-00-00 00:00:00','0000-00-00 00:00:00'),(28,'North Carolina',1,'0000-00-00 00:00:00','0000-00-00 00:00:00'),(29,'North Dakota',1,'0000-00-00 00:00:00','0000-00-00 00:00:00'),(30,'Nebraska',1,'0000-00-00 00:00:00','0000-00-00 00:00:00'),(31,'New Hampshire',1,'0000-00-00 00:00:00','0000-00-00 00:00:00'),(32,'New Jersey',1,'0000-00-00 00:00:00','0000-00-00 00:00:00'),(33,'New Mexico',1,'0000-00-00 00:00:00','0000-00-00 00:00:00'),(34,'Nevada',1,'0000-00-00 00:00:00','0000-00-00 00:00:00'),(35,'New York',1,'0000-00-00 00:00:00','0000-00-00 00:00:00'),(36,'Ohio',1,'0000-00-00 00:00:00','0000-00-00 00:00:00'),(37,'Oklahoma',1,'0000-00-00 00:00:00','0000-00-00 00:00:00'),(38,'Oregon',1,'0000-00-00 00:00:00','0000-00-00 00:00:00'),(39,'Pennsylvania',1,'0000-00-00 00:00:00','0000-00-00 00:00:00'),(40,'Rhode Island',1,'0000-00-00 00:00:00','0000-00-00 00:00:00'),(41,'South Carolina',1,'0000-00-00 00:00:00','0000-00-00 00:00:00'),(42,'South Dakota',1,'0000-00-00 00:00:00','0000-00-00 00:00:00'),(43,'Tennessee',1,'0000-00-00 00:00:00','0000-00-00 00:00:00'),(44,'Texas',1,'0000-00-00 00:00:00','0000-00-00 00:00:00'),(45,'Utah',1,'0000-00-00 00:00:00','0000-00-00 00:00:00'),(46,'Virginia',1,'0000-00-00 00:00:00','0000-00-00 00:00:00'),(47,'Vermont',1,'0000-00-00 00:00:00','0000-00-00 00:00:00'),(48,'Washington',1,'0000-00-00 00:00:00','0000-00-00 00:00:00'),(49,'Wisconsin',1,'0000-00-00 00:00:00','0000-00-00 00:00:00'),(50,'West Virginia',1,'0000-00-00 00:00:00','0000-00-00 00:00:00'),(51,'Wyoming',1,'0000-00-00 00:00:00','0000-00-00 00:00:00'),(52,'Alberta',2,'2018-04-03 16:51:12',NULL),(53,'British Columbia',2,'2018-04-03 16:51:12',NULL),(54,'Manitoba',2,'2018-04-03 16:51:12',NULL),(55,'New Brunswick',2,'2018-04-03 16:51:12',NULL),(56,'Newfoundland and Labrador',2,'2018-04-03 16:51:12',NULL),(57,'Nova Scotia',2,'2018-04-03 16:51:12',NULL),(58,'Northwest Territories',2,'2018-04-03 16:51:12',NULL),(59,'Nunavut',2,'2018-04-03 16:51:12',NULL),(60,'Ontario',2,'2018-04-03 16:51:12',NULL),(61,'Prince Edward Island',2,'2018-04-03 16:51:12',NULL),(62,'Quebec',2,'2018-04-03 16:51:12',NULL),(63,'Saskatachewan',2,'2018-04-03 16:51:12',NULL),(64,'Yukon',2,'2018-04-03 16:51:12',NULL),(65,'Aguascalientes',3,'2018-04-03 17:07:25',NULL),(66,'Baja California',3,'2018-04-03 17:07:25',NULL),(67,'Baja California Sur',3,'2018-04-03 17:07:25',NULL),(68,'Campeche',3,'2018-04-03 17:07:25',NULL),(69,'Chiapas',3,'2018-04-03 17:07:25',NULL),(70,'Chihuahua',3,'2018-04-03 17:07:25',NULL),(71,'Coahuila',3,'2018-04-03 17:07:25',NULL),(72,'Colima',3,'2018-04-03 17:07:25',NULL),(73,'Distrito Federal',3,'2018-04-03 17:07:25',NULL),(74,'Durango',3,'2018-04-03 17:07:25',NULL),(75,'Quebec',3,'2018-04-03 17:07:25',NULL),(76,'Guanajuato',3,'2018-04-03 17:07:25',NULL),(77,'Guerrero',3,'2018-04-03 17:07:25',NULL),(78,'Hidalgo',3,'2018-04-03 17:07:25',NULL),(79,'Jalisco',3,'2018-04-03 17:07:25',NULL),(80,'México',3,'2018-04-03 17:07:25',NULL),(81,'Michoacán',3,'2018-04-03 17:07:25',NULL),(82,'Morelos',3,'2018-04-03 17:07:25',NULL),(83,'Nayarit',3,'2018-04-03 17:07:25',NULL),(84,'Nuevo León',3,'2018-04-03 17:07:25',NULL),(85,'Oaxaca',3,'2018-04-03 17:07:25',NULL),(86,'Puebla',3,'2018-04-03 17:07:25',NULL),(87,'Querétaro',3,'2018-04-03 17:07:25',NULL),(88,'Quintana Roo',3,'2018-04-03 17:07:25',NULL),(89,'San Luis Potosí',3,'2018-04-03 17:07:25',NULL),(90,'Sinaloa',3,'2018-04-03 17:07:25',NULL),(91,'Sonora',3,'2018-04-03 17:07:25',NULL),(92,'Tabasco',3,'2018-04-03 17:07:25',NULL),(93,'Tamaulipas',3,'2018-04-03 17:07:25',NULL),(94,'Tlaxcala',3,'2018-04-03 17:07:25',NULL),(95,'Veracruz',3,'2018-04-03 17:07:25',NULL),(96,'Yucatán',3,'2018-04-03 17:07:25',NULL),(97,'Zacatecas',3,'2018-04-03 17:07:25',NULL),(98,'Mexican Federal District',3,'2018-04-03 17:18:55',NULL);

/*Table structure for table `taskfolder` */

DROP TABLE IF EXISTS `taskfolder`;

CREATE TABLE `taskfolder` (
  `id` int(10) unsigned NOT NULL AUTO_INCREMENT,
  `job_id` int(11) DEFAULT NULL,
  `folder_name` varchar(191) COLLATE utf8mb4_unicode_ci NOT NULL,
  `status` varchar(191) COLLATE utf8mb4_unicode_ci DEFAULT 'active',
  `created_by` int(11) DEFAULT NULL,
  `folder_img` varchar(191) COLLATE utf8mb4_unicode_ci DEFAULT NULL,
  `user_type` varchar(191) COLLATE utf8mb4_unicode_ci DEFAULT NULL,
  `employee_id` int(11) DEFAULT NULL,
  `sortno` int(11) DEFAULT NULL,
  `created_at` timestamp NULL DEFAULT NULL,
  `updated_at` timestamp NULL DEFAULT NULL,
  PRIMARY KEY (`id`)
) ENGINE=InnoDB AUTO_INCREMENT=41 DEFAULT CHARSET=utf8mb4 COLLATE=utf8mb4_unicode_ci;

/*Data for the table `taskfolder` */

insert  into `taskfolder`(`id`,`job_id`,`folder_name`,`status`,`created_by`,`folder_img`,`user_type`,`employee_id`,`sortno`,`created_at`,`updated_at`) values (1,86,'Heating','active',1,'','admin',1,2,'2018-04-11 11:12:10','2018-04-11 11:12:10'),(2,86,'Cooling','active',2,'','admin',1,3,'2018-04-11 11:12:27','2018-04-11 11:12:27'),(3,86,'Plumbing','active',3,'','admin',1,4,'2018-04-11 11:16:14','2018-04-11 11:16:14'),(4,86,'Other','active',4,'','admin',1,5,'2018-04-11 11:16:57','2018-04-11 11:16:57'),(5,86,'Electrical','active',5,'','admin',1,1,'2018-04-11 11:17:27','2018-04-11 11:17:27'),(6,85,'Cooling','active',6,'','admin',1,3,'2018-04-11 11:20:03','2018-04-11 11:20:03'),(7,85,'Plumbing','active',7,'','admin',1,4,'2018-04-11 11:20:59','2018-04-11 11:20:59'),(8,85,'Other','active',8,'','admin',1,5,'2018-04-11 11:21:41','2018-04-11 11:21:41'),(9,85,'Heating','active',9,'','admin',1,2,'2018-04-11 11:23:22','2018-04-11 11:23:22'),(10,85,'Electrical','active',10,'','admin',1,1,'2018-04-11 11:25:47','2018-04-11 11:25:47'),(11,84,'Heating','active',11,'','admin',1,2,'2018-04-11 11:26:32','2018-04-11 11:26:32'),(12,53,'Heating','active',12,'','admin',1,2,'2018-04-11 12:09:03','2018-04-11 12:09:03'),(13,53,'Cooling','active',13,'','admin',1,3,'2018-04-11 12:09:06','2018-04-11 12:09:06'),(14,101,'Heating','active',14,'','admin',1,2,'2018-04-11 13:08:34','2018-04-11 13:08:34'),(15,101,'Cooling','active',15,'','admin',1,3,'2018-04-11 13:08:40','2018-04-11 13:08:40'),(16,111,'Electrical','active',16,'','admin',1,1,'2018-04-12 11:59:38','2018-04-12 11:59:38'),(17,111,'Cooling','active',17,'','admin',1,3,'2018-04-12 12:24:32','2018-04-12 12:24:32'),(18,111,'Plumbing','active',18,'','admin',1,4,'2018-04-12 12:28:47','2018-04-12 12:28:47'),(19,111,'Other','active',19,'','admin',1,5,'2018-04-12 12:30:19','2018-04-12 12:30:19'),(20,112,'Electrical','active',20,'','admin',1,1,'2018-04-17 11:37:49','2018-04-17 11:37:49'),(21,114,'Heating','active',21,'','admin',1,2,'2018-04-18 13:11:15','2018-04-18 13:11:15'),(22,114,'Other','active',22,'','admin',1,5,'2018-04-18 13:11:48','2018-04-18 13:11:48'),(23,114,'Plumbing','active',23,'','admin',1,4,'2018-04-18 13:22:45','2018-04-18 13:22:45'),(24,114,'Cooling','active',24,'','admin',1,3,'2018-04-18 13:23:31','2018-04-18 13:23:31'),(25,114,'Electrical','active',25,'','admin',1,1,'2018-04-19 06:42:36','2018-04-19 06:42:36'),(26,113,'Heating','active',26,'','admin',1,2,'2018-04-19 06:43:30','2018-04-19 06:43:30'),(27,113,'Cooling','active',27,'','admin',1,3,'2018-04-19 06:43:36','2018-04-19 06:43:36'),(28,113,'Other','active',28,'','admin',1,5,'2018-04-19 07:39:46','2018-04-19 07:39:46'),(29,45,'Cooling','active',29,'','admin',55,3,'2018-05-04 15:23:35','2018-05-04 15:23:35'),(30,45,'Heating','active',30,'','admin',55,2,'2018-05-04 15:24:16','2018-05-04 15:24:16'),(31,115,'Plumbing','active',31,'','admin',55,4,'2018-05-15 17:22:36','2018-05-15 17:22:36'),(32,118,'Electrical','active',32,'','admin',1,1,'2018-06-07 12:07:33','2018-06-07 12:07:33'),(33,119,'Heating','active',33,'','admin',1,2,'2018-06-11 16:56:08','2018-06-11 16:56:08'),(34,120,'Heating','active',34,'','admin',1,2,'2018-06-11 17:17:36','2018-06-11 17:17:36'),(35,136,'Plumbing','active',35,'','admin',1,4,'2018-06-18 11:34:19','2018-06-18 11:34:19'),(36,136,'Cooling','active',36,'','admin',1,3,'2018-06-18 11:43:12','2018-06-18 11:43:12'),(37,135,'Heating','active',37,'','admin',1,2,'2018-06-18 11:45:53','2018-06-18 11:45:53'),(38,132,'Cooling','active',38,'','admin',1,3,'2018-06-18 11:47:52','2018-06-18 11:47:52'),(39,128,'Electrical','active',39,'','admin',1,1,'2018-06-18 11:48:38','2018-06-18 11:48:38'),(40,117,'Other','active',40,'','admin',1,5,'2018-06-18 11:49:52','2018-06-18 11:49:52');

/*Table structure for table `users` */

DROP TABLE IF EXISTS `users`;

CREATE TABLE `users` (
  `id` int(10) unsigned NOT NULL AUTO_INCREMENT,
  `name` varchar(191) COLLATE utf8mb4_unicode_ci NOT NULL,
  `email` varchar(191) COLLATE utf8mb4_unicode_ci NOT NULL,
  `password` varchar(191) COLLATE utf8mb4_unicode_ci NOT NULL,
  `status` varchar(191) COLLATE utf8mb4_unicode_ci DEFAULT 'active',
  `language` varchar(10) COLLATE utf8mb4_unicode_ci DEFAULT 'en',
  `deleted_at` timestamp NULL DEFAULT NULL,
  `created_by` int(11) NOT NULL,
  `updated_by` int(11) NOT NULL,
  `remember_token` varchar(100) COLLATE utf8mb4_unicode_ci DEFAULT NULL,
  `created_at` timestamp NULL DEFAULT NULL,
  `updated_at` timestamp NULL DEFAULT NULL,
  `device_token` varchar(191) COLLATE utf8mb4_unicode_ci DEFAULT NULL,
  `device_type` varchar(191) COLLATE utf8mb4_unicode_ci DEFAULT NULL,
  `api_token` varchar(191) COLLATE utf8mb4_unicode_ci DEFAULT NULL,
  `notes` longtext COLLATE utf8mb4_unicode_ci,
  PRIMARY KEY (`id`),
  UNIQUE KEY `users_email_unique` (`email`)
) ENGINE=InnoDB AUTO_INCREMENT=171 DEFAULT CHARSET=utf8mb4 COLLATE=utf8mb4_unicode_ci;

/*Data for the table `users` */

insert  into `users`(`id`,`name`,`email`,`password`,`status`,`language`,`deleted_at`,`created_by`,`updated_by`,`remember_token`,`created_at`,`updated_at`,`device_token`,`device_type`,`api_token`,`notes`) values (1,'Wikitus','back18@embarqmail.com','$2y$10$APXeZ8Hly3Usc.bFv9LSbeQ0dCw.T8lqEUNytYuNw3TsOX/U1rdYi','active','en',NULL,0,1,'Dcz7Poaxf4YSpRlXYwsjoKbLytaKvJCPMEm2tUoV2yUWcaIYo6zixGdDzbPL','2018-01-23 12:37:02','2018-04-18 12:24:27','1234568','iphone','03823d89b096b0e639873ae961b54f2c',NULL),(2,'hetal','hetal.citrusabug@gmail.com','$2y$10$9aeXMcd2VwNTqHMxOKMRqeSkoIPPaIq.J0iGjSEZt.0Vbimsvx3TK','active','en','2018-05-08 17:43:45',1,0,'eVdMiKPDmxyVqrYDJxWdWR9shnndpUJ3yvLz5yQVZUJh2BcEBXhjhax2JXvD','2018-01-23 12:37:12','2018-05-08 17:43:45',NULL,'iphone','',NULL),(3,'qw','hetas.citrusbug@gmail.com','','active','en',NULL,1,1,NULL,'2018-01-23 12:39:14','2018-01-24 06:10:51',NULL,NULL,NULL,NULL),(4,'hetal','hetasstrusbug@gmail.com','','active','en',NULL,1,1,NULL,'2018-01-23 12:39:25','2018-01-30 12:32:16',NULL,NULL,NULL,NULL),(6,'sadhana','sadhana.citrusbug@gmail.com','','inactive','en','2018-02-14 06:32:44',1,1,NULL,'2018-01-30 11:33:05','2018-02-14 06:32:44',NULL,NULL,NULL,NULL),(7,'asda','hesdsusbug@gmail.com','$2y$10$m5BCtqOF7Fz3q6Kk//NVJe92i2wpZIEd1VjbOsGll9U2.qnFAy8wK','active','en','2018-04-03 14:33:12',1,0,'0BPC2MlHqFzdsHLTvtEdsPMPwNuFWUQfyxn9m3q1hRbKcjwMFYUh4ByneKrE','2018-02-07 04:57:56','2018-04-03 14:33:12','1234568','iphone','fdea2ce0424867beca177d34e677a255',NULL),(8,'test date','susbug@gmail.com','$2y$10$n9e.FtcYHQl7R7Ua1s/hte0whj5llKBpc2fH6i7BNHsg64QvtBQn.','active','en',NULL,1,1,NULL,'2018-02-07 06:04:01','2018-02-07 06:04:01',NULL,NULL,NULL,NULL),(9,'test date','sd@mail.com','$2y$10$eVXoPwgYgaB74ucm1o7fiugRLbvd1RZXc.l6R6HlnzHgbeVdv3Sl2','inactive','en','2018-04-03 14:37:52',1,1,NULL,'2018-02-07 06:04:43','2018-04-03 14:37:52',NULL,NULL,NULL,NULL),(10,'test date','hssug@gmail.com','$2y$10$YHU3BqjovH3XiJc3WzV44uEZ6bpGGLr2TeZ1j7/./A9r6WdgNLcbe','active','en',NULL,1,1,NULL,'2018-02-07 06:07:24','2018-02-07 06:07:24',NULL,NULL,NULL,NULL),(11,'test date','cusbug@gmail.com','$2y$10$wfBzbkmJQSh8D.IDKeFJjeksm.NzKDAQ1IAzWQCgNcFEy/kt1/8Yy','active','en','2018-02-16 13:26:16',1,1,NULL,'2018-02-07 06:10:07','2018-02-16 13:26:16',NULL,NULL,NULL,NULL),(12,'test date','hetsug@gmail.com','$2y$10$k052DbNPw4PPgAI4lybsPeGu5xc06jzJBnYEbPi2QnRgfhWF/lara','active','en','2018-02-16 13:26:13',1,1,NULL,'2018-02-07 06:10:23','2018-02-16 13:26:13',NULL,NULL,NULL,NULL),(13,'ashvini','ashvini.citrusbug@gmail.com','$2y$10$k052DbNPw4PPgAI4lybsPeGu5xc06jzJBnYEbPi2QnRgfhWF/lara','active','en','2018-04-03 14:37:48',1,0,'BKPPnL5xEvA2pldBucc0FPpMmBHtN5urGJu61nQCAwQtJZHK8yqKXuLxk3Jp','2018-02-07 06:11:16','2018-04-03 14:37:48','12345678','iphone','7c5ec9cea4da06da775889b92b707ad4',NULL),(14,'jignesh','jignesh.citrusbug@gmail.com','$2y$10$e.pv0Hg.ijSwXl15vcHcPeCNw2UM6e3w6okH8zFiSDr/PGG5QAdwq','active','en','2018-02-14 06:34:34',1,1,NULL,'2018-02-07 06:17:13','2018-02-14 06:34:34',NULL,NULL,NULL,NULL),(15,'asdad','sdsl.citrusbug@gmail.com','$2y$10$3NEQcrl/eAs3jLYljKWky.XiQ1NuqZjkv9Nf/m701.KXP1WRy5xiG','active','en','2018-04-03 14:33:16',1,1,NULL,'2018-02-07 06:19:35','2018-04-03 14:33:16',NULL,NULL,NULL,NULL),(16,'df','fdfitrusbug@gmail.com','$2y$10$m5BCtqOF7Fz3q6Kk//NVJe92i2wpZIEd1VjbOsGll9U2.qnFAy8wK','active','en','2018-04-03 14:32:56',1,0,NULL,'2018-02-07 06:20:55','2018-04-03 14:32:56','1234568','iphone','',NULL),(17,'test','testug@gmail.com','$2y$10$m5BCtqOF7Fz3q6Kk//NVJe92i2wpZIEd1VjbOsGll9U2.qnFAy8wK','active','en','2018-04-03 14:32:42',1,17,'AmYOQk92yww2LlNsuQIfjZ6tsJyVUYVMngG54NGnAXIg5uQj2cGl1hDP0KAV','2018-02-07 06:22:04','2018-04-03 14:32:42',NULL,NULL,NULL,NULL),(18,'chetan','chetan@gmail.com','$2y$10$LiH5hUDI0frRc.AhTIxoxeXa6g8Qt./to57vTe85kNpVhpMjOO.Wi','active','en','2018-04-03 14:37:45',0,0,NULL,'2018-02-12 06:21:07','2018-04-03 14:37:45','1234568','iphone','dac72b85a89721b3347287b75c037e86',NULL),(19,'test','d@gmail.com','$2y$10$.7b8MTUHuozvZ5f.G6DaOes41bEs4nOTuilyMKxUK.Oy8F2muokmm','active','en','2018-04-03 14:37:41',1,0,NULL,'2018-02-15 06:00:21','2018-04-03 14:37:41','1234568','iphone','b67d3f036295dd5409124ed82eb69c46',NULL),(20,'sds','sd@gmail.com','$2y$10$EcnduZ51GSlwtaOB2lpIEuvpjKPOYEACoI490mwZxxIyJQe8xzIVq','inactive','en','2018-02-15 06:07:32',1,1,NULL,'2018-02-15 06:07:07','2018-02-15 06:07:32',NULL,NULL,NULL,NULL),(21,'Raj','raj@gmail.com','$2y$10$hyqDP63HmiFkxNKkJIJH7OZPsfiliVDeWraxkjNL2of7sdJQd6pHu','active','en','2018-04-03 14:37:37',0,0,NULL,'2018-02-20 19:23:15','2018-04-03 14:37:37',NULL,NULL,NULL,NULL),(22,'Raj','govind@gmail.com','$2y$10$8rsIWWwr3Ard7zuzMgsZ5u.KazHmZt.Em8sCdhQ/TvsErNcwgzIo2','active','en','2018-04-03 14:37:34',0,0,NULL,'2018-02-21 18:00:00','2018-04-03 14:37:34','1234568','iphone','73a55ead6a9d59a8a69d918658138690',NULL),(23,'Raj','a@gmail.com','$2y$10$qz7uA/bjrwUoZDCO1i/nUuK3EjkZD905a85pOTYv0kKvpwqKlkPFu','active','en','2018-04-03 14:37:30',0,0,NULL,'2018-02-21 18:05:08','2018-04-03 14:37:30',NULL,NULL,NULL,NULL),(24,'Raj','c@gmail.com','$2y$10$fPxmH5VuzyCIU5KrTcAMauPRXWVu5LxH1ETQzSaKjwMXym9O53m7G','active','en','2018-02-23 07:29:12',0,0,NULL,'2018-02-21 18:08:20','2018-02-23 07:29:12',NULL,NULL,NULL,NULL),(25,'Raj','ios@gmail.com','$2y$10$8rB5dBD2xkR.4ADvRoMkpuP2eJtTXtL7W4tAm5hVu6MC/StVYCVTi','active','en','2018-04-03 14:37:28',0,0,NULL,'2018-02-21 18:14:13','2018-04-03 14:37:28',NULL,NULL,NULL,NULL),(26,'Raj','mohan@gmail.com','$2y$10$i6N7KKZluC9H1mT0vPlgEeIW0ro.LBCohIeSRKWcJOqs3vFSqjL9i','active','en','2018-04-03 14:37:23',0,0,NULL,'2018-02-21 18:21:12','2018-04-03 14:37:23',NULL,NULL,NULL,NULL),(27,'n','n@gmail.com','$2y$10$SR0Ne3f9BaqVABtrfH92k.HtC5ZURsmuUjE95/t2q2fQT1cJTHulS','active','en','2018-02-23 07:29:02',0,0,NULL,'2018-02-21 18:38:09','2018-02-23 07:29:02',NULL,NULL,NULL,NULL),(28,'Govind','rakholiya@gmail.com','$2y$10$6rl5qWCASmhWlB8QnBB1M.aubZrgKGN9dE4vGmw1Q/XQlzLcsXY/O','active','en','2018-04-03 14:37:20',0,0,NULL,'2018-02-22 17:29:10','2018-04-03 14:37:20',NULL,NULL,NULL,NULL),(29,'Govind Rakholiya...','rakholiyagovind@gmail.com','$2y$10$QPF9a1ThSEWdRBpFxLT4suLYTmAL/dI9hta8EhSnk8fRHLAtB0rOG','inactive','en','2018-04-03 14:37:16',0,32,NULL,'2018-02-22 17:30:31','2018-04-03 14:37:16',NULL,'ipad','',NULL),(32,'Vrajesh','vraj.citrusbug@gmail.com','$2y$10$GR17QHTz/7jVC2mZQxXGM.BvaJpULHo/YdkoFLf2V/A04e.wyXOwa','active','en','2018-04-03 14:32:32',1,0,'kp3Gc7d3CRbqf85aKFeXquJqc9MfbQvlPOUbBHI1lgr8OaJ8qoXEVvbinCWK','2018-02-23 07:06:17','2018-04-03 14:32:32',NULL,'iphone','',NULL),(33,'jitendra zalas','tester16071993@gmail.com','$2y$10$syVDIxtITmAc1KyVc1ECT.NYFW7adgollKZSz9EAXlqYJo775FkKO','active','en','2018-04-03 14:37:12',32,0,NULL,'2018-02-23 07:26:44','2018-04-03 14:37:12',NULL,'iphone','',NULL),(34,'we','kishan.citrusbug@gmail.com','$2y$10$m5BCtqOF7Fz3q6Kk//NVJe92i2wpZIEd1VjbOsGll9U2.qnFAy8wK','active','en','2018-04-03 14:37:08',32,0,'OTIzAdSJ13BF0OtIfgTtqnNrqI4xsy7VwUkxmM08Pg5a0UI2LBznph5ToM02','2018-02-23 07:29:40','2018-04-03 14:37:08','1234568','iphone','36c5caf9fe7c064354b4f9a585b7e4c4',NULL),(35,'Hasmat','hasmat.citrusbug@gmail.com','$2y$10$m5BCtqOF7Fz3q6Kk//NVJe92i2wpZIEd1VjbOsGll9U2.qnFAy8wK','active','en','2018-04-03 14:37:04',32,32,NULL,'2018-02-23 07:30:02','2018-04-03 14:37:04',NULL,NULL,NULL,NULL),(36,'bapu','chetan.c@gmail.com','$2y$10$nb5A5ppZkEV5K5O5uJ26I.Hpgd3kURH0Y/zBeT8PhvWcS2gGEP75K','active','en','2018-04-03 14:37:01',0,0,NULL,'2018-02-23 11:38:42','2018-04-03 14:37:01','1234568','android','7049141166162a42caadd7e935b9fc90',NULL),(37,'chetan','vraj.citrusbug123@gmail.com','$2y$10$83/FW5lQo.PyP/iN1..wXuOrnTP1uIIW.f00Aw61WqakT6HwA5W1.','active','en','2018-04-03 14:36:58',0,0,NULL,'2018-02-23 11:49:25','2018-04-03 14:36:58',NULL,NULL,NULL,NULL),(38,'','vrajptlqa@gmail.com','$2y$10$SfiJI9fI1wpb83vjx6ztKO2cjiNKFLF8lxpzmElQ0knP6750kON7G','active','en','2018-02-25 12:30:13',0,0,NULL,'2018-02-23 11:51:52','2018-02-25 12:30:13','12345678','iphone','',NULL),(39,'vrajesh','vrajtester1607@gmail.com','$2y$10$q2Winshlm6z4Aiug28LJI.1dOcaoiVh9BZ02Qo/o3LrD6HGNcPdaC','active','en','2018-04-03 14:36:51',0,0,NULL,'2018-02-23 12:12:51','2018-04-03 14:36:51','12345678',NULL,'66cfae194d80a6baefd3eafea9dc1016',NULL),(40,'bout','bitu@gmail.com','$2y$10$M4fTPsLqcyw3TdHcnTi4XuJlfCFurOvoEbMTygiCuTUSRFDgH.3xG','active','en','2018-04-03 14:36:48',0,0,NULL,'2018-02-23 17:22:39','2018-04-03 14:36:48',NULL,'ipad','8b168d3e6f99f09719d88a2988c6d6f6',NULL),(41,'chirag','chirag@gmail.com','$2y$10$PmUloB9bkdZ6ahzQTF6MQ.N1O736RzcUox2ixm.AkCJ8/gtBlVdFW','active','en','2018-04-03 14:36:44',0,0,NULL,'2018-02-25 09:38:54','2018-04-03 14:36:44',NULL,'ipad','b4f281b4a961ac9ad7e357ade508c97d',NULL),(42,'Dinesh','dinesh@gmail.com','$2y$10$vPnPYPGa/OpiBwPxNL8uaOAAN.4kze5JfSc9gDFEkFui8d0z.h4Vq','active','en','2018-04-03 14:36:40',0,0,NULL,'2018-02-25 11:29:57','2018-04-03 14:36:40',NULL,NULL,NULL,NULL),(43,'Vraj Software Tester','vrajtester160793@gmail.com','$2y$10$5xMoso6/mNOz6u2NsE0T/ezujm/weOdxtE0Y.laksJgI363X2KlgC','active','en','2018-04-03 14:36:37',0,0,NULL,'2018-02-26 05:28:55','2018-04-03 14:36:37','1234568','iphone','5369f4b61b7b00a4a0844dce8484ca5f',NULL),(44,'Vraj Software Tester','cxhirag@gmail.com','$2y$10$m5BCtqOF7Fz3q6Kk//NVJe92i2wpZIEd1VjbOsGll9U2.qnFAy8wK','active','en','2018-04-03 14:36:33',0,44,'CVWpZ9el8el8sAj9MOcqzPRUTMtFlqOX3OZIDNu2TkmbNDmEn3K6msI8JiXa','2018-02-26 12:05:47','2018-04-03 14:36:33','1234568','iphone','b1feec4ce6f624fc6f8765590153d074',NULL),(45,'Test Employee','testemployee@gmail.com','$2y$10$Ma47fYIySDkMIWvSkPVyb.OHMjY.APcmMr3I86eRvokmLtvL2ajG6','active','en','2018-02-27 10:29:29',44,44,NULL,'2018-02-26 12:10:48','2018-02-27 10:29:29',NULL,NULL,NULL,NULL),(46,'Test Employee 2','testemployee2@gmail.com','$2y$10$Q2nLufcI50D4yXl.JSB.cOobEa0GH.2Z.erZcwfY.a4sF0sHsce5i','active','en','2018-02-27 10:29:24',44,44,NULL,'2018-02-26 12:11:59','2018-02-27 10:29:24',NULL,NULL,NULL,NULL),(47,'','ravi@gmail.com','$2y$10$kEDSulyZPXb4rvnDA8sFv.vGMsKi1.695IkcoWHD9om/xnhzOcs/W','active','en','2018-04-03 14:36:30',0,0,NULL,'2018-02-26 18:38:28','2018-04-03 14:36:30',NULL,'ipad','',NULL),(48,'Marmik Php','marmikphpdev@gmail.com','$2y$10$9tMYLzB.ve5UgUjAXlGk3.vBGh60n2BTmNUPfbGpDcV2rdpaUfJAO','active','en','2018-04-03 14:36:26',44,0,NULL,'2018-02-27 10:43:04','2018-04-03 14:36:26','1234568','iphone','f87d7aa615d3c82c356b1b149eff0e86',NULL),(49,'Jitendra Android','jitendraandroiddev@gmail.com','$2y$10$8p99.kSEh9SP2ipg7ehsyO75Jari9ZAAk3LImHaVMbWWXBtLgi54.','active','en','2018-04-03 14:36:23',44,44,NULL,'2018-02-27 10:43:56','2018-04-03 14:36:23',NULL,NULL,NULL,NULL),(50,'Varun Tester','varuntesting@gmail.com','$2y$10$H74hAS8DXj5.AQgaSwsEzezWGDhoT9PvXpcGpbx0bRFaM97Afdl6K','active','en','2018-04-03 14:36:18',44,44,NULL,'2018-02-27 10:45:23','2018-04-03 14:36:18',NULL,NULL,NULL,NULL),(51,'Darshan Ios','darshanios@gmail.com','$2y$10$U4rjLIZ2bhUQ2iRHoNjTh.ijad3gsOIU4xOElUQkkizqo4/YaA9ny','active','en','2018-04-03 14:36:06',44,0,NULL,'2018-02-27 10:46:21','2018-04-03 14:36:06','1234568','iphone','f9db19f8a91c7409d0ff84daa3978906',NULL),(52,'Vikas Aapi','vikasapi@gmail.com','$2y$10$.o22YjkqnbdDHiNoYWZi0unLYOicpkdpV9SzQYkprI8mkXogN6MPK','active','en','2018-04-03 14:36:02',44,0,NULL,'2018-02-27 10:47:16','2018-04-03 14:36:02','1234568','iphone','d300aa4ead1583dfef721c26b90e1731',NULL),(53,'Harsh Designer','harshdesigner@gmail.com','$2y$10$iKR9MifYFduwEyHQ1yTQTuQjpK/LTknXfl2t2J41jZBMh4BMKVwUm','active','en','2018-04-03 14:35:59',44,44,NULL,'2018-02-27 10:50:26','2018-04-03 14:35:59',NULL,NULL,NULL,NULL),(54,'Malkesh','themalkesh@gmail.com','$2y$10$En3WFsCW3Nb8CPYR1cUkeO1IjhRLP2O6cENnGRlT17WOY0QSP35F.','active','en','2018-04-03 14:35:55',1,0,NULL,'2018-02-27 13:08:06','2018-04-03 14:35:55',NULL,'ipad','0c5dc170d52572efd3c2dc630f85ab84',NULL),(55,'Jane Corner','jane.conner@redtrianglemarketing.com','$2y$10$OWsfH5jOhn7p2Zpr8kuDHuqnnsxpYRSn.qzkfGQOjrwcCzUCkRyn2','active','en',NULL,1,55,'VHGShiy26454q2sUy4tRZWsEKN34nNKJxU85PZWiR3jBOmMtirTSR3lse6sQ','2018-02-28 01:39:23','2018-04-04 23:04:13',NULL,'iphone','',NULL),(56,'vraj tester','vrajtester16071993@gmail.com','$2y$10$2JKD3HUElJQ1UX2iKzw6I.zePjfiyusOJr0sKevop2Ovb4W5x0qDC','active','en','2018-04-03 14:33:19',1,56,'qRYeW575Db1uUFFeGyqOZ6Cc6UoYrzt41KsbjBRGNERFF9qftzifwyFcZQGr','2018-02-28 13:19:30','2018-04-03 14:33:19','1234568','iphone','ca23abc87791d4718efbfb9394e97569',NULL),(57,'vrajptlqa','vrajtester19931607@yahoo.com','$2y$10$Jz.9QP.9f09k0l3jOFAEJurTmK6Hp04xf2SRCm3zeqgje162St03S','active','en','2018-04-03 14:32:23',1,57,'VvK1EovypKo4vQVMrslS2ZUGvm7G4okX2WF7aw8ZhxUK90w5rcEcudAsYRtQ','2018-02-28 13:23:33','2018-04-03 14:32:23','1234568','iphone','4d4c02dcabf1f63b01cfa8ce86bf48c7',NULL),(58,'Chiraggg','chiru@gmail.com','$2y$10$GZBR71L4BEi3Nu8LxvAIT.55Ii4PrmjiQ763v90YHd04LGoPnwVpW','active','en','2018-04-03 14:35:50',0,0,NULL,'2018-02-28 19:28:38','2018-04-03 14:35:50',NULL,NULL,NULL,NULL),(59,'Ritter Office','office@ritterservices.com','$2y$10$TT3qB0xPB6p33gSq1MbNoepz9rdtOXk0IYyAAv4s4YiPayvg9EXn6','inactive','en',NULL,55,0,'x6tzjOJ4wyFtuAjbevDo4LXxcEceMINiHfwbyc943fNMSCiujMoeECmOGIJP','2018-03-09 16:18:10','2018-05-15 22:14:36',NULL,'ipad','ee5b31e6cbf9be010268d726d3820bcd',NULL),(60,'GABE RITTER','BACK18@EMBARQMAIL.COM1','$2y$10$vWlAQKBRW0ELfDupFleJdOVfoUDqgTSbgfK0vJNnHy7hnwEcdEyhK','active','en','2018-05-08 17:44:03',59,59,NULL,'2018-03-09 20:19:08','2018-05-08 17:44:03',NULL,NULL,NULL,NULL),(61,'cram','Vraj.tester@gmail.com','$2y$10$GiVIwPRyM39X9tIu4z1zLOkkFwq5rHux6Axa066DJx7Hgcy9Ymksq','active','en','2018-04-03 14:35:42',0,0,NULL,'2018-03-19 05:44:48','2018-04-03 14:35:42',NULL,NULL,NULL,NULL),(62,'vraj tesret','jitendra12.citrusbug@gmail.com','$2y$10$1eq.ibny6Wf0npeSWsTab.pvQeaSRg87V8GDWc/V9R5DTzEZcjhb2','inactive','en','2018-04-03 14:35:39',32,1,NULL,'2018-03-19 07:15:13','2018-04-03 14:35:39',NULL,'ipad','',NULL),(63,'vraj','vraj2005.vp@gmail.com','$2y$10$k052DbNPw4PPgAI4lybsPeGu5xc06jzJBnYEbPi2QnRgfhWF/lara','active','en','2018-04-03 14:35:35',0,63,'C4TJj6ysLWvxdNk8F9VQd9XErPHhR2nsV02rEE7qg51TauxDcUSX1n1S5tmj','2018-03-21 07:30:44','2018-04-03 14:35:35',NULL,'ipad','',NULL),(64,'Jignesh','Jignesh.citrusbug@gmaiil.com','$2y$10$ilnDznrLO.SPA/EyiIGHB.NzuWQvRGquxQwPIVcqsY/Vr2cJdxwaq','active','en','2018-04-03 14:35:30',0,0,NULL,'2018-03-21 07:39:43','2018-04-03 14:35:30',NULL,NULL,NULL,NULL),(68,'chetan','chetan.citrusbug@gmail.com','$2y$10$RIZzJifZdaxNl5qJOJn8wOZ78N.T1tiSOoy/TAa/DidzMtqpFK1qq','active','en','2018-05-07 20:21:32',0,0,NULL,'2018-03-22 10:18:18','2018-04-03 14:35:27',NULL,'ipad','48fd13342573117d558bde6a6cf73b0c',NULL),(69,'vrajshgy','vrajtester19931607@gmail.com','$2y$10$7tTCMi7pFkFcMAt1CqsTZe4IfyHRTqAbCN8SnV6opt/qnqzjjBbZC','active','en','2018-04-03 14:35:23',0,0,'1uoJ3IWIGCs6UF1ocqfawl56wFk7kf0K3BuFQh5d8Jk3y1xpqQUyiD4pR1D7','2018-03-26 06:11:21','2018-04-03 14:35:23',NULL,'iphone','56a1af0999e9e52bb6dd1d074bffcdd8',NULL),(70,'chetan','jitendra.citrusbug@gmail.com','$2y$10$r.NvOEMAz.b/mdD.JCmNL.eJRCnkQBh/BBBdEBADAU4WEeaB0zbey','active','en','2018-04-03 14:35:19',0,0,NULL,'2018-03-27 12:09:47','2018-04-03 14:35:19',NULL,NULL,NULL,NULL),(71,'Chuck','chuckritterehcp@gmail.com','$2y$10$AYUnp3f2fb/UYZ6yUPxeTehYSH9yatNEAqs47oHsKBzyMpHgFtEqK','active','en',NULL,55,55,NULL,'2018-03-27 14:16:13','2018-03-27 14:16:13',NULL,NULL,NULL,NULL),(72,'kl kl','karishma@citrusbug.com','$2y$10$OHSH4iLwETA/G0aLT7OYEO4rJ8GHX.4QEFHvo4CcakjFDcErBjNWW','active','en','2018-04-03 14:35:11',0,0,NULL,'2018-03-28 06:01:34','2018-04-03 14:35:11',NULL,'iphone','',NULL),(73,'Ishan','ishan.vyas@citrusbug.com','$2y$10$THOyqEDnYLKW9TZmYGST2ei2CZ0iLZRy/EREeQAkcrvpuyL/kQtfC','active','en','2018-05-08 17:43:51',1,73,'idB5DfQBNUA7xwSAnostsOkSJhZWx1y5jxQ4aFBqKKrzFa10UBUT5wT45Svs','2018-03-28 13:41:22','2018-05-08 17:43:51',NULL,NULL,NULL,NULL),(74,'Abcd','ash@gmail.com','$2y$10$0yGjCWG1awkq/v4n32F6v.ke/UOX/mcJcy7V7EFrmOh9Qg83WqKNy','active','en','2018-04-03 14:34:57',0,0,NULL,'2018-03-29 13:36:11','2018-04-03 14:34:57','12345678','iphone','5b428038752b3476c7d9d0fe876d93f2',NULL),(75,'Govind Rakholiya','govind123@gmail.com','$2y$10$qKMP1udjsNJHKBZjql5Dy.Nmz9TtsVo/70NRl3WJUCsrC1PEtabEe','active','en','2018-04-03 14:34:54',1,0,NULL,'2018-03-29 18:18:36','2018-04-03 14:34:54',NULL,'iphone','',NULL),(76,'vraj','tester19931607@gmail.com','$2y$10$WZBVJQ0TwitBVZq6NEdyu.8swAaRXMOqKjGsGSf97ZEBcfbDbfYOS','active','en','2018-04-03 14:34:50',0,0,NULL,'2018-03-30 07:47:44','2018-04-03 14:34:50',NULL,'iphone','',NULL),(77,'smily','smily123@gmail.com','$2y$10$Uw3.pbhiL2VoVLXUpd/1au1EuhVBgEAe8DQC2TWYmA0qq6jeVQ25S','active','en','2018-04-03 14:34:48',0,0,NULL,'2018-04-02 05:32:16','2018-04-03 14:34:48',NULL,'iphone','c3a272bef4b2b37ea30e086c71727943',NULL),(79,'snehal','snehal@gmail.com','$2y$10$4SD7b3N0/7hpZoLDNMyL0OW/0Lwtrh8zLVIuC.Sf8GuPIcwym9MPy','active','en','2018-04-03 14:34:41',0,0,NULL,'2018-04-02 12:17:00','2018-04-03 14:34:41',NULL,NULL,NULL,NULL),(80,'admin','admin@gmail.com','$2y$10$R.VLx8e1oXgefnYP59xUeuTT60w4OKDnl/6B6kp4kSnEUJdR9bRju','active','en','2018-04-03 14:34:38',0,0,NULL,'2018-04-02 12:19:44','2018-04-03 14:34:38',NULL,NULL,'7431ed5e364381c8fa715e4188d65e74',NULL),(81,'test','test@gmail.com','$2y$10$eu.jw9UBn/UIybl03cKyUObwpzFz4CgKHiIny40Dy3Krf1fI/rpve','active','en','2018-04-03 14:34:34',0,0,NULL,'2018-04-02 12:43:24','2018-04-03 14:34:34',NULL,NULL,'0317e789b3eecc04ae7a942ea42e96ab',NULL),(82,'Ben Anderson','benritterehcp@gmail.com','$2y$10$h5Q5BT45KnCPt7B/YIGGleQm.9vxBC1wGcTRvzvLGSTC4VlRK01zW','active','en',NULL,55,55,NULL,'2018-04-03 14:39:30','2018-04-03 14:39:30',NULL,NULL,NULL,NULL),(83,'Brad Rhodessss','bradritterehcp@gmail.com','$2y$10$JDxqtOnyc6x0/Bi1jbQjhOa8QXGoJdcqZk3LtZN9mEDtJbrLs8oAG','active','en',NULL,55,1,NULL,'2018-04-03 14:40:22','2018-04-18 12:45:54',NULL,NULL,NULL,NULL),(84,'Chandler Ritter','chandlerritterehcp@gmail.com','$2y$10$4jcO5SBIRKkuFZdpw3bLtOggoAEd51Os4n1DtPFclxNgGWR6gMp5G','active','en','2018-04-18 12:45:44',55,55,NULL,'2018-04-03 14:40:56','2018-04-18 12:45:44',NULL,NULL,NULL,NULL),(85,'Chase Ritter','chaseritterehcp@gmail.com','$2y$10$MeU/0W6M1kth8XIuk1d30eAs5U7f0sgsDsPh3V2np4zbzwwluDfp2','active','en','2018-04-18 12:45:39',55,55,NULL,'2018-04-03 14:41:45','2018-04-18 12:45:39',NULL,NULL,NULL,NULL),(86,'Drew Anderson','drewritterehcp@gmail.com','$2y$10$XDooeLG0bXl6DT99O14k9..33bfrocWrPz6BZnUR3v8WWI2cLCDmO','active','en',NULL,55,55,NULL,'2018-04-03 14:42:32','2018-04-03 14:42:32',NULL,NULL,NULL,NULL),(87,'Eric Baxter','ericritterehcp@gmail.com','$2y$10$i9XfLVE.mjgPYEVAG1AKQ.3ZlqVBtMHk3RQWwvmPo.r6X6vnZPSNG','active','en',NULL,55,55,NULL,'2018-04-03 14:43:04','2018-04-03 14:43:04',NULL,NULL,NULL,NULL),(88,'John Helton','johnritterehcp@gmail.com','$2y$10$wmecKzIajOtSZ/6i.P9.q.f4QXowRdUVVC4xTbMQnsYOFwc7Aomvi','active','en',NULL,55,55,NULL,'2018-04-03 14:44:38','2018-04-03 14:44:38',NULL,NULL,NULL,NULL),(89,'Josh Michael','joshritterehcp@gmail.com','$2y$10$IRlybkkrWKeMwHnGt6clJ.cUCC32eG8PWHa6U7F.cs3.Y2BNjP47e','active','en',NULL,55,55,NULL,'2018-04-03 14:45:26','2018-04-03 14:45:26',NULL,NULL,NULL,NULL),(90,'Kristene Pruitt','kpruitt@ritterservices.com','$2y$10$jaJ0BbNQqoOpGAuMljkK9OHrHqxW55SLoW4zPlvrFiIb/ituB3x9S','active','en',NULL,55,55,NULL,'2018-04-03 14:46:27','2018-04-03 14:46:27',NULL,NULL,NULL,NULL),(91,'Matt Vankirk','mattritterehcp@gmail.com','$2y$10$H8076Iy/DMaBDx6hVPI1OuS0E65NT6HKFZdtAO.hNdDzR/nru3//S','active','en',NULL,55,55,NULL,'2018-04-03 14:47:11','2018-04-03 14:47:11',NULL,NULL,NULL,NULL),(92,'Stephen Meyers','stephenritterehcp@gmail.com','$2y$10$/vnsazDi9BL91C/PYQPUwONJl95mhhbdR01NvA21cUZ0zhiSXsSDy','active','en',NULL,55,55,NULL,'2018-04-03 14:48:08','2018-04-03 14:48:08',NULL,NULL,NULL,NULL),(93,'Steve Winkelman','steveritterehcp@gmail.com','$2y$10$2RY.RIfZCWVnmGTwnekN4OYKYqN5JqVD9MJobTjyhwLGRh2dULCiW','active','en',NULL,55,55,NULL,'2018-04-03 14:48:51','2018-04-03 14:48:51',NULL,NULL,NULL,NULL),(94,'Tanner Hobbs','tannerritterehcp@gmail.com','$2y$10$.q13S6Q/5qU3bqpXN0ilMu2KNVSxhMFOVqpbai/8diHsZ62tL89qm','active','en',NULL,55,55,NULL,'2018-04-03 14:49:23','2018-04-03 14:49:23',NULL,NULL,NULL,NULL),(95,'Cheryl Ringler','drback40@yahoo.com','$2y$10$SZ4.J3nWrCMZL7ui/tglMODsev.DU/EBskSdfZeDat8N7/T.EmFFq','active','en',NULL,55,55,NULL,'2018-04-03 14:54:27','2018-04-03 14:54:27',NULL,NULL,NULL,NULL),(96,'Dave Kuhn','daveritterecph@gmail.com','$2y$10$D0kkhMuwYcZthcKege72fuxkPonGMyzX70HWRrfC7Fq4sucJNoLHm','active','en',NULL,55,55,NULL,'2018-04-03 14:55:22','2018-04-03 14:55:22',NULL,NULL,NULL,NULL),(97,'john','test1@gmail.com','$2y$10$.zsBu9kgcvOOqlrM/Ol3he0P29SPs6Bkhe.NoDfVvqAJCoUx0ulVy','active','en','2018-05-08 17:43:26',0,0,NULL,'2018-04-04 12:46:15','2018-05-08 17:43:26',NULL,NULL,'2b6811868375d429e28a8de2cd91309c',NULL),(98,'Jason Test','js@redtrianglemarketing.com','$2y$10$/j.Row5XK33cPA1E6c14Ue77b0T4TCfBPGmsgwFm0cuc8SnFxRbd2','active','en','2018-05-08 17:44:22',55,0,NULL,'2018-04-05 01:28:04','2018-05-08 17:44:22',NULL,'iphone','a2a5b62d303bb2c4b07868a161cf2876',NULL),(99,'snehal','snehal1.citrusbug@gmail.com','$2y$10$M2ahyJTs7olcxiaB1nCVDeHxmPcTOsyjEPjW4oPg.jTTunoCks6vy','active','en','2018-05-08 17:43:21',0,0,NULL,'2018-04-05 06:00:40','2018-05-08 17:43:21',NULL,NULL,'611fda29059f1801d71b04fd506d09f4',NULL),(100,'as','add@gmail.com','$2y$10$7TNBn23RYgn2bxwtI/YiGObfiKP0D1m2XLX4ovgPdKTWF3AXQGyPm','active','en','2018-05-08 17:43:17',0,0,NULL,'2018-04-05 06:07:54','2018-05-08 17:43:17',NULL,NULL,NULL,NULL),(101,'chetan','jitendra.citrusbulio@gmail.com','$2y$10$ZbyWehFbMpahW6ReuslSre1kKRe38VR9decPMc7W.ZEA6Z9hFvDYW','active','en','2018-05-08 17:43:14',0,0,NULL,'2018-04-05 12:45:49','2018-05-08 17:43:14',NULL,NULL,NULL,NULL),(102,'chetan','chetan.c5555@gmail.com','$2y$10$LIbY8j3s5B8A1W/ZdVQzBuhvmeYZbW1bchiMNsm8tEyhlm7XsLqAO','active','en','2018-05-08 17:43:12',0,0,NULL,'2018-04-05 13:41:00','2018-05-08 17:43:12','1234568','iphone','0b2fbfeaf990e6db6abb99b0565609d0',NULL),(103,'Govind Rakholiya','govindyo@gmail.com','$2y$10$By4MW9nqpCgUkZKEvDwM8uQGZU2zG7UW1ZBLTZgqGXyjhz/UOCScu','active','en','2018-05-08 17:43:10',0,0,NULL,'2018-04-05 18:19:52','2018-05-08 17:43:10',NULL,'iphone','7bf4da652b7f9a8b5c05ce4d57fd4b99',NULL),(104,'chetan','chetan.cw@gmail.com','$2y$10$bgulPFu0n27U5uko2UbwI.yUuiWPl.z3LiWRVlxTnp6iXS4kEPEsW','active','en','2018-05-08 17:43:07',0,0,NULL,'2018-04-06 13:43:34','2018-05-08 17:43:07',NULL,NULL,NULL,NULL),(105,'Ritter Tests','vrajptl1607@gmail.com','$2y$10$3d.NWk.n1yqb6oNgfKsCj.17PVlfnj44CfDRszpCUfhQxLaFaveBC','active','en','2018-05-08 17:43:05',1,0,'hPRCwQqyuyRwJsyoOFX7s8RsE8fLCvVRKrUAOnuC2xZv6SS1ejZwBiTT8EqQ','2018-04-09 07:09:40','2018-05-08 17:43:05',NULL,'iphone','4871df1a2909d774638405844699668a','Test noites'),(106,'Test Ritters','vrajptl16071993@gmail.com','$2y$10$TU6B9Nkn4lBj7lsYIpxiZeCXsZMNBQpoV/vPdBcKySzskw2mARz5y','active','en','2018-05-08 17:43:02',1,0,'LttFhWoAoWW8aEQMLbvn2xRwLABt1eZtXSJn5QoMzKtwBysgqE6EU9exdxvk','2018-04-09 07:11:11','2018-05-08 17:43:02',NULL,'iphone','','Test Notres'),(107,'Sneh Gohel','snehal.citrusbug@gmail.com','$2y$10$df1/bHO27/vhWRkpmHl8sOAkgzpxpZPpgsDu7Q0M8AMJEZ5R085Tm','active','en','2018-05-08 17:42:58',0,0,NULL,'2018-04-10 09:25:12','2018-05-08 17:42:58',NULL,NULL,'',NULL),(108,'Raj','rajujuju@gmail.com','$2y$10$m193qihd1peRyXufdF08U.Boopws.SROVVBbwQW6geuBfL5mjZF9S','active','en','2018-05-08 17:42:55',0,0,NULL,'2018-04-10 18:15:08','2018-05-08 17:42:55',NULL,NULL,NULL,NULL),(109,'chetan','chetan.uyutw@gmail.com','$2y$10$uQpka9wC5y.sv7zEc1UqFuUoB9oFoku5BLa4wacvKt8q2zY6fZWvK','active','en','2018-05-08 17:42:52',0,0,NULL,'2018-04-11 04:59:11','2018-05-08 17:42:52',NULL,NULL,NULL,NULL),(110,'Tvanesh','.vrajtester1607@yahoo.com','$2y$10$2ZSTUPrRo.Sd4Ej3ZK47fOWPicabBWGGOrTJ83k1VJQ4/5HTDI/Pq','active','en','2018-05-08 17:42:50',1,1,NULL,'2018-04-12 07:47:26','2018-05-08 17:42:50',NULL,NULL,NULL,'All Rounder in all technology'),(111,'chetan','chetan.c5w@gmail.com','$2y$10$hcuSvEajYieToJ1P4IP1pOPpr6ILWD9DPQ7FTFZafQvvc/t.DT3g.','active','en','2018-05-08 17:42:47',0,0,NULL,'2018-04-13 09:56:26','2018-05-08 17:42:47',NULL,NULL,NULL,NULL),(112,'test','test123@gmail.com','$2y$10$faXvRIlj0jMQfsin4Poo2OBFVWY./dPsOzudcUris2BWfa8vcjQki','active','en','2018-05-08 17:42:45',0,0,NULL,'2018-04-13 11:49:55','2018-05-08 17:42:45',NULL,NULL,NULL,NULL),(113,'test','test12@gmail.com','$2y$10$wBa51tVQW5zjRPEcVrglJuCgvUnq1PjO3DcM37VDtLW7oJ00Lu1NW','active','en','2018-05-08 17:42:42',0,0,NULL,'2018-04-13 11:51:00','2018-05-08 17:42:42',NULL,NULL,NULL,NULL),(114,'test','test1224545@gmail.com','$2y$10$g0MXeiQFnnzxJsp1Wno4t.SZTE8akvKJF./29esGY94kkPuHr9NKG','active','en','2018-05-08 17:42:40',0,0,NULL,'2018-04-13 11:51:37','2018-05-08 17:42:40',NULL,NULL,NULL,NULL),(115,'test','test8977@gmail.com','$2y$10$miI534NsEeG4NRIxud14dOoY2Kcw1yIxTuwrEUTjWVzN8wdjxIkb6','active','en','2018-05-08 17:42:38',0,0,NULL,'2018-04-13 11:53:56','2018-05-08 17:42:38',NULL,NULL,NULL,NULL),(116,'test','122@gmail.com','$2y$10$8HGcue6mTHlCbGcwU/9zVu/hTHfPKJ3MUswUNGvwZJ6Kojr3f45KW','active','en','2018-05-08 17:42:35',0,0,NULL,'2018-04-13 11:59:33','2018-05-08 17:42:35',NULL,NULL,NULL,NULL),(117,'ghsaf','12334@gmail.com','$2y$10$xuQtjcqPMnxROPOaazNOp.Emch1fgdw8vl7Zp8uPPYAI8nUqUH3zy','active','en','2018-05-08 17:42:33',0,0,NULL,'2018-04-13 12:00:03','2018-05-08 17:42:33',NULL,NULL,NULL,NULL),(118,'sdaasd','asdasdsad@gmail.com','$2y$10$ePSLdvis/bPD2/6K9ioW5.VAyLs/8smzEeRV9J2Yv4jQZXd6zf3gW','active','en','2018-05-08 17:42:30',0,0,NULL,'2018-04-13 12:02:11','2018-05-08 17:42:30',NULL,NULL,NULL,NULL),(119,'chetan','chetand.cw@gmail.com','$2y$10$buXg/6xEwMReoo3QIPjMtuaZatZDRCUog2Veyrxv0Cmyjbai.7QAW','active','en','2018-05-08 17:42:28',0,0,NULL,'2018-04-14 05:26:44','2018-05-08 17:42:28',NULL,NULL,NULL,NULL),(120,'chetan','chetand.dcw@gmail.com','$2y$10$G2ScKMha.chKCzQh0uYl5.1XaRW5dE3vBq5NPpyWV1zDQZ1o3knnm','active','en','2018-05-08 17:42:10',0,120,'Sv6evG5YiRHoX9HXnkOAB2fnMrED5plvnOauwAjHtrzBkvF1jhSuk9Cbz5mW','2018-04-14 05:28:20','2018-05-08 17:42:10',NULL,NULL,NULL,NULL),(121,'chetan','chetand.dc856w@gmail.com','$2y$10$u/3rFQCiv10xJFYeiBl5wumeBB2eGqC8eiJHRObS1PZGAideqPIwK','active','en','2018-05-08 17:42:02',0,0,NULL,'2018-04-14 09:10:32','2018-05-08 17:42:02',NULL,NULL,NULL,NULL),(122,'chetan','chetand.d896cw@gmail.com','$2y$10$SI1nQstytHV/vWWDvwacpuANYpPxN7ERK8ohLSl/CYBS6ies6xSR6','active','en','2018-05-08 17:41:59',0,0,NULL,'2018-04-14 10:05:28','2018-05-08 17:41:59',NULL,NULL,NULL,NULL),(123,'Chirag','chiggy@gmail.com','$2y$10$kaLBqCkU9mebSD4SvnP3C.h7n4qbJzM9KMB3dCNXjeuKd0Y1cTyG.','active','en','2018-05-08 17:41:57',0,0,NULL,'2018-04-15 06:41:08','2018-05-08 17:41:57',NULL,NULL,NULL,NULL),(124,'chetan','chetand.d55cw@gmail.com','$2y$10$0yOEdVJktBJWUNfSTDCkg.um2/gyg1Kxv6SLGqT/NTw8QXciAkB8G','active','en','2018-05-08 17:41:54',0,0,NULL,'2018-04-16 13:06:41','2018-05-08 17:41:54',NULL,NULL,NULL,NULL),(125,'chetan','chetand.d55556565cw@gmail.com','$2y$10$nw9WnO9qMOA/0ylOOc6S0OndkkR7z56Jk.mAUeWEjLQIviw1idINu','active','en','2018-05-08 17:41:52',0,0,NULL,'2018-04-16 13:06:59','2018-05-08 17:41:52',NULL,NULL,NULL,NULL),(126,'harsh','bhavin.citrusbug@gmail.com','$2y$10$qEWi8/cZOaQ8snLiG6iAO.bS6i7khue0nD.Gtvy3a8yoFbKWAD/Ei','active','en','2018-05-08 17:41:49',0,0,NULL,'2018-04-16 13:08:02','2018-05-08 17:41:49',NULL,'iphone','',NULL),(127,'Ram','ram123@gmail.com','$2y$10$671595tMouahMWt8yQ6kHuPhfXN34hFxErFN.nVf9SjLQN6RmCmMe','active','en','2018-05-08 17:41:46',0,0,NULL,'2018-04-16 20:19:46','2018-05-08 17:41:46',NULL,NULL,NULL,NULL),(128,'chetan','chetand.dcsssw@gmail.com','$2y$10$IFiPUFE9sCXx80zB9zc.OOTsHkTNXQNz9BiQBUBYvHqGubEX1eOge','active','en','2018-05-08 17:41:43',0,0,NULL,'2018-04-17 09:39:54','2018-05-08 17:41:43',NULL,NULL,NULL,NULL),(129,'sadhana','sadhana.citrusbug@gmail.comrrrrrr','$2y$10$JwYA4WmaDI1UJj0QnetH/.1ECX1wY96d.pe88Z33w5Zbh/GU7kgsG','active','en','2018-05-08 17:41:41',0,0,NULL,'2018-04-17 09:40:14','2018-05-08 17:41:41',NULL,NULL,NULL,NULL),(130,'van','vraj.citrusbug@gmail.com1','$2y$10$bTYSwLYBed.uiuKHjzI7w.Qrr5v/OIKzoYC6cBAVXCRY99ueuZwGK','active','en','2018-05-08 17:41:38',0,0,NULL,'2018-04-17 09:41:23','2018-05-08 17:41:38',NULL,NULL,NULL,NULL),(131,'hkhj','rwjkjhe@gmail.com','$2y$10$t1dusqOxZk6UJwlTuzAxR.jHFuUggxpjH7dx.6nZ27S.JZDGhccBO','active','en','2018-04-17 11:36:44',1,1,NULL,'2018-04-17 11:36:35','2018-04-17 11:36:44',NULL,NULL,NULL,'hjgy'),(132,'vrajptl','vrajptl121212@gmail.com','$2y$10$L6UrXgvD4wIKK9y5lJV3EO428tUw6pXJdpob4D8V9dJbjxsFVs/pi','active','en','2018-05-08 17:41:35',0,0,NULL,'2018-04-18 10:05:46','2018-05-08 17:41:35','1234568','iphone','e6f213f9ffcbc920a2f01af8442c5320',NULL),(133,'chetan','chetanddgddg@gmail.com','$2y$10$EYoNCHW4mz7mSkqv17Ghk.CBBpKXt3T0lXtr9O6yGkdtEvKymwgEe','active','en','2018-05-08 17:41:33',0,0,NULL,'2018-04-18 11:42:06','2018-05-08 17:41:33',NULL,NULL,NULL,NULL),(134,'chetan','dg@gmail.com','$2y$10$/ocOdl1bgRlFFPk6J48sa.rWtAH1v/uGlS6p6NX76OrfcGnCyibha','inactive','en','2018-05-08 17:41:17',0,1,NULL,'2018-04-18 11:42:25','2018-05-08 17:41:17',NULL,NULL,NULL,NULL),(135,'chetan','dgo@gmail.com','$2y$10$FyRxA3nEZhS1zci0kbbcZ.TF/sgOVzBp23HSaB9bOJabC9qBHw3RS','inactive','en','2018-05-08 17:41:11',0,1,NULL,'2018-04-18 11:42:55','2018-05-08 17:41:11',NULL,NULL,NULL,NULL),(136,'vrajeshsh','vrajptl12122012@gmail.com','$2y$10$OBUJ9XuEDKxzsl5j10msnuQz1K/UTRJDIqobRhIy67lJ63MCAkAaO','active','en','2018-05-08 17:41:09',0,136,'kBmtkg4grxQIhQVrVBEcjKN2yRRN1elHFdMRPqTzfzh5uKRHkfXJuuuLB3ok','2018-04-18 12:02:53','2018-05-08 17:41:09',NULL,'iphone','d8825fc61e596f3fc7eccc847fb7f7f6',NULL),(137,'Vrajesh Patels','vrajptl160793@gmail.com','$2y$10$oojbFM.rgkUsim95c7xIWeQ8cBtTQWuaEt4p.ywvfkvUrD7C5Lp5q','active','en','2018-05-08 17:50:29',1,1,NULL,'2018-04-18 12:37:30','2018-05-08 17:50:29',NULL,NULL,NULL,NULL),(138,'Marmik patels','vraj20051993.vp@gmail.com','$2y$10$0ULV3ejjX1Ykzk0o2kEvS.plBvwsZe58Sdvwcj5DvZjaxC1PvTJ5e','active','en','2018-05-08 17:41:06',1,138,'Z0DFlsO486KHJGQmKHNlKMP0NjLMoRdGu9qIPpfV25Fgu0VAwGhdh01bhn9c','2018-04-18 12:48:45','2018-05-08 17:41:06',NULL,NULL,NULL,NULL),(139,'Kapil','kapilsharma@gmail.com','$2y$10$tF/.3szXjYN1YlKlQ.CtS..Q6PCjqqM4QE56EcjcurcFNL3CaI55C','active','en','2018-05-08 17:41:03',0,0,NULL,'2018-04-18 19:13:59','2018-05-08 17:41:03',NULL,NULL,NULL,NULL),(140,'chetan','jitendra@gmail.com','$2y$10$ms/TxiW2ua.AhbAkx/a8XO7x/s0qTY1xHnsPryVcwgFj5PU4AXFES','active','en','2018-05-08 17:41:01',0,0,NULL,'2018-04-24 13:45:48','2018-05-08 17:41:01','1234568','iphone','6002438f66ab542c32364395e101fd2c',NULL),(141,'Mehul','vrajtester1607@yahoo.com','$2y$10$Fl5B6DRrjh3Xjk1VUMotOuaILODExItVzeu0l.y.8DtfHzXE5CdOa','active','en','2018-05-08 17:40:58',1,141,'ynI5ALID6bor4Nr5mbTHvwtFou7dwcYUarz5eIHqRPzLSJ7ZaZwhMn5MmkP5','2018-04-26 13:28:00','2018-05-08 17:40:58',NULL,NULL,NULL,'Nootes'),(142,'new','newuser@gmail.com','$2y$10$p9gsrzvdPJ/Qun4H/.rumOYoHvWPwirhdXR7BRcs3uoOcI2.feNjG','active','en','2018-05-08 17:40:55',0,0,NULL,'2018-04-26 18:06:30','2018-05-08 17:40:55',NULL,'iphone','',NULL),(143,'Govind','patel@gmail.com','$2y$10$uLcsW/PmUJwXlrghjcUIMeMUiXj/UyNr76DUdek9AdicbslUjylA.','active','en','2018-05-08 17:40:51',0,0,NULL,'2018-04-26 18:14:25','2018-05-08 17:40:51',NULL,'iphone','',NULL),(144,'chetan','chetand.citrusbug@gmail.com','$2y$10$DmqrS5IsVBZbVZt7/wnzQOVFXkmAufBgLGg9bvYGTtdPvkljnrL26','active','en','2018-05-08 17:40:47',0,0,NULL,'2018-05-07 14:29:28','2018-05-08 17:40:47',NULL,NULL,NULL,NULL),(145,'Test','vrajeshptl1607@gmail.com','$2y$10$kR8kbpiH1DL2hFzVzXsLtueqr4hhPm/3bkxNu8Cuyk3tXEGGsmevq','active','en','2018-05-08 07:02:38',1,0,'tq9OEXtyeW8WGI1x102zLwxnPX0GZFMPfhgdaKkkYV0pMJjbSz5FXVwLB1nP','2018-05-08 06:58:33','2018-05-08 07:02:38',NULL,NULL,NULL,NULL),(146,'Test','karishma.lalani100@gmail.com','$2y$10$A0i9wS/F.qrm1.3sIgvFr.tVF7FeTHE2naCnc29blhKSQDCfb2AJ.','active','en','2018-05-08 07:13:13',1,0,'LoUx93MGs2wappvIxqRMZBIiAESY1qfvPCErhGfC1wlYyBIxRBz2dvaU1Spw','2018-05-08 07:06:19','2018-05-08 07:13:13',NULL,'iphone','12783ae101e55e41060dcc0ed7f8e089','test'),(147,'chetan','riri@gmail.com','$2y$10$vUKczvqlxZ/RGJaBNUj5mOJ9KoSOg8zPEO16EEOaJIkDo2IX5Rg2S','active','en','2018-05-15 15:04:54',0,0,NULL,'2018-05-15 04:29:35','2018-05-15 15:04:54',NULL,NULL,NULL,NULL),(148,'vrajesh','vraj121212@gmail.com','$2y$10$W7EQ8UBu4du3cnUc8/9D4OF7iCNTgA3v84jdrfO4KAGd40fl1kUuW','active','en','2018-05-15 15:04:48',0,0,NULL,'2018-05-15 06:40:07','2018-05-15 15:04:48','1234568','iphone','3071672c19cb3dac9423e2ac59490969',NULL),(149,'vrajesh','vraj12122012@gmail.com','$2y$10$x9imooMV0nxFYnppfpSCpuM6Knqo3z3eD0vfLvtcdrCb6Pl9SBUbi','active','en','2018-05-15 15:04:43',0,0,'W5cKcFaO0jxEvU9NSZKcDU4OnZHEUtRdlYH9GhgoJiWfxqadKFG2YdTH9crd','2018-05-15 06:41:31','2018-05-15 15:04:43',NULL,'iphone','',NULL),(150,'v','qatest1607@gmail.com','$2y$10$utaJbhAiFSho0naxoUAKiObMpcz7bdKstR9Eo/imS75h1Fcp3ZMFO','active','en','2018-05-15 15:04:50',0,0,NULL,'2018-05-15 07:16:14','2018-05-15 15:04:50',NULL,'iphone','',NULL),(151,'Jason  Sucec','jason.sucec@gmail.com','$2y$10$DctZxdHPyAgWPKx6xtI8weVdQhePUmnPYxjv2b4o3NoIn0GZztwru','active','en','2018-05-15 23:28:37',55,0,NULL,'2018-05-15 15:06:27','2018-05-15 23:28:37',NULL,'iphone','df54c09c6743d6691a99e6a9173d8c81',NULL),(152,'Ishan','info@citrusbug.com','$2y$10$jOSAi145Ez3e4NftKKrRR.KTZXHXrbjKvAv8677wlpqpPnh5rX2Ja','active','en','2018-05-15 23:28:35',1,0,NULL,'2018-05-15 15:13:38','2018-05-15 23:28:35',NULL,'iphone','599396230138fcf6baab189cff8bd547','This is ishan'),(153,'Vrajesh P','vrajtester16071993@yahoo.com','$2y$10$rbrDdowFVGpm.mqM3yLZ1e479CN7DiQPdEWUroVvRJGZdY617QZxy','active','en',NULL,1,153,'PMc63KuVtAO7FrFZPpgnnCASAF9lbFzIWmH7vml7IddDb7NIlIlLEqVZNRrr','2018-05-16 04:28:54','2018-05-16 05:57:38',NULL,'iphone','','Employee notes'),(154,'sadhana','sadhana12.citrusbug@gmail.com','$2y$10$zl3HA6lp/wIIrv3jDBID0.ezJ5VuJPuveh.WM9gmFU.0L.JU4JRES','active','en',NULL,0,0,NULL,'2018-05-16 04:50:57','2018-05-16 04:51:38',NULL,'iphone','',NULL),(155,'chetanprajapati','riritest@gmail.com','$2y$10$2IFu8bPW7xkhjZ0ZArOciuPxmjuTuJ1SfUNXArIC6PRKs.rYu1Hcu','active','en',NULL,0,0,NULL,'2018-05-16 05:11:22','2018-06-14 05:58:00',NULL,'iphone','f0dc8122e1c711164582eca8ca305d47',NULL),(156,'chetan','riritest4@gmail.com','$2y$10$9lqpn7ZtFJiKVf.dxtp8z.GOkuKcsxy4S1u6ahR2LMNjItJ/Y0HGu','inactive','en',NULL,0,0,NULL,'2018-05-16 05:22:14','2018-05-16 05:22:14',NULL,NULL,NULL,NULL),(157,'chetan','ririte45st4@gmail.com','$2y$10$scM0E0PROlX57iEVDEQsP.MQJ5Z9nTvqzLSQC5O4H/cUxAZJrU/TO','inactive','en',NULL,0,0,NULL,'2018-05-16 05:30:38','2018-05-16 05:30:38',NULL,NULL,NULL,NULL),(158,'vrajesh','v12@gmail.com','$2y$10$2BIlYu4wltvLCLEHJbjXreYy36M1lGnxbxZBSLDWkRfN.lrydLSh6','active','en',NULL,0,0,NULL,'2018-05-16 05:40:53','2018-06-07 06:43:44','1234568','iphone','0fb426c44133680d38d85323fe1f95ff',NULL),(159,'chetan','rir454545645st4@gmail.com','$2y$10$APXeZ8Hly3Usc.bFv9LSbeQ0dCw.T8lqEUNytYuNw3TsOX/U1rdYi','inactive','en',NULL,0,0,NULL,'2018-05-16 13:39:54','2018-05-16 13:39:54',NULL,NULL,NULL,NULL),(160,'Gabe Ritter','gabelritter@gmail.com','$2y$10$.6PkHUIAlo4q2MBsXzDO3uSfsENitnyWLH9UOAvRrybBdBkbrdBsK','active','en',NULL,55,160,'05MhkEq0oTga2BYFftNfEIKVrr72O9obrMzQCJQpZeBxw93Wi76gUZepmMrb','2018-05-16 14:30:59','2018-06-25 05:35:55',NULL,NULL,NULL,NULL),(161,'rah','raja@gmail.com','$2y$10$qAZvz.rtbS1P/4gUES00ouPsITxad29LWkireimmpZHW8/V1gmQpG','inactive','en',NULL,0,0,NULL,'2018-05-16 17:22:59','2018-05-16 17:22:59',NULL,NULL,NULL,NULL),(162,'chetan','chetand.d234cw@gmail.com','$2y$10$rnhBleei2566xn5tPQkwteZcTRt2t5JsV5SZBlF8z.2aliX7F7qxS','active','en',NULL,0,0,NULL,'2018-05-19 02:48:31','2018-05-19 02:48:31',NULL,NULL,NULL,NULL),(163,'test','testing@gmail.com','$2y$10$AH3d84yDKi3Itbr7QurN6.PJcHudTwKBL8InZ04jDctq2fTrDAme2','active','en',NULL,0,0,NULL,'2018-05-19 11:35:22','2018-05-19 11:35:34',NULL,'iphone','7c7bd9043e63a8cfd634d5d5b24febef',NULL),(164,'Vrajesh patel','vrajptlqa12@gmail.com','$2y$10$nOuw7jvFtCBjaJRJpao8CeSsEyhjqtSOfFomlXB2CqGBwBBkJwjBu','active','en',NULL,0,0,NULL,'2018-06-07 06:16:34','2018-06-12 06:21:04',NULL,'iphone','',NULL),(165,'chetan','i@gmail.com','$2y$10$OFoP5jZa5xUNFvwQAuzPkugs4z1G3O.FEqLfH8oZp3E9vNZdgT/Ga','active','en',NULL,0,0,NULL,'2018-06-11 16:46:10','2018-06-11 16:54:12',NULL,'iphone','',NULL),(166,'Ramji','ramji@gmail.com','$2y$10$V517xtxc5eshAMNSJN.I8eoYodBw.f93DN3Zre81Yai5K0/Ao6tGW','active','en',NULL,0,0,NULL,'2018-06-11 16:54:42','2018-06-19 01:52:39',NULL,'iphone','',NULL),(167,'Vraj Ptl','vrajptlqa1234@gmail.com','$2y$10$PmXgrHCgiCztZKuJcghUheV4ZtqkVavncaDT37Yfn4KxQ/z0GhF4W','active','en',NULL,1,0,NULL,'2018-06-14 14:23:24','2018-06-20 01:20:33',NULL,'iphone','19918c9caf4fbf8c26ed5ae08108fee1','Note\'s'),(168,'Krishna','krishna_citrusbug@gmail.com','$2y$10$3AxI4HaUE.xkSM16v6EUS.zelRjQPUQKckU8n3rrYXQJhCpH58Dge','active','en',NULL,0,0,NULL,'2018-06-25 05:43:51','2018-06-25 05:43:51',NULL,NULL,NULL,NULL),(169,'Jignesh','jignesh.citrusbug12@gmail.com','$2y$10$16kRyCLSIgIoDbPkCLuYNuxcB9Nh5gxVU//6GA.BtrheTpVe7.wHq','active','en',NULL,0,0,NULL,'2018-06-25 05:52:25','2018-06-25 05:59:26',NULL,'iphone','',NULL),(170,'krishna','krishna.citrusbug@gmail.com','$2y$10$C/1lWKsufduN2lYyW6blJ.tJt2Atymp7kr1zoZUKrjcMT4Q.GxqjC','active','en',NULL,0,0,'lBOsJeOSy9WyHVApLm8k1f5TvJiEN1lzqdAum1U1TBTNhajh3lRQ7ahVPOEo','2018-06-25 05:58:20','2018-06-25 12:43:14',NULL,'iphone','57d41e0854f2b94a8c788ac9e78edc4d',NULL);

/*Table structure for table `videos` */

DROP TABLE IF EXISTS `videos`;

CREATE TABLE `videos` (
  `id` int(10) unsigned NOT NULL AUTO_INCREMENT,
  `title` varchar(191) COLLATE utf8mb4_unicode_ci NOT NULL,
  `description` varchar(191) COLLATE utf8mb4_unicode_ci NOT NULL,
  `video_url` varchar(191) COLLATE utf8mb4_unicode_ci NOT NULL,
  `status` varchar(191) COLLATE utf8mb4_unicode_ci DEFAULT 'active',
  `deleted_at` timestamp NULL DEFAULT NULL,
  `created_by` date NOT NULL DEFAULT '2018-02-14',
  `created_at` timestamp NULL DEFAULT NULL,
  `updated_at` timestamp NULL DEFAULT NULL,
  `user_type` varchar(191) COLLATE utf8mb4_unicode_ci DEFAULT NULL,
  PRIMARY KEY (`id`)
) ENGINE=InnoDB AUTO_INCREMENT=37 DEFAULT CHARSET=utf8mb4 COLLATE=utf8mb4_unicode_ci;

/*Data for the table `videos` */

insert  into `videos`(`id`,`title`,`description`,`video_url`,`status`,`deleted_at`,`created_by`,`created_at`,`updated_at`,`user_type`) values (1,'fsdf','dfsd','15185904895a83da1972d96.jpg','active','2018-02-14 06:42:15','2018-02-14','2018-02-14 06:41:29','2018-02-14 06:42:15','admin'),(2,'fsdf','sdfsf','15186760735a852869ed96e.mp4','active','2018-02-15 11:33:08','2018-02-14','2018-02-14 07:00:02','2018-02-15 11:33:08','admin'),(3,'erer','rer','15185916105a83de7a52f36.jpg','active','2018-02-15 06:17:31','2018-02-14','2018-02-14 07:00:10','2018-02-15 06:17:31','admin'),(4,'twet','etwet','15186754645a852608cb12d.png','inactive','2018-02-15 06:32:17','2018-02-14','2018-02-15 06:17:44','2018-02-15 06:32:17','admin'),(5,'test titleq','test descrioptionwq','15191952015a8d1441c0f1d.jpg','active',NULL,'2018-02-14','2018-02-21 06:40:01','2018-02-21 06:40:01','employee'),(6,'test titleq','test descrioptionwq','15191952915a8d149b6820f.jpg','active',NULL,'2018-02-14','2018-02-21 06:41:31','2018-02-21 06:41:31','employee'),(7,'sdas','dasdas','15191955685a8d15b058e62.png','active','2018-05-08 17:48:28','2018-02-14','2018-02-21 06:46:08','2018-05-08 17:48:28','admin'),(8,'You Tube Videos','Tere bina nh ji skta','15193789845a8fe22863c51.xlsx','active','2018-05-08 17:48:26','2018-02-14','2018-02-23 09:43:04','2018-05-08 17:48:26','admin'),(9,'Song Videos','Test Song Videos','15193792435a8fe32bb9e1e.mp3','active','2018-05-08 17:48:24','2018-02-14','2018-02-23 09:47:23','2018-05-08 17:48:24','admin'),(10,'test titleq','test descrioptionwq','15194498955a90f727def3f.mp3','active',NULL,'2018-02-14','2018-02-24 05:24:55','2018-02-24 05:24:55','employee'),(11,'test titleq','test descrioptionwq','15196265505a93a93685f25.mp3','active',NULL,'2018-02-14','2018-02-26 06:29:10','2018-02-26 06:29:10','employee'),(12,'test titleq','test descrioptionwq','15196267795a93aa1b51510.mp3','active',NULL,'2018-02-14','2018-02-26 06:32:59','2018-02-26 06:32:59','employee'),(13,'test titleq','test descrioptionwq','15196267815a93aa1d02029.mp3','active',NULL,'2018-02-14','2018-02-26 06:33:01','2018-02-26 06:33:01','employee'),(14,'test titleq','test descrioptionwq','15196267885a93aa24c5ac8.mp3','active',NULL,'2018-02-14','2018-02-26 06:33:08','2018-02-26 06:33:08','employee'),(15,'test titleq','test descrioptionwq','15196270975a93ab5968348.mp3','active',NULL,'2018-02-14','2018-02-26 06:38:17','2018-02-26 06:38:17','employee'),(16,'test titleq','test descrioptionwq','15196500035a9404d35712c.mp3','active',NULL,'2018-02-14','2018-02-26 13:00:03','2018-02-26 13:00:03','employee'),(17,'test titleq','test descrioptionwq','15197370785a9558f62e1f6.mp3','active',NULL,'2018-02-14','2018-02-27 13:11:18','2018-02-27 13:11:18','employee'),(18,'Khushbu Video 1','Khushbu Video 1','15197371325a95592cd54ef.jpg','active','2018-05-08 17:48:21','2018-02-14','2018-02-27 13:12:12','2018-05-08 17:48:21','admin'),(19,'Govind_Test_Video','Hey man test it','15200321875a99d9bb03e78.mp4','active','2018-05-08 17:48:20','2018-02-14','2018-03-02 23:09:47','2018-05-08 17:48:20','admin'),(20,'Video','Video desc','15203656305a9ef03e605ac.mp4','active',NULL,'2018-02-14','2018-03-06 19:47:10','2018-03-06 19:47:10','employee'),(21,'Video','Video desc','15204467365aa02d1010c0e.mp4','active',NULL,'2018-02-14','2018-03-07 18:18:56','2018-03-07 18:18:56','employee'),(22,'Video','Video desc','15204486775aa034a505d04.mp4','active',NULL,'2018-02-14','2018-03-07 18:51:17','2018-03-07 18:51:17','employee'),(23,'Final Testing','This is about testing.','15204488485aa035503402a.mp4','active',NULL,'2018-02-14','2018-03-07 18:54:08','2018-03-07 18:54:08','employee'),(24,'pdf demo','y','15204514105aa03f52dd4c1.mp4','active',NULL,'2018-02-14','2018-03-07 19:36:50','2018-03-07 19:36:50','employee'),(25,'vDemo','hi','15204525955aa043f3a5725.mp4','active',NULL,'2018-02-14','2018-03-07 19:56:35','2018-03-07 19:56:35','employee'),(26,'Stacey test','Test','15206266405aa2ebd04d7c2.MOV','active','2018-05-08 17:48:17','2018-02-14','2018-03-09 20:17:20','2018-05-08 17:48:17','admin'),(27,'swqewqe','wewe','15214507655aaf7f0d04238.3gp','active','2018-05-08 17:48:15','2018-02-14','2018-03-19 09:12:45','2018-05-08 17:48:15','admin'),(28,'asdsa','sdasd','15217128085ab37ea864bd8.mp4','active','2018-05-08 17:48:13','2018-02-14','2018-03-22 09:45:52','2018-05-08 17:48:13','admin'),(29,'sadasd','sdasd','15217126015ab37dd944859.mp4','active','2018-05-08 17:48:10','2018-02-14','2018-03-22 09:56:41','2018-05-08 17:48:10','admin'),(30,'aaaaaa','aaaaa','15229438885ac64790400a6.mp4','active','2018-05-08 17:48:08','2018-02-14','2018-04-05 15:58:08','2018-05-08 17:48:08','admin'),(31,'bbbbb','bbbbbb','15229439535ac647d10b544.mp4','active','2018-05-08 17:48:06','2018-02-14','2018-04-05 15:59:13','2018-05-08 17:48:06','admin'),(32,'test titleq','test descrioptionwq','15236988565ad1cca840a46.jpg','active',NULL,'2018-02-14','2018-04-14 09:40:56','2018-04-14 09:40:56','employee'),(33,'test titleq','test descrioptionwq','15236988885ad1ccc864a19.jpg','active',NULL,'2018-02-14','2018-04-14 09:41:28','2018-04-14 09:41:28','employee'),(34,'BB','Hf','15238881675ad4b0272b635.mp4','active',NULL,'2018-02-14','2018-04-16 14:16:07','2018-04-16 14:16:07','employee'),(35,'test titleq','test descrioptionwq','15239718615ad5f715db134.jpg','active',NULL,'2018-02-14','2018-04-17 13:31:01','2018-04-17 13:31:01','employee'),(36,'test titleq','test descrioptionwq','15240524455ad731dd4b4e5.jpg','active',NULL,'2018-02-14','2018-04-18 11:54:05','2018-04-18 11:54:05','employee');

/*!40101 SET SQL_MODE=@OLD_SQL_MODE */;
/*!40014 SET FOREIGN_KEY_CHECKS=@OLD_FOREIGN_KEY_CHECKS */;
/*!40014 SET UNIQUE_CHECKS=@OLD_UNIQUE_CHECKS */;
/*!40111 SET SQL_NOTES=@OLD_SQL_NOTES */;
